event_id,event_timestamp,customer_id,product_id,event_type,device_type,session_minutes,referrer
EVT0000001,2026-05-31T19:39:00,CUST00308,P002,application_start,Mobile,35,Partner
EVT0000002,2025-03-31T18:04:00,CUST00495,P003,calculator_use,Tablet,25,Search
EVT0000003,2025-11-27T20:07:00,CUST00220,P004,page_view,Tablet,32,Partner
EVT0000004,2025-08-18T12:39:00,CUST00132,P003,application_start,Mobile,21,Direct
EVT0000005,2026-03-23T12:56:00,CUST00393,P003,page_view,Tablet,26,Partner
EVT0000006,2026-03-14T11:59:00,CUST00272,P005,page_view,Desktop,14,Email
EVT0000007,2025-07-08T08:53:00,CUST00378,P005,page_view,Mobile,13,Direct
EVT0000008,2026-08-13T15:41:00,CUST00044,P003,rate_check,Desktop,18,Search
EVT0000009,2025-10-15T20:34:00,CUST00065,P005,rate_check,Mobile,11,Partner
EVT0000010,2026-07-21T08:36:00,CUST00196,P004,document_upload,Mobile,28,Direct
EVT0000011,2026-06-03T08:17:00,CUST00489,P001,page_view,Desktop,13,Email
EVT0000012,2025-03-15T21:54:00,CUST00284,P001,calculator_use,Desktop,29,Search
EVT0000013,2026-02-13T14:47:00,CUST00192,P005,application_start,Desktop,23,Email
EVT0000014,2026-03-03T22:01:00,CUST00134,P003,calculator_use,Desktop,10,Partner
EVT0000015,2026-03-24T15:54:00,CUST00021,P005,calculator_use,Tablet,26,Search
EVT0000016,2025-02-19T18:21:00,CUST00254,P002,rate_check,Mobile,20,Social
EVT0000017,2025-04-20T17:44:00,CUST00294,P001,rate_check,Tablet,34,Email
EVT0000018,2025-06-07T20:32:00,CUST00210,P004,calculator_use,Tablet,3,Search
EVT0000019,2025-11-25T19:56:00,CUST00044,P003,rate_check,Tablet,16,Direct
EVT0000020,2026-04-10T13:55:00,CUST00345,P004,calculator_use,Tablet,9,Direct
EVT0000021,2026-01-31T10:26:00,CUST00469,P002,calculator_use,Desktop,24,Partner
EVT0000022,2025-10-01T12:47:00,CUST00245,P005,application_start,Desktop,29,Social
EVT0000023,2026-05-08T21:21:00,CUST00313,P001,page_view,Tablet,7,Social
EVT0000024,2026-04-13T15:23:00,CUST00259,P001,calculator_use,Desktop,10,Social
EVT0000025,2025-11-03T09:50:00,CUST00347,P003,calculator_use,Tablet,11,Email
EVT0000026,2026-03-16T22:17:00,CUST00106,P001,document_upload,Tablet,12,Social
EVT0000027,2026-06-14T20:41:00,CUST00389,P002,calculator_use,Tablet,31,Email
EVT0000028,2026-03-21T13:24:00,CUST00226,P004,calculator_use,Tablet,3,Partner
EVT0000029,2025-11-30T12:46:00,CUST00010,P003,document_upload,Mobile,14,Email
EVT0000030,2026-07-04T15:42:00,CUST00114,P004,application_start,Desktop,22,Partner
EVT0000031,2025-06-28T10:46:00,CUST00410,P005,page_view,Tablet,18,Social
EVT0000032,2026-05-14T14:44:00,CUST00440,P001,rate_check,Mobile,8,Email
EVT0000033,2026-08-31T15:29:00,CUST00108,P003,page_view,Desktop,4,Direct
EVT0000034,2025-09-16T15:29:00,CUST00064,P003,rate_check,Mobile,17,Search
EVT0000035,2025-09-26T19:34:00,CUST00340,P001,application_start,Desktop,12,Email
EVT0000036,2026-04-25T16:21:00,CUST00483,P003,application_start,Mobile,7,Search
EVT0000037,2026-05-15T12:06:00,CUST00176,P003,application_start,Tablet,22,Email
EVT0000038,2026-09-27T18:20:00,CUST00240,P002,rate_check,Desktop,10,Social
EVT0000039,2025-12-24T16:01:00,CUST00188,P003,document_upload,Mobile,32,Social
EVT0000040,2026-01-06T22:32:00,CUST00155,P004,page_view,Tablet,27,Partner
EVT0000041,2026-06-28T20:58:00,CUST00023,P002,calculator_use,Tablet,8,Search
EVT0000042,2025-09-02T11:47:00,CUST00211,P002,calculator_use,Mobile,1,Email
EVT0000043,2025-04-15T12:25:00,CUST00010,P004,document_upload,Mobile,7,Email
EVT0000044,2026-08-28T15:46:00,CUST00374,P004,rate_check,Mobile,8,Social
EVT0000045,2026-08-09T13:02:00,CUST00179,P003,document_upload,Tablet,14,Partner
EVT0000046,2026-01-17T19:49:00,CUST00481,P003,application_start,Desktop,8,Partner
EVT0000047,2026-09-16T21:24:00,CUST00014,P002,page_view,Desktop,5,Partner
EVT0000048,2025-02-01T18:54:00,CUST00179,P005,page_view,Desktop,29,Direct
EVT0000049,2026-04-17T17:50:00,CUST00482,P004,calculator_use,Tablet,3,Partner
EVT0000050,2026-09-04T10:33:00,CUST00279,P004,calculator_use,Mobile,7,Partner
EVT0000051,2025-04-23T19:51:00,CUST00463,P002,calculator_use,Tablet,16,Social
EVT0000052,2026-03-11T15:25:00,CUST00395,P005,rate_check,Mobile,13,Partner
EVT0000053,2026-01-12T22:43:00,CUST00250,P002,calculator_use,Tablet,34,Social
EVT0000054,2026-05-16T08:29:00,CUST00209,P001,rate_check,Desktop,35,Social
EVT0000055,2025-03-29T11:14:00,CUST00110,P003,calculator_use,Desktop,13,Social
EVT0000056,2025-10-06T11:03:00,CUST00004,P001,document_upload,Mobile,20,Search
EVT0000057,2026-09-22T11:27:00,CUST00253,P003,application_start,Tablet,15,Email
EVT0000058,2026-02-28T15:49:00,CUST00246,P005,page_view,Tablet,18,Social
EVT0000059,2025-07-20T19:49:00,CUST00494,P001,page_view,Tablet,4,Partner
EVT0000060,2026-01-08T20:40:00,CUST00345,P002,application_start,Mobile,36,Search
EVT0000061,2026-06-10T10:54:00,CUST00200,P001,calculator_use,Desktop,27,Search
EVT0000062,2026-08-29T12:45:00,CUST00460,P004,page_view,Desktop,33,Social
EVT0000063,2026-08-21T09:05:00,CUST00200,P004,rate_check,Tablet,9,Search
EVT0000064,2025-03-19T12:40:00,CUST00408,P002,rate_check,Mobile,11,Partner
EVT0000065,2026-08-23T15:50:00,CUST00043,P001,document_upload,Tablet,10,Email
EVT0000066,2025-11-10T14:48:00,CUST00415,P005,calculator_use,Mobile,17,Email
EVT0000067,2025-08-08T10:23:00,CUST00194,P003,calculator_use,Mobile,19,Direct
EVT0000068,2025-04-10T20:49:00,CUST00057,P005,document_upload,Tablet,22,Direct
EVT0000069,2026-04-06T11:32:00,CUST00110,P004,page_view,Tablet,22,Search
EVT0000070,2026-07-20T21:41:00,CUST00030,P002,document_upload,Desktop,14,Partner
EVT0000071,2026-06-10T12:49:00,CUST00429,P004,page_view,Tablet,18,Partner
EVT0000072,2025-09-24T14:42:00,CUST00481,P001,rate_check,Desktop,2,Direct
EVT0000073,2025-09-07T11:15:00,CUST00134,P005,calculator_use,Mobile,4,Direct
EVT0000074,2026-03-30T10:34:00,CUST00057,P002,rate_check,Mobile,1,Search
EVT0000075,2026-05-09T22:49:00,CUST00001,P005,application_start,Mobile,30,Partner
EVT0000076,2025-01-11T14:42:00,CUST00024,P005,application_start,Mobile,7,Social
EVT0000077,2026-01-22T10:47:00,CUST00122,P004,document_upload,Mobile,1,Partner
EVT0000078,2025-03-09T18:26:00,CUST00216,P004,rate_check,Desktop,32,Search
EVT0000079,2026-07-13T16:54:00,CUST00022,P003,document_upload,Mobile,36,Direct
EVT0000080,2025-04-16T16:24:00,CUST00337,P003,document_upload,Desktop,3,Search
EVT0000081,2026-02-01T21:19:00,CUST00454,P002,calculator_use,Mobile,17,Social
EVT0000082,2025-11-02T09:37:00,CUST00220,P004,document_upload,Desktop,26,Direct
EVT0000083,2026-09-16T18:01:00,CUST00166,P002,application_start,Mobile,3,Social
EVT0000084,2025-01-16T11:19:00,CUST00369,P004,rate_check,Mobile,8,Social
EVT0000085,2025-05-07T16:04:00,CUST00231,P001,calculator_use,Tablet,7,Search
EVT0000086,2025-05-26T17:25:00,CUST00204,P005,application_start,Desktop,30,Email
EVT0000087,2025-12-07T22:15:00,CUST00090,P001,page_view,Tablet,16,Partner
EVT0000088,2025-12-16T10:25:00,CUST00374,P002,page_view,Desktop,12,Direct
EVT0000089,2025-01-26T16:45:00,CUST00217,P005,document_upload,Mobile,24,Email
EVT0000090,2025-05-25T21:53:00,CUST00264,P001,document_upload,Desktop,13,Email
EVT0000091,2026-05-31T21:19:00,CUST00280,P002,rate_check,Tablet,6,Direct
EVT0000092,2026-04-05T11:56:00,CUST00210,P003,calculator_use,Desktop,31,Email
EVT0000093,2026-01-22T17:13:00,CUST00174,P003,calculator_use,Desktop,2,Search
EVT0000094,2025-11-08T08:58:00,CUST00377,P001,page_view,Desktop,35,Search
EVT0000095,2026-08-09T13:23:00,CUST00097,P001,document_upload,Tablet,31,Social
EVT0000096,2025-08-14T13:51:00,CUST00297,P001,document_upload,Mobile,7,Partner
EVT0000097,2025-03-25T21:31:00,CUST00476,P004,page_view,Desktop,3,Email
EVT0000098,2026-04-08T22:03:00,CUST00211,P005,document_upload,Mobile,5,Search
EVT0000099,2025-01-05T13:05:00,CUST00130,P004,application_start,Mobile,35,Search
EVT0000100,2026-08-28T13:13:00,CUST00390,P005,rate_check,Mobile,25,Social
EVT0000101,2026-07-25T15:48:00,CUST00133,P001,application_start,Mobile,30,Partner
EVT0000102,2025-01-10T14:17:00,CUST00440,P001,rate_check,Mobile,21,Social
EVT0000103,2025-08-27T21:05:00,CUST00410,P004,application_start,Desktop,3,Search
EVT0000104,2025-09-28T17:50:00,CUST00116,P002,application_start,Tablet,29,Email
EVT0000105,2025-09-28T21:21:00,CUST00468,P004,page_view,Desktop,20,Social
EVT0000106,2025-02-14T17:19:00,CUST00144,P005,application_start,Tablet,14,Direct
EVT0000107,2025-12-19T14:01:00,CUST00278,P001,calculator_use,Mobile,11,Partner
EVT0000108,2026-09-01T20:54:00,CUST00027,P004,document_upload,Mobile,20,Partner
EVT0000109,2025-04-18T09:03:00,CUST00212,P001,application_start,Tablet,31,Partner
EVT0000110,2026-01-06T12:43:00,CUST00158,P004,calculator_use,Mobile,22,Partner
EVT0000111,2026-08-02T20:29:00,CUST00077,P005,rate_check,Desktop,25,Social
EVT0000112,2026-06-04T13:17:00,CUST00108,P003,page_view,Desktop,1,Social
EVT0000113,2026-01-25T16:54:00,CUST00260,P003,calculator_use,Tablet,27,Direct
EVT0000114,2026-01-24T19:37:00,CUST00432,P004,document_upload,Desktop,27,Direct
EVT0000115,2025-05-16T22:26:00,CUST00112,P005,document_upload,Mobile,3,Social
EVT0000116,2026-03-28T22:29:00,CUST00393,P004,application_start,Tablet,24,Partner
EVT0000117,2026-08-07T17:57:00,CUST00021,P002,application_start,Desktop,25,Search
EVT0000118,2026-08-27T10:56:00,CUST00255,P004,application_start,Desktop,6,Direct
EVT0000119,2025-09-02T13:07:00,CUST00485,P004,rate_check,Tablet,27,Search
EVT0000120,2026-02-21T16:57:00,CUST00096,P001,rate_check,Mobile,13,Search
EVT0000121,2025-09-05T08:50:00,CUST00119,P002,rate_check,Desktop,15,Email
EVT0000122,2025-01-24T20:25:00,CUST00144,P004,page_view,Mobile,17,Search
EVT0000123,2026-02-13T17:22:00,CUST00349,P001,rate_check,Desktop,22,Partner
EVT0000124,2025-11-27T20:08:00,CUST00276,P004,document_upload,Mobile,6,Search
EVT0000125,2025-09-06T15:45:00,CUST00259,P003,page_view,Desktop,25,Email
EVT0000126,2026-07-24T13:18:00,CUST00130,P005,document_upload,Mobile,22,Search
EVT0000127,2026-08-16T18:48:00,CUST00055,P001,document_upload,Desktop,17,Search
EVT0000128,2025-11-15T22:09:00,CUST00186,P003,document_upload,Desktop,21,Search
EVT0000129,2026-02-25T20:19:00,CUST00499,P004,rate_check,Mobile,22,Direct
EVT0000130,2026-03-11T16:33:00,CUST00246,P005,application_start,Tablet,26,Direct
EVT0000131,2025-02-13T11:46:00,CUST00348,P002,document_upload,Desktop,11,Direct
EVT0000132,2026-05-08T08:57:00,CUST00128,P001,page_view,Tablet,21,Social
EVT0000133,2025-08-02T17:49:00,CUST00206,P004,document_upload,Tablet,9,Social
EVT0000134,2026-08-03T16:49:00,CUST00416,P004,application_start,Desktop,34,Partner
EVT0000135,2025-09-15T20:10:00,CUST00104,P001,calculator_use,Tablet,24,Partner
EVT0000136,2025-04-26T15:58:00,CUST00089,P005,document_upload,Mobile,20,Email
EVT0000137,2025-01-09T11:12:00,CUST00059,P004,rate_check,Tablet,36,Social
EVT0000138,2025-01-05T08:20:00,CUST00004,P004,page_view,Tablet,3,Search
EVT0000139,2025-11-16T13:43:00,CUST00270,P004,page_view,Desktop,2,Search
EVT0000140,2025-01-04T09:46:00,CUST00349,P002,application_start,Mobile,20,Email
EVT0000141,2025-03-10T14:17:00,CUST00485,P003,document_upload,Mobile,9,Direct
EVT0000142,2026-02-20T14:08:00,CUST00029,P003,application_start,Mobile,2,Direct
EVT0000143,2026-02-20T18:43:00,CUST00183,P002,document_upload,Mobile,17,Email
EVT0000144,2025-08-24T21:46:00,CUST00088,P001,application_start,Desktop,31,Social
EVT0000145,2025-10-27T19:34:00,CUST00466,P003,rate_check,Desktop,1,Social
EVT0000146,2026-06-04T15:09:00,CUST00496,P003,rate_check,Tablet,36,Search
EVT0000147,2025-01-11T14:03:00,CUST00204,P005,page_view,Mobile,22,Partner
EVT0000148,2025-08-23T10:25:00,CUST00305,P002,application_start,Desktop,18,Social
EVT0000149,2025-04-13T17:40:00,CUST00176,P005,application_start,Desktop,7,Email
EVT0000150,2026-08-03T14:31:00,CUST00023,P001,document_upload,Mobile,9,Direct
EVT0000151,2025-12-25T09:36:00,CUST00317,P002,rate_check,Desktop,8,Social
EVT0000152,2025-12-28T10:15:00,CUST00080,P005,rate_check,Tablet,10,Social
EVT0000153,2025-10-03T17:41:00,CUST00231,P001,rate_check,Mobile,22,Social
EVT0000154,2025-04-16T13:34:00,CUST00083,P005,calculator_use,Mobile,8,Direct
EVT0000155,2026-09-11T18:28:00,CUST00220,P002,page_view,Mobile,11,Direct
EVT0000156,2025-12-09T21:59:00,CUST00463,P004,application_start,Mobile,8,Email
EVT0000157,2025-11-03T16:51:00,CUST00469,P002,application_start,Desktop,27,Search
EVT0000158,2025-12-21T17:05:00,CUST00198,P002,document_upload,Tablet,16,Direct
EVT0000159,2026-08-12T20:58:00,CUST00092,P003,application_start,Tablet,29,Search
EVT0000160,2026-04-18T15:10:00,CUST00389,P004,calculator_use,Mobile,13,Email
EVT0000161,2025-11-08T17:57:00,CUST00102,P003,application_start,Tablet,32,Search
EVT0000162,2026-01-06T15:07:00,CUST00310,P004,calculator_use,Mobile,20,Search
EVT0000163,2025-02-14T21:10:00,CUST00458,P005,document_upload,Tablet,4,Search
EVT0000164,2025-01-20T18:18:00,CUST00139,P005,rate_check,Mobile,31,Social
EVT0000165,2025-02-21T18:01:00,CUST00443,P004,page_view,Tablet,19,Direct
EVT0000166,2026-03-06T19:22:00,CUST00308,P001,application_start,Desktop,31,Partner
EVT0000167,2025-06-21T14:24:00,CUST00066,P003,rate_check,Desktop,24,Email
EVT0000168,2025-02-03T11:26:00,CUST00305,P002,document_upload,Desktop,4,Social
EVT0000169,2025-10-02T22:53:00,CUST00390,P001,page_view,Desktop,22,Search
EVT0000170,2025-04-22T19:07:00,CUST00239,P002,application_start,Desktop,12,Partner
EVT0000171,2025-09-22T15:55:00,CUST00160,P001,calculator_use,Mobile,1,Direct
EVT0000172,2026-06-19T12:08:00,CUST00325,P001,document_upload,Desktop,14,Email
EVT0000173,2025-10-07T15:51:00,CUST00313,P005,calculator_use,Desktop,11,Social
EVT0000174,2025-11-27T17:26:00,CUST00276,P002,application_start,Tablet,31,Partner
EVT0000175,2025-12-28T11:55:00,CUST00409,P001,document_upload,Desktop,11,Search
EVT0000176,2025-11-05T15:46:00,CUST00221,P002,rate_check,Mobile,21,Direct
EVT0000177,2025-05-27T17:36:00,CUST00022,P002,page_view,Tablet,3,Direct
EVT0000178,2026-04-10T14:04:00,CUST00222,P003,calculator_use,Mobile,10,Partner
EVT0000179,2025-09-13T21:47:00,CUST00258,P004,calculator_use,Mobile,17,Direct
EVT0000180,2025-06-30T18:15:00,CUST00366,P003,page_view,Mobile,32,Social
EVT0000181,2026-03-20T15:23:00,CUST00074,P001,calculator_use,Tablet,15,Social
EVT0000182,2025-08-25T18:36:00,CUST00101,P003,application_start,Tablet,2,Email
EVT0000183,2026-08-28T21:11:00,CUST00164,P002,calculator_use,Desktop,33,Partner
EVT0000184,2025-12-09T15:12:00,CUST00286,P002,rate_check,Tablet,7,Search
EVT0000185,2026-05-08T11:17:00,CUST00127,P001,calculator_use,Desktop,14,Direct
EVT0000186,2026-03-10T12:06:00,CUST00093,P002,rate_check,Desktop,19,Partner
EVT0000187,2025-01-23T18:36:00,CUST00478,P003,document_upload,Mobile,13,Partner
EVT0000188,2025-09-05T11:22:00,CUST00081,P001,page_view,Mobile,5,Partner
EVT0000189,2025-09-12T21:08:00,CUST00025,P002,calculator_use,Desktop,2,Partner
EVT0000190,2026-01-10T13:20:00,CUST00363,P001,document_upload,Mobile,4,Social
EVT0000191,2025-02-23T12:09:00,CUST00490,P003,rate_check,Tablet,20,Email
EVT0000192,2025-03-14T09:37:00,CUST00202,P003,document_upload,Desktop,24,Email
EVT0000193,2025-05-15T13:14:00,CUST00439,P001,document_upload,Desktop,32,Social
EVT0000194,2025-04-04T21:15:00,CUST00039,P005,calculator_use,Desktop,23,Search
EVT0000195,2026-09-18T12:59:00,CUST00374,P003,page_view,Tablet,31,Direct
EVT0000196,2025-11-18T13:31:00,CUST00171,P004,page_view,Mobile,28,Search
EVT0000197,2025-05-15T12:26:00,CUST00089,P005,rate_check,Desktop,28,Direct
EVT0000198,2025-05-18T21:54:00,CUST00382,P004,page_view,Tablet,35,Email
EVT0000199,2025-09-01T13:08:00,CUST00457,P004,page_view,Desktop,30,Partner
EVT0000200,2025-11-17T08:18:00,CUST00482,P001,rate_check,Desktop,21,Social
EVT0000201,2026-05-28T20:22:00,CUST00288,P004,application_start,Tablet,29,Partner
EVT0000202,2025-11-10T11:43:00,CUST00450,P001,rate_check,Tablet,28,Direct
EVT0000203,2025-02-13T19:48:00,CUST00468,P005,document_upload,Desktop,7,Direct
EVT0000204,2026-03-04T19:06:00,CUST00041,P003,page_view,Tablet,14,Social
EVT0000205,2026-06-10T16:32:00,CUST00077,P004,document_upload,Desktop,35,Social
EVT0000206,2025-10-15T20:57:00,CUST00107,P001,application_start,Tablet,8,Partner
EVT0000207,2026-07-23T16:07:00,CUST00481,P002,application_start,Tablet,31,Social
EVT0000208,2025-04-01T16:52:00,CUST00376,P003,calculator_use,Mobile,3,Email
EVT0000209,2026-08-29T14:21:00,CUST00322,P001,application_start,Tablet,35,Search
EVT0000210,2025-06-30T16:02:00,CUST00195,P004,page_view,Mobile,10,Partner
EVT0000211,2026-07-22T09:43:00,CUST00081,P001,calculator_use,Mobile,10,Search
EVT0000212,2025-12-27T14:18:00,CUST00235,P002,page_view,Mobile,34,Search
EVT0000213,2026-07-01T11:03:00,CUST00373,P001,application_start,Tablet,29,Social
EVT0000214,2026-08-22T18:36:00,CUST00390,P005,calculator_use,Desktop,17,Email
EVT0000215,2026-07-16T11:26:00,CUST00146,P005,application_start,Desktop,17,Partner
EVT0000216,2026-08-01T08:27:00,CUST00247,P003,application_start,Tablet,33,Partner
EVT0000217,2025-03-12T21:35:00,CUST00231,P003,calculator_use,Mobile,7,Direct
EVT0000218,2025-12-29T14:02:00,CUST00218,P003,calculator_use,Tablet,24,Partner
EVT0000219,2025-09-12T22:48:00,CUST00107,P003,page_view,Tablet,4,Partner
EVT0000220,2025-05-31T08:46:00,CUST00108,P005,page_view,Desktop,23,Social
EVT0000221,2026-03-15T13:48:00,CUST00428,P003,rate_check,Desktop,31,Partner
EVT0000222,2025-01-19T18:12:00,CUST00247,P002,page_view,Mobile,32,Social
EVT0000223,2026-08-30T20:10:00,CUST00247,P001,application_start,Desktop,24,Email
EVT0000224,2025-06-07T08:54:00,CUST00281,P004,page_view,Desktop,17,Direct
EVT0000225,2025-10-25T13:20:00,CUST00071,P003,page_view,Tablet,4,Email
EVT0000226,2025-02-02T16:47:00,CUST00152,P005,page_view,Tablet,36,Search
EVT0000227,2026-02-16T18:29:00,CUST00291,P004,rate_check,Tablet,33,Partner
EVT0000228,2026-01-22T09:25:00,CUST00070,P003,rate_check,Desktop,13,Email
EVT0000229,2025-08-14T20:42:00,CUST00128,P005,page_view,Desktop,2,Social
EVT0000230,2025-08-17T13:10:00,CUST00041,P003,document_upload,Mobile,15,Direct
EVT0000231,2025-04-19T15:36:00,CUST00252,P003,document_upload,Tablet,27,Email
EVT0000232,2026-02-01T10:32:00,CUST00139,P004,document_upload,Mobile,13,Email
EVT0000233,2026-09-13T20:24:00,CUST00052,P005,rate_check,Desktop,22,Search
EVT0000234,2026-02-18T08:00:00,CUST00232,P003,rate_check,Desktop,16,Direct
EVT0000235,2025-10-21T08:23:00,CUST00067,P002,application_start,Tablet,30,Partner
EVT0000236,2025-07-08T13:05:00,CUST00437,P001,calculator_use,Tablet,3,Email
EVT0000237,2025-06-19T20:55:00,CUST00053,P005,document_upload,Desktop,22,Direct
EVT0000238,2026-03-18T08:45:00,CUST00212,P004,document_upload,Desktop,12,Search
EVT0000239,2026-05-15T16:35:00,CUST00297,P002,calculator_use,Mobile,32,Social
EVT0000240,2026-07-25T14:51:00,CUST00018,P005,rate_check,Mobile,6,Email
EVT0000241,2026-02-05T17:20:00,CUST00072,P004,document_upload,Mobile,20,Email
EVT0000242,2025-05-29T10:51:00,CUST00080,P001,calculator_use,Tablet,36,Search
EVT0000243,2026-07-12T21:25:00,CUST00129,P005,rate_check,Tablet,5,Search
EVT0000244,2025-08-29T15:04:00,CUST00445,P004,calculator_use,Mobile,3,Search
EVT0000245,2025-04-23T22:34:00,CUST00483,P001,page_view,Tablet,10,Partner
EVT0000246,2026-08-25T20:07:00,CUST00348,P004,calculator_use,Desktop,16,Social
EVT0000247,2026-01-28T09:01:00,CUST00210,P001,calculator_use,Mobile,6,Social
EVT0000248,2025-04-15T21:37:00,CUST00291,P001,document_upload,Desktop,21,Partner
EVT0000249,2025-05-27T22:19:00,CUST00490,P005,application_start,Mobile,36,Social
EVT0000250,2025-10-24T09:02:00,CUST00343,P002,rate_check,Mobile,6,Email
EVT0000251,2025-03-13T16:06:00,CUST00048,P002,page_view,Tablet,7,Email
EVT0000252,2025-03-29T19:45:00,CUST00005,P003,rate_check,Desktop,21,Direct
EVT0000253,2025-01-03T12:19:00,CUST00228,P005,application_start,Desktop,33,Email
EVT0000254,2026-08-10T19:17:00,CUST00213,P001,page_view,Mobile,30,Direct
EVT0000255,2026-04-15T16:13:00,CUST00152,P005,page_view,Desktop,13,Direct
EVT0000256,2026-02-04T12:20:00,CUST00135,P003,application_start,Desktop,10,Partner
EVT0000257,2026-09-07T12:50:00,CUST00168,P004,page_view,Mobile,18,Direct
EVT0000258,2026-04-06T12:16:00,CUST00114,P002,document_upload,Tablet,34,Partner
EVT0000259,2025-08-24T11:38:00,CUST00002,P005,page_view,Tablet,15,Partner
EVT0000260,2025-10-23T09:11:00,CUST00383,P005,application_start,Mobile,5,Direct
EVT0000261,2025-01-18T11:10:00,CUST00427,P004,application_start,Mobile,23,Search
EVT0000262,2026-07-24T08:22:00,CUST00482,P001,application_start,Mobile,16,Direct
EVT0000263,2025-03-25T08:34:00,CUST00351,P001,document_upload,Mobile,22,Email
EVT0000264,2025-06-19T13:14:00,CUST00209,P001,application_start,Desktop,25,Email
EVT0000265,2025-10-15T15:18:00,CUST00011,P001,document_upload,Mobile,30,Social
EVT0000266,2026-01-23T20:40:00,CUST00154,P005,document_upload,Tablet,18,Social
EVT0000267,2025-03-13T15:00:00,CUST00130,P005,rate_check,Mobile,7,Direct
EVT0000268,2026-04-25T08:48:00,CUST00028,P004,page_view,Mobile,32,Search
EVT0000269,2025-11-17T17:58:00,CUST00335,P004,calculator_use,Tablet,13,Search
EVT0000270,2026-03-31T16:06:00,CUST00418,P001,page_view,Desktop,29,Direct
EVT0000271,2025-02-23T08:17:00,CUST00294,P004,document_upload,Desktop,11,Direct
EVT0000272,2025-10-28T09:51:00,CUST00138,P003,calculator_use,Mobile,28,Partner
EVT0000273,2025-08-26T11:42:00,CUST00144,P002,document_upload,Mobile,27,Email
EVT0000274,2025-08-23T17:06:00,CUST00192,P002,application_start,Tablet,2,Search
EVT0000275,2026-01-04T11:58:00,CUST00373,P002,page_view,Desktop,20,Social
EVT0000276,2026-08-21T10:24:00,CUST00356,P005,application_start,Mobile,14,Partner
EVT0000277,2026-09-21T15:41:00,CUST00368,P001,application_start,Desktop,7,Partner
EVT0000278,2025-11-07T20:27:00,CUST00111,P005,rate_check,Mobile,33,Partner
EVT0000279,2025-07-20T20:47:00,CUST00368,P002,document_upload,Mobile,34,Partner
EVT0000280,2025-09-07T21:39:00,CUST00440,P003,rate_check,Mobile,25,Social
EVT0000281,2025-09-25T19:05:00,CUST00233,P001,rate_check,Mobile,13,Direct
EVT0000282,2026-09-16T14:28:00,CUST00459,P004,page_view,Mobile,1,Email
EVT0000283,2025-04-14T15:55:00,CUST00187,P005,rate_check,Mobile,30,Social
EVT0000284,2025-05-05T14:08:00,CUST00065,P001,calculator_use,Desktop,26,Social
EVT0000285,2025-07-12T22:56:00,CUST00286,P005,calculator_use,Mobile,26,Email
EVT0000286,2026-08-30T16:44:00,CUST00206,P002,document_upload,Mobile,1,Direct
EVT0000287,2025-12-02T13:31:00,CUST00481,P003,page_view,Desktop,16,Email
EVT0000288,2026-05-02T19:53:00,CUST00339,P002,page_view,Tablet,35,Partner
EVT0000289,2025-06-04T13:20:00,CUST00204,P005,rate_check,Tablet,4,Email
EVT0000290,2025-06-27T14:03:00,CUST00013,P005,page_view,Desktop,6,Direct
EVT0000291,2025-03-27T21:20:00,CUST00342,P001,application_start,Desktop,27,Direct
EVT0000292,2026-04-16T11:35:00,CUST00434,P005,calculator_use,Mobile,33,Direct
EVT0000293,2025-08-25T08:03:00,CUST00072,P001,document_upload,Tablet,9,Search
EVT0000294,2026-01-20T21:36:00,CUST00272,P003,document_upload,Desktop,36,Partner
EVT0000295,2025-07-21T18:59:00,CUST00245,P002,rate_check,Desktop,4,Email
EVT0000296,2026-06-26T09:31:00,CUST00341,P003,application_start,Tablet,16,Partner
EVT0000297,2025-11-21T19:26:00,CUST00439,P003,page_view,Tablet,9,Search
EVT0000298,2026-07-15T10:56:00,CUST00037,P005,rate_check,Desktop,27,Search
EVT0000299,2026-06-23T19:25:00,CUST00385,P001,calculator_use,Desktop,31,Partner
EVT0000300,2025-01-30T10:12:00,CUST00033,P002,application_start,Mobile,8,Partner
EVT0000301,2026-03-10T16:12:00,CUST00312,P002,calculator_use,Tablet,5,Partner
EVT0000302,2026-03-21T12:00:00,CUST00434,P004,rate_check,Desktop,15,Social
EVT0000303,2026-08-09T19:14:00,CUST00342,P001,rate_check,Mobile,9,Social
EVT0000304,2026-04-11T22:06:00,CUST00077,P004,rate_check,Mobile,16,Partner
EVT0000305,2026-09-12T21:39:00,CUST00299,P003,document_upload,Mobile,11,Search
EVT0000306,2026-09-22T14:48:00,CUST00161,P002,calculator_use,Mobile,20,Social
EVT0000307,2026-03-16T20:45:00,CUST00143,P002,document_upload,Mobile,33,Direct
EVT0000308,2025-03-18T12:50:00,CUST00447,P001,rate_check,Desktop,3,Partner
EVT0000309,2026-09-12T19:33:00,CUST00132,P001,page_view,Mobile,36,Partner
EVT0000310,2025-12-08T13:44:00,CUST00246,P001,calculator_use,Tablet,4,Partner
EVT0000311,2026-05-09T16:30:00,CUST00358,P002,document_upload,Desktop,11,Email
EVT0000312,2025-06-05T08:45:00,CUST00296,P001,calculator_use,Mobile,16,Partner
EVT0000313,2026-02-27T10:56:00,CUST00087,P001,application_start,Mobile,2,Search
EVT0000314,2025-11-28T16:19:00,CUST00075,P002,page_view,Tablet,1,Search
EVT0000315,2025-12-19T18:39:00,CUST00319,P003,document_upload,Tablet,32,Partner
EVT0000316,2026-04-12T22:50:00,CUST00395,P002,document_upload,Desktop,23,Partner
EVT0000317,2025-11-20T20:22:00,CUST00437,P005,page_view,Tablet,10,Email
EVT0000318,2025-10-03T18:05:00,CUST00369,P004,page_view,Desktop,31,Search
EVT0000319,2025-01-13T11:45:00,CUST00201,P004,document_upload,Mobile,10,Email
EVT0000320,2026-03-18T09:06:00,CUST00202,P004,rate_check,Mobile,36,Email
EVT0000321,2025-07-30T11:01:00,CUST00374,P002,page_view,Tablet,3,Email
EVT0000322,2025-02-02T19:32:00,CUST00204,P002,rate_check,Tablet,11,Email
EVT0000323,2025-05-23T16:29:00,CUST00327,P005,rate_check,Desktop,8,Direct
EVT0000324,2026-06-19T16:12:00,CUST00455,P004,page_view,Desktop,29,Search
EVT0000325,2025-12-28T20:58:00,CUST00367,P004,calculator_use,Tablet,23,Search
EVT0000326,2026-04-29T10:00:00,CUST00095,P001,page_view,Tablet,29,Direct
EVT0000327,2025-05-22T16:30:00,CUST00282,P003,calculator_use,Tablet,5,Partner
EVT0000328,2026-05-17T17:44:00,CUST00350,P002,application_start,Desktop,26,Email
EVT0000329,2025-12-02T13:21:00,CUST00034,P002,page_view,Tablet,2,Direct
EVT0000330,2025-03-24T08:32:00,CUST00490,P003,page_view,Tablet,20,Social
EVT0000331,2025-05-12T10:27:00,CUST00394,P003,rate_check,Desktop,4,Direct
EVT0000332,2025-01-11T15:08:00,CUST00108,P004,rate_check,Desktop,21,Direct
EVT0000333,2025-08-25T08:45:00,CUST00079,P005,rate_check,Tablet,18,Search
EVT0000334,2025-07-22T15:21:00,CUST00450,P003,rate_check,Tablet,8,Partner
EVT0000335,2025-05-25T21:35:00,CUST00393,P005,page_view,Tablet,8,Partner
EVT0000336,2025-08-15T09:27:00,CUST00364,P004,application_start,Tablet,25,Social
EVT0000337,2025-01-10T11:13:00,CUST00242,P003,page_view,Mobile,24,Email
EVT0000338,2025-03-07T08:24:00,CUST00466,P003,page_view,Mobile,26,Email
EVT0000339,2025-01-05T08:43:00,CUST00298,P004,document_upload,Mobile,19,Email
EVT0000340,2025-04-13T13:46:00,CUST00283,P001,page_view,Mobile,27,Email
EVT0000341,2026-02-27T21:44:00,CUST00074,P005,rate_check,Tablet,1,Social
EVT0000342,2025-04-09T09:22:00,CUST00067,P003,page_view,Mobile,2,Social
EVT0000343,2026-09-23T17:45:00,CUST00494,P004,application_start,Desktop,13,Direct
EVT0000344,2025-12-06T13:10:00,CUST00169,P002,rate_check,Tablet,11,Search
EVT0000345,2025-02-19T13:32:00,CUST00339,P005,document_upload,Desktop,30,Partner
EVT0000346,2025-08-29T13:58:00,CUST00326,P003,calculator_use,Tablet,4,Email
EVT0000347,2025-06-28T13:47:00,CUST00255,P004,rate_check,Tablet,24,Direct
EVT0000348,2025-03-31T09:58:00,CUST00396,P001,calculator_use,Desktop,21,Email
EVT0000349,2025-07-05T15:28:00,CUST00260,P004,document_upload,Tablet,35,Search
EVT0000350,2025-08-15T09:28:00,CUST00206,P001,calculator_use,Tablet,2,Search
EVT0000351,2026-01-03T20:57:00,CUST00011,P003,document_upload,Tablet,1,Social
EVT0000352,2026-07-11T14:04:00,CUST00242,P001,calculator_use,Desktop,12,Social
EVT0000353,2026-01-12T19:21:00,CUST00458,P002,calculator_use,Tablet,24,Social
EVT0000354,2025-02-16T13:47:00,CUST00451,P002,calculator_use,Tablet,27,Partner
EVT0000355,2026-05-23T17:38:00,CUST00165,P004,page_view,Desktop,13,Partner
EVT0000356,2025-08-17T08:45:00,CUST00304,P005,calculator_use,Mobile,30,Partner
EVT0000357,2026-03-29T21:16:00,CUST00498,P002,calculator_use,Tablet,7,Direct
EVT0000358,2026-07-17T17:57:00,CUST00200,P001,calculator_use,Tablet,30,Direct
EVT0000359,2025-12-23T18:59:00,CUST00409,P001,rate_check,Desktop,8,Search
EVT0000360,2026-06-19T17:49:00,CUST00104,P004,application_start,Desktop,1,Social
EVT0000361,2026-04-15T14:43:00,CUST00101,P003,page_view,Desktop,33,Social
EVT0000362,2026-08-24T17:46:00,CUST00455,P005,rate_check,Desktop,32,Email
EVT0000363,2025-04-30T19:15:00,CUST00200,P001,document_upload,Tablet,31,Social
EVT0000364,2025-05-10T15:06:00,CUST00453,P005,calculator_use,Tablet,26,Direct
EVT0000365,2025-08-05T16:43:00,CUST00468,P002,application_start,Tablet,35,Social
EVT0000366,2025-05-30T16:23:00,CUST00347,P003,document_upload,Tablet,33,Partner
EVT0000367,2026-07-14T20:49:00,CUST00263,P001,calculator_use,Desktop,30,Partner
EVT0000368,2025-02-22T19:58:00,CUST00357,P002,document_upload,Desktop,1,Partner
EVT0000369,2026-08-25T12:39:00,CUST00122,P004,document_upload,Tablet,20,Email
EVT0000370,2025-09-16T21:51:00,CUST00161,P004,calculator_use,Mobile,8,Direct
EVT0000371,2026-08-19T22:53:00,CUST00232,P004,rate_check,Tablet,28,Search
EVT0000372,2025-10-19T18:14:00,CUST00198,P003,calculator_use,Mobile,23,Social
EVT0000373,2025-02-01T22:51:00,CUST00056,P004,calculator_use,Desktop,22,Social
EVT0000374,2025-08-03T22:39:00,CUST00334,P005,document_upload,Mobile,4,Partner
EVT0000375,2026-08-10T14:23:00,CUST00416,P005,document_upload,Mobile,29,Social
EVT0000376,2026-05-24T13:26:00,CUST00388,P002,document_upload,Desktop,25,Partner
EVT0000377,2025-08-12T12:43:00,CUST00270,P003,page_view,Mobile,14,Direct
EVT0000378,2026-04-23T15:24:00,CUST00227,P001,page_view,Tablet,13,Email
EVT0000379,2025-01-03T15:32:00,CUST00337,P001,document_upload,Desktop,25,Social
EVT0000380,2025-07-15T11:45:00,CUST00081,P002,document_upload,Mobile,19,Direct
EVT0000381,2026-02-23T17:37:00,CUST00121,P002,document_upload,Mobile,9,Social
EVT0000382,2025-07-11T11:05:00,CUST00171,P001,rate_check,Tablet,26,Email
EVT0000383,2026-04-15T11:20:00,CUST00101,P002,calculator_use,Desktop,19,Social
EVT0000384,2025-09-26T17:44:00,CUST00231,P002,page_view,Desktop,9,Search
EVT0000385,2026-05-09T15:04:00,CUST00126,P003,calculator_use,Mobile,22,Direct
EVT0000386,2026-01-01T13:23:00,CUST00300,P002,calculator_use,Tablet,29,Direct
EVT0000387,2025-02-07T08:26:00,CUST00468,P002,page_view,Mobile,17,Direct
EVT0000388,2025-11-13T12:59:00,CUST00100,P004,calculator_use,Tablet,18,Partner
EVT0000389,2025-04-24T20:10:00,CUST00410,P004,page_view,Tablet,16,Social
EVT0000390,2026-05-05T18:46:00,CUST00048,P002,page_view,Mobile,21,Direct
EVT0000391,2025-04-16T22:09:00,CUST00225,P004,rate_check,Desktop,35,Search
EVT0000392,2026-01-09T14:18:00,CUST00336,P001,calculator_use,Mobile,36,Email
EVT0000393,2025-09-20T13:23:00,CUST00128,P001,calculator_use,Mobile,22,Direct
EVT0000394,2025-08-06T19:21:00,CUST00065,P004,application_start,Desktop,32,Partner
EVT0000395,2026-09-13T20:43:00,CUST00250,P005,calculator_use,Desktop,15,Search
EVT0000396,2025-07-16T17:46:00,CUST00250,P004,document_upload,Desktop,17,Partner
EVT0000397,2026-06-17T10:44:00,CUST00019,P001,rate_check,Mobile,25,Search
EVT0000398,2026-07-31T08:11:00,CUST00486,P004,rate_check,Desktop,4,Social
EVT0000399,2025-12-12T18:01:00,CUST00228,P003,application_start,Desktop,30,Social
EVT0000400,2026-04-19T08:58:00,CUST00020,P004,page_view,Mobile,7,Search
EVT0000401,2025-08-01T17:54:00,CUST00020,P001,rate_check,Mobile,20,Social
EVT0000402,2026-03-23T17:30:00,CUST00017,P004,rate_check,Desktop,25,Search
EVT0000403,2026-07-19T18:12:00,CUST00373,P001,rate_check,Tablet,15,Social
EVT0000404,2026-09-03T10:36:00,CUST00377,P001,application_start,Tablet,10,Direct
EVT0000405,2025-08-18T08:30:00,CUST00002,P003,page_view,Desktop,12,Partner
EVT0000406,2026-07-27T10:56:00,CUST00022,P001,rate_check,Tablet,15,Partner
EVT0000407,2025-07-06T15:49:00,CUST00228,P003,page_view,Mobile,19,Social
EVT0000408,2026-05-18T19:34:00,CUST00287,P003,document_upload,Mobile,11,Social
EVT0000409,2025-03-05T14:12:00,CUST00478,P002,rate_check,Desktop,34,Direct
EVT0000410,2025-06-21T14:36:00,CUST00492,P001,document_upload,Desktop,19,Email
EVT0000411,2026-01-10T16:37:00,CUST00213,P004,calculator_use,Desktop,18,Partner
EVT0000412,2026-08-05T14:52:00,CUST00210,P001,page_view,Tablet,28,Email
EVT0000413,2025-09-21T22:52:00,CUST00226,P002,calculator_use,Desktop,24,Partner
EVT0000414,2026-07-18T15:44:00,CUST00112,P004,calculator_use,Mobile,32,Social
EVT0000415,2025-09-25T08:28:00,CUST00464,P005,page_view,Tablet,18,Partner
EVT0000416,2026-04-25T15:49:00,CUST00163,P004,page_view,Mobile,6,Search
EVT0000417,2026-06-11T16:38:00,CUST00464,P005,application_start,Desktop,35,Email
EVT0000418,2026-06-19T08:50:00,CUST00080,P004,document_upload,Desktop,33,Search
EVT0000419,2025-03-14T19:41:00,CUST00458,P004,application_start,Mobile,8,Partner
EVT0000420,2025-12-16T11:55:00,CUST00014,P001,application_start,Desktop,34,Partner
EVT0000421,2026-02-01T19:45:00,CUST00018,P003,application_start,Tablet,33,Direct
EVT0000422,2025-03-18T19:53:00,CUST00407,P002,application_start,Mobile,20,Partner
EVT0000423,2026-01-12T18:04:00,CUST00497,P005,rate_check,Mobile,34,Search
EVT0000424,2025-06-28T20:48:00,CUST00460,P001,calculator_use,Desktop,36,Email
EVT0000425,2025-10-04T09:53:00,CUST00122,P003,application_start,Desktop,6,Social
EVT0000426,2026-09-24T16:43:00,CUST00310,P001,calculator_use,Tablet,2,Social
EVT0000427,2025-05-02T15:00:00,CUST00226,P001,document_upload,Tablet,26,Partner
EVT0000428,2026-01-11T10:02:00,CUST00447,P001,application_start,Mobile,7,Direct
EVT0000429,2025-03-01T12:14:00,CUST00242,P003,rate_check,Mobile,36,Social
EVT0000430,2026-09-04T14:28:00,CUST00191,P004,rate_check,Tablet,19,Partner
EVT0000431,2025-12-02T09:05:00,CUST00043,P001,page_view,Tablet,1,Direct
EVT0000432,2025-02-22T21:06:00,CUST00347,P004,application_start,Tablet,24,Direct
EVT0000433,2025-01-13T13:03:00,CUST00372,P002,rate_check,Mobile,19,Social
EVT0000434,2025-08-24T19:43:00,CUST00243,P002,document_upload,Desktop,3,Direct
EVT0000435,2026-09-27T22:56:00,CUST00007,P002,application_start,Mobile,31,Email
EVT0000436,2025-12-08T18:14:00,CUST00332,P004,document_upload,Mobile,21,Social
EVT0000437,2025-11-13T12:53:00,CUST00444,P004,rate_check,Mobile,10,Partner
EVT0000438,2025-09-22T18:41:00,CUST00340,P005,rate_check,Desktop,19,Direct
EVT0000439,2025-04-26T13:49:00,CUST00208,P003,rate_check,Mobile,19,Direct
EVT0000440,2025-04-06T22:57:00,CUST00482,P003,rate_check,Desktop,30,Social
EVT0000441,2026-03-31T20:27:00,CUST00393,P002,application_start,Tablet,29,Partner
EVT0000442,2026-01-21T20:58:00,CUST00274,P001,page_view,Tablet,21,Email
EVT0000443,2026-04-14T12:38:00,CUST00255,P001,page_view,Mobile,34,Email
EVT0000444,2026-06-13T16:05:00,CUST00316,P004,calculator_use,Mobile,3,Social
EVT0000445,2025-12-12T16:25:00,CUST00030,P002,rate_check,Mobile,3,Email
EVT0000446,2025-09-29T13:01:00,CUST00228,P003,document_upload,Tablet,36,Partner
EVT0000447,2025-09-22T13:48:00,CUST00108,P002,rate_check,Mobile,10,Partner
EVT0000448,2025-04-22T09:57:00,CUST00378,P005,page_view,Desktop,4,Social
EVT0000449,2026-07-02T12:26:00,CUST00191,P001,application_start,Tablet,36,Email
EVT0000450,2025-06-19T09:15:00,CUST00306,P002,calculator_use,Tablet,27,Direct
EVT0000451,2025-02-23T21:42:00,CUST00257,P002,application_start,Tablet,13,Email
EVT0000452,2025-01-09T22:48:00,CUST00355,P005,page_view,Desktop,10,Partner
EVT0000453,2025-12-21T17:31:00,CUST00136,P002,rate_check,Desktop,22,Email
EVT0000454,2025-06-17T21:36:00,CUST00152,P005,document_upload,Mobile,36,Direct
EVT0000455,2025-05-25T09:54:00,CUST00368,P005,calculator_use,Mobile,17,Social
EVT0000456,2025-10-14T15:19:00,CUST00374,P005,application_start,Desktop,19,Search
EVT0000457,2026-04-12T09:30:00,CUST00299,P002,document_upload,Mobile,31,Search
EVT0000458,2026-03-17T09:29:00,CUST00042,P003,rate_check,Mobile,22,Social
EVT0000459,2025-12-19T20:09:00,CUST00025,P003,document_upload,Desktop,28,Partner
EVT0000460,2026-09-27T22:32:00,CUST00443,P004,document_upload,Tablet,30,Social
EVT0000461,2026-04-18T15:21:00,CUST00278,P005,calculator_use,Mobile,22,Social
EVT0000462,2025-10-29T09:15:00,CUST00133,P004,calculator_use,Desktop,8,Social
EVT0000463,2026-08-19T19:13:00,CUST00475,P002,application_start,Desktop,22,Social
EVT0000464,2026-04-10T13:42:00,CUST00223,P002,page_view,Tablet,14,Email
EVT0000465,2026-06-13T17:01:00,CUST00193,P002,page_view,Desktop,18,Social
EVT0000466,2026-05-06T17:15:00,CUST00147,P003,application_start,Tablet,23,Partner
EVT0000467,2026-01-04T14:35:00,CUST00061,P001,application_start,Desktop,9,Search
EVT0000468,2026-04-22T08:42:00,CUST00445,P001,application_start,Mobile,17,Social
EVT0000469,2025-08-26T09:24:00,CUST00016,P003,page_view,Desktop,9,Partner
EVT0000470,2025-09-05T11:03:00,CUST00326,P003,rate_check,Mobile,12,Partner
EVT0000471,2026-02-28T18:41:00,CUST00035,P005,rate_check,Mobile,20,Partner
EVT0000472,2026-03-05T11:55:00,CUST00447,P003,page_view,Desktop,9,Direct
EVT0000473,2025-01-15T15:34:00,CUST00108,P005,rate_check,Tablet,32,Social
EVT0000474,2026-02-09T14:04:00,CUST00389,P001,calculator_use,Tablet,20,Email
EVT0000475,2025-12-06T16:25:00,CUST00319,P005,application_start,Desktop,23,Partner
EVT0000476,2025-03-23T16:59:00,CUST00167,P003,page_view,Desktop,36,Social
EVT0000477,2025-05-23T09:10:00,CUST00091,P003,document_upload,Tablet,35,Partner
EVT0000478,2025-02-12T22:59:00,CUST00222,P005,calculator_use,Tablet,18,Partner
EVT0000479,2026-06-23T20:19:00,CUST00302,P005,rate_check,Tablet,33,Search
EVT0000480,2025-10-21T15:56:00,CUST00355,P005,page_view,Mobile,10,Direct
EVT0000481,2025-08-14T21:43:00,CUST00125,P001,rate_check,Tablet,35,Social
EVT0000482,2025-04-04T20:46:00,CUST00444,P004,rate_check,Desktop,11,Direct
EVT0000483,2026-01-26T16:27:00,CUST00107,P004,calculator_use,Desktop,29,Partner
EVT0000484,2025-05-20T14:34:00,CUST00280,P004,calculator_use,Desktop,31,Search
EVT0000485,2026-01-23T08:46:00,CUST00271,P004,rate_check,Desktop,1,Social
EVT0000486,2026-04-05T16:14:00,CUST00468,P004,calculator_use,Mobile,6,Direct
EVT0000487,2026-07-04T11:52:00,CUST00209,P002,rate_check,Mobile,23,Email
EVT0000488,2025-12-17T22:27:00,CUST00246,P002,rate_check,Desktop,9,Partner
EVT0000489,2025-02-27T12:21:00,CUST00256,P001,rate_check,Mobile,34,Email
EVT0000490,2026-04-27T11:03:00,CUST00362,P005,rate_check,Mobile,15,Search
EVT0000491,2025-12-19T21:59:00,CUST00088,P005,application_start,Desktop,20,Search
EVT0000492,2025-02-12T20:46:00,CUST00404,P003,rate_check,Mobile,22,Email
EVT0000493,2026-06-18T17:46:00,CUST00149,P004,rate_check,Tablet,29,Partner
EVT0000494,2025-10-28T09:06:00,CUST00333,P001,application_start,Mobile,36,Social
EVT0000495,2026-01-04T20:37:00,CUST00438,P001,application_start,Tablet,19,Partner
EVT0000496,2025-08-27T16:25:00,CUST00446,P004,calculator_use,Mobile,1,Email
EVT0000497,2026-06-12T18:59:00,CUST00494,P003,calculator_use,Tablet,28,Partner
EVT0000498,2025-08-01T10:45:00,CUST00383,P002,rate_check,Tablet,5,Search
EVT0000499,2026-09-09T13:22:00,CUST00146,P005,document_upload,Mobile,29,Direct
EVT0000500,2025-06-15T11:43:00,CUST00006,P004,document_upload,Mobile,21,Social
EVT0000501,2025-10-13T10:26:00,CUST00431,P005,calculator_use,Desktop,32,Partner
EVT0000502,2026-09-01T13:13:00,CUST00013,P005,page_view,Desktop,9,Direct
EVT0000503,2026-08-13T16:01:00,CUST00116,P002,page_view,Desktop,33,Partner
EVT0000504,2025-05-28T16:14:00,CUST00047,P004,rate_check,Mobile,28,Social
EVT0000505,2025-11-25T22:56:00,CUST00320,P001,document_upload,Desktop,3,Social
EVT0000506,2025-04-30T13:52:00,CUST00345,P001,rate_check,Desktop,30,Email
EVT0000507,2025-11-30T14:29:00,CUST00429,P002,page_view,Desktop,29,Partner
EVT0000508,2026-04-17T09:20:00,CUST00085,P005,application_start,Mobile,28,Social
EVT0000509,2026-08-19T18:57:00,CUST00189,P004,calculator_use,Mobile,32,Email
EVT0000510,2026-09-19T17:23:00,CUST00291,P003,calculator_use,Desktop,22,Email
EVT0000511,2026-02-01T10:36:00,CUST00460,P002,page_view,Mobile,8,Email
EVT0000512,2025-10-21T22:04:00,CUST00264,P003,document_upload,Desktop,23,Search
EVT0000513,2025-05-15T19:54:00,CUST00354,P003,calculator_use,Desktop,4,Partner
EVT0000514,2026-05-28T10:49:00,CUST00458,P005,page_view,Mobile,21,Direct
EVT0000515,2026-09-17T18:45:00,CUST00448,P001,rate_check,Desktop,20,Email
EVT0000516,2025-10-30T13:09:00,CUST00252,P003,page_view,Desktop,3,Search
EVT0000517,2026-09-30T22:16:00,CUST00243,P004,application_start,Desktop,2,Social
EVT0000518,2025-05-25T12:03:00,CUST00375,P005,rate_check,Tablet,24,Search
EVT0000519,2025-06-22T19:18:00,CUST00089,P001,calculator_use,Desktop,12,Social
EVT0000520,2025-08-28T12:41:00,CUST00103,P004,page_view,Tablet,17,Direct
EVT0000521,2026-07-19T22:02:00,CUST00091,P001,calculator_use,Tablet,11,Email
EVT0000522,2025-11-21T17:36:00,CUST00245,P005,page_view,Tablet,2,Email
EVT0000523,2026-09-15T22:16:00,CUST00474,P004,page_view,Desktop,16,Search
EVT0000524,2026-02-21T08:05:00,CUST00167,P003,document_upload,Tablet,6,Direct
EVT0000525,2025-08-27T12:51:00,CUST00105,P003,document_upload,Tablet,24,Partner
EVT0000526,2025-08-08T17:49:00,CUST00036,P002,document_upload,Mobile,12,Partner
EVT0000527,2026-03-02T09:11:00,CUST00219,P005,application_start,Desktop,19,Search
EVT0000528,2025-06-04T08:49:00,CUST00060,P001,rate_check,Tablet,6,Search
EVT0000529,2025-08-18T08:05:00,CUST00258,P001,calculator_use,Tablet,20,Social
EVT0000530,2026-09-25T16:38:00,CUST00018,P002,page_view,Tablet,35,Social
EVT0000531,2026-08-16T14:43:00,CUST00365,P001,application_start,Mobile,24,Search
EVT0000532,2026-08-10T09:43:00,CUST00097,P001,document_upload,Tablet,3,Social
EVT0000533,2025-08-11T11:20:00,CUST00079,P001,application_start,Tablet,14,Direct
EVT0000534,2025-08-28T20:27:00,CUST00227,P002,application_start,Mobile,4,Email
EVT0000535,2026-05-11T09:00:00,CUST00499,P001,rate_check,Tablet,36,Social
EVT0000536,2025-04-28T22:32:00,CUST00048,P005,application_start,Mobile,3,Email
EVT0000537,2025-04-25T11:46:00,CUST00417,P001,rate_check,Desktop,2,Search
EVT0000538,2026-08-30T13:27:00,CUST00140,P003,page_view,Mobile,5,Email
EVT0000539,2026-05-02T20:25:00,CUST00458,P005,calculator_use,Desktop,32,Partner
EVT0000540,2026-01-02T19:55:00,CUST00178,P002,application_start,Desktop,15,Direct
EVT0000541,2025-08-02T09:25:00,CUST00423,P004,page_view,Desktop,32,Social
EVT0000542,2025-04-06T18:54:00,CUST00373,P001,page_view,Mobile,29,Direct
EVT0000543,2026-08-11T17:24:00,CUST00489,P002,rate_check,Desktop,28,Partner
EVT0000544,2025-01-24T08:22:00,CUST00446,P004,document_upload,Tablet,18,Partner
EVT0000545,2026-02-11T14:43:00,CUST00468,P005,document_upload,Desktop,9,Search
EVT0000546,2025-03-02T08:31:00,CUST00112,P004,page_view,Tablet,21,Social
EVT0000547,2025-01-28T17:31:00,CUST00420,P001,page_view,Mobile,4,Social
EVT0000548,2025-09-13T10:13:00,CUST00216,P002,calculator_use,Desktop,2,Partner
EVT0000549,2026-05-18T12:18:00,CUST00173,P005,document_upload,Tablet,34,Social
EVT0000550,2025-06-25T11:29:00,CUST00099,P005,calculator_use,Tablet,1,Social
EVT0000551,2025-05-26T16:54:00,CUST00253,P002,calculator_use,Tablet,10,Email
EVT0000552,2025-10-08T13:20:00,CUST00282,P003,page_view,Desktop,8,Social
EVT0000553,2025-01-25T11:58:00,CUST00489,P004,calculator_use,Tablet,11,Search
EVT0000554,2026-07-10T16:58:00,CUST00220,P004,rate_check,Tablet,32,Search
EVT0000555,2025-07-17T10:15:00,CUST00203,P005,document_upload,Desktop,3,Email
EVT0000556,2026-02-26T12:28:00,CUST00356,P002,calculator_use,Tablet,20,Partner
EVT0000557,2026-06-14T14:47:00,CUST00216,P003,application_start,Tablet,18,Direct
EVT0000558,2026-05-18T20:05:00,CUST00202,P002,rate_check,Desktop,26,Search
EVT0000559,2025-12-07T13:56:00,CUST00055,P004,rate_check,Tablet,29,Partner
EVT0000560,2025-05-05T12:22:00,CUST00205,P001,document_upload,Mobile,1,Social
EVT0000561,2025-10-03T12:51:00,CUST00053,P001,page_view,Mobile,29,Search
EVT0000562,2025-11-16T19:13:00,CUST00279,P001,application_start,Desktop,5,Partner
EVT0000563,2025-05-02T09:19:00,CUST00276,P004,application_start,Desktop,13,Partner
EVT0000564,2026-06-13T17:10:00,CUST00039,P001,application_start,Tablet,2,Email
EVT0000565,2025-10-04T14:22:00,CUST00175,P003,calculator_use,Desktop,26,Social
EVT0000566,2026-01-24T16:48:00,CUST00497,P002,calculator_use,Desktop,32,Partner
EVT0000567,2025-01-28T11:18:00,CUST00046,P003,calculator_use,Tablet,21,Email
EVT0000568,2025-12-29T18:26:00,CUST00174,P005,application_start,Desktop,1,Search
EVT0000569,2025-04-05T17:26:00,CUST00004,P001,rate_check,Desktop,32,Search
EVT0000570,2026-06-20T14:51:00,CUST00490,P002,document_upload,Mobile,18,Search
EVT0000571,2026-04-01T19:55:00,CUST00354,P001,rate_check,Mobile,34,Search
EVT0000572,2025-02-26T17:20:00,CUST00274,P003,application_start,Desktop,13,Email
EVT0000573,2026-08-11T09:26:00,CUST00016,P005,calculator_use,Desktop,35,Direct
EVT0000574,2026-02-26T20:44:00,CUST00036,P002,calculator_use,Desktop,16,Email
EVT0000575,2025-09-15T16:17:00,CUST00418,P005,rate_check,Tablet,31,Partner
EVT0000576,2026-03-07T10:51:00,CUST00018,P001,application_start,Tablet,22,Social
EVT0000577,2025-11-09T20:11:00,CUST00172,P001,document_upload,Mobile,17,Email
EVT0000578,2026-03-15T17:21:00,CUST00314,P004,calculator_use,Desktop,6,Partner
EVT0000579,2026-03-22T10:30:00,CUST00432,P003,calculator_use,Desktop,33,Direct
EVT0000580,2025-04-25T14:59:00,CUST00496,P001,page_view,Tablet,29,Search
EVT0000581,2026-04-18T17:42:00,CUST00139,P003,calculator_use,Tablet,21,Social
EVT0000582,2025-11-17T18:07:00,CUST00095,P002,application_start,Tablet,14,Social
EVT0000583,2026-03-09T12:58:00,CUST00117,P002,document_upload,Tablet,32,Direct
EVT0000584,2025-02-24T09:28:00,CUST00352,P001,page_view,Mobile,36,Direct
EVT0000585,2025-10-18T18:41:00,CUST00065,P005,calculator_use,Mobile,26,Direct
EVT0000586,2025-02-11T21:17:00,CUST00378,P002,document_upload,Mobile,36,Email
EVT0000587,2025-06-27T18:45:00,CUST00047,P003,rate_check,Mobile,23,Search
EVT0000588,2025-07-26T18:13:00,CUST00404,P005,application_start,Desktop,35,Partner
EVT0000589,2026-02-20T18:31:00,CUST00366,P003,document_upload,Tablet,8,Search
EVT0000590,2026-03-01T22:20:00,CUST00025,P002,application_start,Mobile,30,Partner
EVT0000591,2025-12-16T16:35:00,CUST00050,P001,rate_check,Tablet,5,Social
EVT0000592,2025-02-08T18:56:00,CUST00444,P004,document_upload,Tablet,18,Direct
EVT0000593,2026-05-15T19:36:00,CUST00478,P001,page_view,Desktop,27,Direct
EVT0000594,2026-02-15T12:16:00,CUST00039,P003,application_start,Tablet,6,Direct
EVT0000595,2025-09-04T08:48:00,CUST00299,P005,document_upload,Mobile,24,Email
EVT0000596,2026-05-17T11:46:00,CUST00089,P003,document_upload,Tablet,22,Search
EVT0000597,2026-05-10T12:35:00,CUST00124,P004,application_start,Mobile,1,Direct
EVT0000598,2026-07-28T22:07:00,CUST00241,P005,rate_check,Mobile,16,Search
EVT0000599,2025-06-10T09:48:00,CUST00172,P001,document_upload,Desktop,36,Search
EVT0000600,2026-02-20T15:36:00,CUST00387,P002,document_upload,Desktop,27,Partner
EVT0000601,2025-06-01T16:27:00,CUST00211,P001,calculator_use,Tablet,14,Social
EVT0000602,2026-01-05T15:04:00,CUST00111,P005,application_start,Mobile,26,Social
EVT0000603,2025-01-02T21:00:00,CUST00069,P001,rate_check,Tablet,31,Direct
EVT0000604,2025-01-22T15:02:00,CUST00426,P005,rate_check,Mobile,34,Direct
EVT0000605,2026-03-03T22:45:00,CUST00271,P005,application_start,Tablet,15,Search
EVT0000606,2025-02-05T17:56:00,CUST00019,P004,document_upload,Desktop,18,Social
EVT0000607,2025-06-08T18:44:00,CUST00139,P005,application_start,Mobile,20,Social
EVT0000608,2025-06-30T17:26:00,CUST00226,P004,calculator_use,Desktop,31,Email
EVT0000609,2025-12-15T14:20:00,CUST00345,P003,application_start,Desktop,28,Partner
EVT0000610,2025-10-10T09:49:00,CUST00203,P003,document_upload,Tablet,11,Social
EVT0000611,2026-08-24T12:31:00,CUST00053,P004,application_start,Tablet,23,Direct
EVT0000612,2025-07-18T12:21:00,CUST00440,P001,rate_check,Desktop,4,Search
EVT0000613,2026-02-11T17:14:00,CUST00224,P002,page_view,Desktop,9,Partner
EVT0000614,2025-12-20T10:59:00,CUST00340,P003,calculator_use,Mobile,15,Search
EVT0000615,2025-02-03T15:48:00,CUST00006,P005,calculator_use,Desktop,25,Search
EVT0000616,2026-03-20T16:21:00,CUST00172,P001,rate_check,Tablet,10,Email
EVT0000617,2026-05-06T13:07:00,CUST00239,P004,rate_check,Mobile,36,Search
EVT0000618,2026-08-31T08:03:00,CUST00247,P005,calculator_use,Desktop,26,Partner
EVT0000619,2025-07-18T10:31:00,CUST00308,P002,application_start,Desktop,14,Email
EVT0000620,2026-06-30T13:44:00,CUST00067,P002,application_start,Desktop,34,Search
EVT0000621,2025-08-13T15:43:00,CUST00239,P002,rate_check,Desktop,22,Social
EVT0000622,2025-02-06T11:51:00,CUST00107,P001,rate_check,Tablet,31,Direct
EVT0000623,2026-08-22T12:09:00,CUST00004,P005,rate_check,Mobile,3,Search
EVT0000624,2025-01-12T12:12:00,CUST00381,P004,rate_check,Desktop,13,Direct
EVT0000625,2026-06-11T11:34:00,CUST00324,P005,calculator_use,Mobile,26,Direct
EVT0000626,2026-05-14T22:35:00,CUST00066,P003,page_view,Mobile,30,Search
EVT0000627,2026-08-30T16:51:00,CUST00226,P001,calculator_use,Tablet,8,Partner
EVT0000628,2026-08-09T18:24:00,CUST00487,P004,document_upload,Desktop,25,Email
EVT0000629,2025-11-11T12:46:00,CUST00190,P003,rate_check,Desktop,24,Partner
EVT0000630,2025-08-16T15:39:00,CUST00341,P005,rate_check,Mobile,19,Direct
EVT0000631,2025-05-29T18:52:00,CUST00166,P002,application_start,Desktop,28,Social
EVT0000632,2026-09-24T11:16:00,CUST00272,P003,rate_check,Tablet,36,Search
EVT0000633,2025-02-08T11:38:00,CUST00326,P005,application_start,Tablet,30,Social
EVT0000634,2025-08-05T09:44:00,CUST00442,P002,calculator_use,Desktop,16,Search
EVT0000635,2026-06-07T13:48:00,CUST00049,P005,document_upload,Tablet,27,Email
EVT0000636,2025-03-24T18:43:00,CUST00409,P003,page_view,Desktop,22,Direct
EVT0000637,2026-03-21T22:58:00,CUST00203,P004,document_upload,Mobile,3,Partner
EVT0000638,2025-08-17T12:31:00,CUST00331,P004,application_start,Mobile,6,Email
EVT0000639,2026-08-14T18:34:00,CUST00425,P005,application_start,Desktop,10,Social
EVT0000640,2026-09-23T09:56:00,CUST00299,P003,page_view,Desktop,34,Email
EVT0000641,2025-05-31T21:30:00,CUST00095,P003,application_start,Desktop,10,Direct
EVT0000642,2026-08-03T20:25:00,CUST00167,P003,rate_check,Tablet,29,Email
EVT0000643,2026-03-01T11:38:00,CUST00106,P005,document_upload,Mobile,22,Social
EVT0000644,2025-07-25T16:36:00,CUST00148,P001,calculator_use,Mobile,19,Partner
EVT0000645,2026-01-12T11:04:00,CUST00186,P004,application_start,Desktop,33,Partner
EVT0000646,2025-02-24T10:47:00,CUST00112,P001,page_view,Desktop,10,Partner
EVT0000647,2026-01-25T18:24:00,CUST00482,P002,rate_check,Tablet,11,Email
EVT0000648,2026-04-18T11:46:00,CUST00377,P004,rate_check,Desktop,14,Email
EVT0000649,2026-04-08T12:36:00,CUST00471,P005,rate_check,Tablet,5,Partner
EVT0000650,2025-01-06T20:06:00,CUST00342,P004,document_upload,Desktop,3,Social
EVT0000651,2026-07-16T16:27:00,CUST00006,P003,application_start,Tablet,2,Partner
EVT0000652,2026-02-28T12:19:00,CUST00107,P002,application_start,Tablet,13,Partner
EVT0000653,2026-09-21T13:40:00,CUST00264,P003,calculator_use,Desktop,31,Partner
EVT0000654,2026-09-24T18:01:00,CUST00408,P001,document_upload,Desktop,32,Direct
EVT0000655,2025-10-27T22:49:00,CUST00471,P004,calculator_use,Tablet,36,Direct
EVT0000656,2025-12-25T20:31:00,CUST00008,P003,rate_check,Tablet,18,Partner
EVT0000657,2025-11-04T12:58:00,CUST00223,P005,application_start,Desktop,15,Social
EVT0000658,2025-02-28T19:49:00,CUST00226,P005,calculator_use,Desktop,33,Social
EVT0000659,2026-02-03T14:22:00,CUST00016,P003,page_view,Tablet,13,Partner
EVT0000660,2026-04-06T15:05:00,CUST00278,P003,document_upload,Tablet,35,Social
EVT0000661,2025-10-08T11:52:00,CUST00122,P004,calculator_use,Mobile,3,Social
EVT0000662,2026-06-05T13:39:00,CUST00420,P004,rate_check,Tablet,3,Partner
EVT0000663,2025-03-01T10:15:00,CUST00081,P003,page_view,Tablet,25,Email
EVT0000664,2025-06-19T12:59:00,CUST00202,P005,rate_check,Mobile,15,Email
EVT0000665,2026-02-20T17:21:00,CUST00129,P005,rate_check,Desktop,12,Direct
EVT0000666,2026-02-03T08:52:00,CUST00352,P003,rate_check,Tablet,29,Direct
EVT0000667,2026-07-14T08:13:00,CUST00003,P005,calculator_use,Mobile,27,Social
EVT0000668,2026-03-14T08:57:00,CUST00149,P004,calculator_use,Tablet,4,Search
EVT0000669,2025-09-23T15:17:00,CUST00245,P004,application_start,Mobile,8,Direct
EVT0000670,2025-07-10T10:07:00,CUST00219,P001,calculator_use,Desktop,16,Social
EVT0000671,2025-11-17T13:35:00,CUST00418,P004,application_start,Tablet,33,Direct
EVT0000672,2025-02-15T08:50:00,CUST00327,P005,calculator_use,Desktop,21,Social
EVT0000673,2025-08-09T11:23:00,CUST00309,P002,rate_check,Tablet,27,Partner
EVT0000674,2025-08-17T16:20:00,CUST00001,P001,calculator_use,Tablet,1,Direct
EVT0000675,2025-12-13T20:54:00,CUST00086,P005,application_start,Desktop,34,Direct
EVT0000676,2025-03-12T10:54:00,CUST00055,P001,calculator_use,Mobile,30,Direct
EVT0000677,2025-04-05T22:23:00,CUST00494,P005,document_upload,Desktop,25,Direct
EVT0000678,2026-09-15T17:49:00,CUST00307,P003,document_upload,Desktop,13,Partner
EVT0000679,2025-02-07T22:22:00,CUST00321,P003,calculator_use,Desktop,7,Social
EVT0000680,2026-02-26T16:28:00,CUST00114,P005,page_view,Tablet,28,Partner
EVT0000681,2025-01-08T16:00:00,CUST00040,P004,calculator_use,Tablet,10,Social
EVT0000682,2025-06-16T20:53:00,CUST00436,P002,document_upload,Tablet,24,Direct
EVT0000683,2026-09-07T14:05:00,CUST00252,P001,rate_check,Tablet,15,Search
EVT0000684,2025-03-18T20:12:00,CUST00417,P002,calculator_use,Tablet,23,Search
EVT0000685,2025-02-13T17:55:00,CUST00493,P002,calculator_use,Desktop,4,Search
EVT0000686,2026-04-28T15:23:00,CUST00245,P001,document_upload,Tablet,23,Partner
EVT0000687,2025-09-19T16:00:00,CUST00080,P004,application_start,Mobile,7,Direct
EVT0000688,2026-03-01T20:47:00,CUST00354,P002,rate_check,Tablet,3,Search
EVT0000689,2026-02-02T17:53:00,CUST00470,P001,calculator_use,Desktop,28,Email
EVT0000690,2025-06-22T09:07:00,CUST00252,P001,document_upload,Mobile,4,Direct
EVT0000691,2025-05-05T18:46:00,CUST00278,P001,rate_check,Tablet,15,Social
EVT0000692,2025-08-15T11:03:00,CUST00433,P005,rate_check,Mobile,23,Social
EVT0000693,2026-05-23T17:46:00,CUST00448,P005,rate_check,Desktop,28,Search
EVT0000694,2025-10-19T21:42:00,CUST00114,P001,calculator_use,Tablet,28,Social
EVT0000695,2026-09-12T21:52:00,CUST00337,P005,page_view,Desktop,25,Direct
EVT0000696,2026-07-15T08:18:00,CUST00293,P004,calculator_use,Desktop,23,Search
EVT0000697,2025-05-25T20:03:00,CUST00046,P001,rate_check,Mobile,1,Social
EVT0000698,2025-10-08T20:06:00,CUST00063,P004,document_upload,Desktop,17,Email
EVT0000699,2025-02-13T22:34:00,CUST00383,P004,page_view,Tablet,32,Direct
EVT0000700,2026-07-20T21:15:00,CUST00132,P001,calculator_use,Mobile,21,Email
EVT0000701,2025-12-27T08:52:00,CUST00144,P005,application_start,Desktop,22,Social
EVT0000702,2025-05-15T19:29:00,CUST00018,P004,calculator_use,Mobile,26,Partner
EVT0000703,2025-08-14T18:39:00,CUST00305,P005,document_upload,Mobile,3,Partner
EVT0000704,2026-09-15T12:05:00,CUST00133,P002,calculator_use,Desktop,2,Email
EVT0000705,2026-04-11T22:55:00,CUST00318,P003,application_start,Mobile,12,Email
EVT0000706,2026-07-01T12:29:00,CUST00435,P002,application_start,Mobile,6,Social
EVT0000707,2025-07-19T08:06:00,CUST00413,P003,application_start,Mobile,32,Search
EVT0000708,2025-05-07T15:18:00,CUST00269,P004,application_start,Tablet,21,Social
EVT0000709,2025-05-18T20:43:00,CUST00465,P001,application_start,Desktop,29,Partner
EVT0000710,2026-02-04T14:08:00,CUST00044,P001,document_upload,Mobile,28,Direct
EVT0000711,2025-11-12T17:33:00,CUST00394,P002,rate_check,Mobile,26,Social
EVT0000712,2026-05-10T18:02:00,CUST00305,P004,page_view,Mobile,24,Partner
EVT0000713,2026-05-18T21:43:00,CUST00081,P004,calculator_use,Desktop,11,Direct
EVT0000714,2026-05-25T10:13:00,CUST00460,P003,page_view,Tablet,10,Email
EVT0000715,2025-07-03T11:21:00,CUST00076,P003,rate_check,Mobile,25,Direct
EVT0000716,2025-11-25T19:53:00,CUST00001,P005,document_upload,Tablet,20,Social
EVT0000717,2026-04-09T10:06:00,CUST00200,P001,calculator_use,Desktop,22,Search
EVT0000718,2025-08-22T13:12:00,CUST00005,P003,page_view,Desktop,8,Social
EVT0000719,2026-02-28T08:21:00,CUST00140,P003,document_upload,Tablet,15,Email
EVT0000720,2025-09-06T10:08:00,CUST00340,P002,page_view,Desktop,6,Search
EVT0000721,2025-10-05T22:16:00,CUST00472,P005,rate_check,Tablet,7,Email
EVT0000722,2025-10-15T21:01:00,CUST00466,P001,document_upload,Mobile,33,Search
EVT0000723,2026-04-22T22:53:00,CUST00136,P002,application_start,Tablet,35,Search
EVT0000724,2025-02-16T20:09:00,CUST00353,P003,page_view,Desktop,28,Social
EVT0000725,2025-04-05T11:31:00,CUST00076,P002,document_upload,Tablet,34,Direct
EVT0000726,2025-01-16T08:51:00,CUST00258,P001,document_upload,Mobile,10,Email
EVT0000727,2025-12-19T15:33:00,CUST00084,P004,document_upload,Mobile,14,Email
EVT0000728,2026-04-30T15:18:00,CUST00186,P005,calculator_use,Desktop,27,Search
EVT0000729,2026-05-30T16:34:00,CUST00393,P003,rate_check,Desktop,32,Search
EVT0000730,2025-10-30T19:11:00,CUST00162,P003,rate_check,Tablet,21,Search
EVT0000731,2025-03-11T22:29:00,CUST00168,P001,document_upload,Tablet,36,Search
EVT0000732,2025-12-06T08:15:00,CUST00284,P001,calculator_use,Mobile,24,Search
EVT0000733,2025-07-11T16:30:00,CUST00284,P005,rate_check,Desktop,17,Partner
EVT0000734,2026-03-22T14:58:00,CUST00204,P004,application_start,Tablet,3,Social
EVT0000735,2026-07-14T15:19:00,CUST00066,P005,calculator_use,Tablet,33,Partner
EVT0000736,2025-02-26T18:30:00,CUST00041,P002,calculator_use,Desktop,5,Search
EVT0000737,2026-07-23T13:38:00,CUST00367,P004,rate_check,Desktop,24,Search
EVT0000738,2025-04-08T18:41:00,CUST00203,P002,page_view,Mobile,19,Direct
EVT0000739,2025-08-14T08:40:00,CUST00132,P003,page_view,Desktop,25,Direct
EVT0000740,2025-12-31T10:37:00,CUST00143,P003,document_upload,Mobile,20,Email
EVT0000741,2025-11-16T12:59:00,CUST00363,P004,rate_check,Desktop,5,Social
EVT0000742,2026-05-06T09:51:00,CUST00408,P005,page_view,Tablet,24,Search
EVT0000743,2025-10-11T20:37:00,CUST00117,P002,application_start,Desktop,28,Social
EVT0000744,2025-04-05T08:48:00,CUST00240,P001,page_view,Tablet,14,Email
EVT0000745,2025-11-05T17:38:00,CUST00116,P003,application_start,Mobile,35,Email
EVT0000746,2026-02-28T18:04:00,CUST00417,P005,document_upload,Tablet,33,Direct
EVT0000747,2026-06-09T14:03:00,CUST00429,P004,rate_check,Desktop,24,Social
EVT0000748,2026-05-27T17:16:00,CUST00303,P002,rate_check,Mobile,28,Search
EVT0000749,2026-05-18T22:18:00,CUST00264,P002,document_upload,Desktop,14,Search
EVT0000750,2025-06-21T10:14:00,CUST00061,P002,document_upload,Mobile,17,Social
EVT0000751,2025-01-15T12:28:00,CUST00021,P004,rate_check,Tablet,8,Email
EVT0000752,2025-08-12T20:25:00,CUST00375,P005,document_upload,Mobile,20,Partner
EVT0000753,2025-09-19T08:29:00,CUST00242,P004,page_view,Desktop,26,Partner
EVT0000754,2026-02-16T08:00:00,CUST00211,P003,application_start,Mobile,9,Search
EVT0000755,2025-06-08T09:55:00,CUST00438,P005,rate_check,Tablet,35,Search
EVT0000756,2025-08-06T21:54:00,CUST00062,P005,document_upload,Mobile,35,Search
EVT0000757,2025-09-25T20:28:00,CUST00247,P005,rate_check,Mobile,17,Search
EVT0000758,2025-07-22T21:00:00,CUST00307,P002,calculator_use,Tablet,24,Social
EVT0000759,2026-08-07T10:42:00,CUST00430,P004,page_view,Mobile,26,Partner
EVT0000760,2026-07-11T13:14:00,CUST00017,P003,page_view,Desktop,13,Email
EVT0000761,2025-07-30T13:33:00,CUST00335,P003,calculator_use,Tablet,36,Direct
EVT0000762,2025-11-13T21:51:00,CUST00058,P005,application_start,Mobile,7,Search
EVT0000763,2025-07-05T09:01:00,CUST00496,P003,application_start,Tablet,16,Partner
EVT0000764,2026-05-01T20:45:00,CUST00286,P001,page_view,Mobile,36,Search
EVT0000765,2025-09-16T18:33:00,CUST00405,P004,page_view,Desktop,27,Email
EVT0000766,2026-01-06T19:52:00,CUST00297,P003,document_upload,Tablet,24,Social
EVT0000767,2025-06-20T09:39:00,CUST00478,P003,rate_check,Mobile,13,Direct
EVT0000768,2025-07-18T22:44:00,CUST00107,P004,application_start,Mobile,32,Search
EVT0000769,2026-04-18T14:33:00,CUST00251,P004,application_start,Mobile,32,Email
EVT0000770,2026-01-05T20:35:00,CUST00291,P002,application_start,Desktop,14,Email
EVT0000771,2025-09-21T17:04:00,CUST00046,P004,document_upload,Mobile,15,Social
EVT0000772,2026-07-12T20:19:00,CUST00013,P005,rate_check,Mobile,32,Search
EVT0000773,2026-09-15T17:00:00,CUST00099,P002,application_start,Mobile,8,Email
EVT0000774,2025-02-03T09:04:00,CUST00444,P001,page_view,Desktop,7,Email
EVT0000775,2025-01-01T12:18:00,CUST00158,P005,rate_check,Tablet,13,Partner
EVT0000776,2026-05-27T17:10:00,CUST00498,P003,page_view,Mobile,1,Direct
EVT0000777,2026-02-08T09:51:00,CUST00002,P005,application_start,Mobile,30,Social
EVT0000778,2026-09-10T17:05:00,CUST00010,P003,calculator_use,Mobile,15,Social
EVT0000779,2026-01-26T15:39:00,CUST00339,P001,document_upload,Mobile,30,Search
EVT0000780,2025-07-05T08:37:00,CUST00199,P004,application_start,Desktop,3,Search
EVT0000781,2026-04-15T10:27:00,CUST00390,P002,calculator_use,Desktop,12,Direct
EVT0000782,2026-02-01T17:36:00,CUST00187,P005,application_start,Desktop,18,Email
EVT0000783,2025-04-17T18:54:00,CUST00318,P004,calculator_use,Mobile,29,Social
EVT0000784,2026-05-16T15:00:00,CUST00101,P002,page_view,Desktop,22,Email
EVT0000785,2025-04-09T21:29:00,CUST00348,P005,application_start,Desktop,12,Partner
EVT0000786,2026-03-11T16:21:00,CUST00003,P005,application_start,Tablet,36,Social
EVT0000787,2026-03-07T20:04:00,CUST00445,P005,page_view,Tablet,22,Social
EVT0000788,2025-12-22T16:24:00,CUST00243,P002,application_start,Tablet,19,Search
EVT0000789,2026-02-25T12:17:00,CUST00486,P002,application_start,Desktop,11,Partner
EVT0000790,2026-05-17T14:53:00,CUST00103,P002,application_start,Tablet,28,Email
EVT0000791,2025-09-28T19:21:00,CUST00305,P004,document_upload,Mobile,25,Partner
EVT0000792,2026-08-21T18:16:00,CUST00317,P003,application_start,Tablet,6,Email
EVT0000793,2025-10-09T21:28:00,CUST00182,P002,calculator_use,Mobile,3,Search
EVT0000794,2026-01-09T11:28:00,CUST00130,P001,application_start,Desktop,1,Social
EVT0000795,2026-06-21T17:25:00,CUST00372,P003,calculator_use,Desktop,17,Email
EVT0000796,2025-08-31T15:51:00,CUST00450,P001,calculator_use,Mobile,36,Direct
EVT0000797,2026-06-22T08:23:00,CUST00396,P004,rate_check,Tablet,14,Search
EVT0000798,2026-01-16T22:25:00,CUST00374,P005,document_upload,Desktop,12,Social
EVT0000799,2026-02-21T17:24:00,CUST00062,P002,calculator_use,Tablet,34,Direct
EVT0000800,2025-01-30T15:14:00,CUST00357,P003,application_start,Desktop,4,Email
EVT0000801,2025-01-02T19:56:00,CUST00045,P003,application_start,Desktop,12,Email
EVT0000802,2025-11-18T09:02:00,CUST00430,P001,rate_check,Mobile,24,Social
EVT0000803,2026-04-08T18:37:00,CUST00118,P005,application_start,Desktop,13,Email
EVT0000804,2026-04-24T12:41:00,CUST00474,P004,application_start,Mobile,26,Partner
EVT0000805,2025-09-11T11:54:00,CUST00382,P001,rate_check,Mobile,13,Social
EVT0000806,2025-09-28T09:21:00,CUST00318,P004,document_upload,Desktop,4,Social
EVT0000807,2025-02-24T22:05:00,CUST00146,P001,page_view,Desktop,32,Partner
EVT0000808,2026-07-01T09:43:00,CUST00023,P004,document_upload,Mobile,8,Partner
EVT0000809,2025-09-26T17:56:00,CUST00154,P005,application_start,Mobile,31,Search
EVT0000810,2025-08-30T21:53:00,CUST00266,P002,page_view,Mobile,6,Email
EVT0000811,2025-11-26T15:55:00,CUST00129,P002,calculator_use,Mobile,31,Social
EVT0000812,2025-12-16T08:51:00,CUST00303,P002,calculator_use,Tablet,12,Partner
EVT0000813,2026-04-24T08:46:00,CUST00017,P002,application_start,Tablet,31,Email
EVT0000814,2025-03-03T15:05:00,CUST00222,P004,document_upload,Tablet,8,Search
EVT0000815,2025-09-02T22:46:00,CUST00308,P002,application_start,Desktop,14,Social
EVT0000816,2025-07-12T15:29:00,CUST00057,P002,calculator_use,Mobile,34,Email
EVT0000817,2025-08-01T22:58:00,CUST00492,P001,rate_check,Mobile,27,Social
EVT0000818,2025-12-09T22:44:00,CUST00229,P001,document_upload,Desktop,32,Social
EVT0000819,2026-02-19T21:41:00,CUST00034,P001,calculator_use,Desktop,2,Partner
EVT0000820,2026-05-23T08:29:00,CUST00137,P001,document_upload,Desktop,35,Email
EVT0000821,2025-10-03T16:12:00,CUST00226,P005,page_view,Desktop,17,Social
EVT0000822,2026-04-19T11:27:00,CUST00431,P003,calculator_use,Tablet,19,Direct
EVT0000823,2025-09-26T17:08:00,CUST00445,P003,application_start,Desktop,33,Direct
EVT0000824,2025-07-13T09:55:00,CUST00315,P001,application_start,Tablet,33,Search
EVT0000825,2025-09-20T11:47:00,CUST00406,P004,page_view,Mobile,32,Social
EVT0000826,2026-05-30T21:17:00,CUST00167,P005,calculator_use,Mobile,3,Social
EVT0000827,2025-11-20T19:37:00,CUST00288,P005,rate_check,Desktop,13,Search
EVT0000828,2026-04-18T18:56:00,CUST00498,P001,calculator_use,Mobile,1,Email
EVT0000829,2026-09-27T17:49:00,CUST00080,P004,page_view,Desktop,24,Search
EVT0000830,2025-05-14T17:38:00,CUST00106,P001,document_upload,Mobile,25,Search
EVT0000831,2026-09-07T21:57:00,CUST00113,P001,rate_check,Desktop,23,Partner
EVT0000832,2025-01-04T11:01:00,CUST00181,P003,application_start,Tablet,8,Email
EVT0000833,2025-07-04T18:29:00,CUST00141,P001,rate_check,Desktop,2,Direct
EVT0000834,2026-01-01T11:05:00,CUST00075,P005,document_upload,Mobile,1,Direct
EVT0000835,2025-07-25T09:42:00,CUST00150,P002,document_upload,Desktop,3,Partner
EVT0000836,2025-05-10T20:58:00,CUST00478,P005,page_view,Mobile,34,Direct
EVT0000837,2026-08-04T11:58:00,CUST00401,P001,page_view,Mobile,20,Social
EVT0000838,2025-08-11T22:33:00,CUST00148,P004,calculator_use,Mobile,32,Social
EVT0000839,2026-08-24T20:33:00,CUST00229,P002,rate_check,Mobile,22,Email
EVT0000840,2025-04-18T13:54:00,CUST00122,P005,page_view,Tablet,11,Partner
EVT0000841,2026-06-12T21:08:00,CUST00075,P002,application_start,Mobile,9,Social
EVT0000842,2026-06-01T13:11:00,CUST00182,P001,calculator_use,Mobile,30,Partner
EVT0000843,2026-06-23T18:46:00,CUST00397,P005,page_view,Mobile,22,Social
EVT0000844,2025-02-24T22:32:00,CUST00022,P002,page_view,Tablet,28,Social
EVT0000845,2025-09-26T19:32:00,CUST00169,P003,application_start,Mobile,7,Email
EVT0000846,2026-06-09T16:18:00,CUST00008,P003,document_upload,Tablet,8,Email
EVT0000847,2026-06-07T17:08:00,CUST00378,P001,calculator_use,Mobile,27,Email
EVT0000848,2025-12-07T08:28:00,CUST00022,P002,application_start,Tablet,24,Email
EVT0000849,2026-09-08T19:51:00,CUST00402,P003,rate_check,Mobile,22,Social
EVT0000850,2025-03-05T16:48:00,CUST00262,P001,rate_check,Tablet,10,Partner
EVT0000851,2025-11-04T15:49:00,CUST00225,P003,application_start,Tablet,32,Partner
EVT0000852,2026-08-12T21:11:00,CUST00140,P003,calculator_use,Mobile,8,Search
EVT0000853,2026-04-04T10:54:00,CUST00112,P005,calculator_use,Tablet,16,Partner
EVT0000854,2026-09-23T08:01:00,CUST00306,P004,application_start,Desktop,19,Email
EVT0000855,2026-09-07T12:35:00,CUST00458,P003,calculator_use,Tablet,27,Partner
EVT0000856,2025-04-19T14:27:00,CUST00459,P003,rate_check,Desktop,22,Partner
EVT0000857,2025-05-01T10:21:00,CUST00338,P004,calculator_use,Tablet,15,Email
EVT0000858,2025-06-22T20:28:00,CUST00462,P001,application_start,Mobile,17,Social
EVT0000859,2026-01-20T12:07:00,CUST00376,P001,rate_check,Desktop,32,Search
EVT0000860,2026-02-11T13:12:00,CUST00348,P004,page_view,Mobile,24,Direct
EVT0000861,2025-10-10T09:31:00,CUST00356,P002,page_view,Desktop,22,Email
EVT0000862,2025-12-11T16:15:00,CUST00492,P003,calculator_use,Mobile,23,Social
EVT0000863,2026-01-08T22:27:00,CUST00494,P003,rate_check,Desktop,28,Social
EVT0000864,2025-07-28T13:50:00,CUST00490,P002,application_start,Tablet,27,Partner
EVT0000865,2026-07-28T21:50:00,CUST00261,P001,document_upload,Mobile,1,Email
EVT0000866,2025-04-04T08:32:00,CUST00412,P005,application_start,Tablet,4,Email
EVT0000867,2026-05-01T09:23:00,CUST00103,P001,calculator_use,Tablet,31,Social
EVT0000868,2025-04-06T18:45:00,CUST00165,P002,document_upload,Mobile,15,Search
EVT0000869,2026-01-28T22:02:00,CUST00201,P005,document_upload,Tablet,16,Direct
EVT0000870,2025-02-06T16:36:00,CUST00343,P004,document_upload,Tablet,35,Email
EVT0000871,2025-04-01T08:23:00,CUST00331,P001,calculator_use,Tablet,13,Social
EVT0000872,2025-04-21T13:53:00,CUST00041,P001,rate_check,Desktop,3,Search
EVT0000873,2025-02-19T08:39:00,CUST00208,P003,rate_check,Tablet,16,Search
EVT0000874,2026-03-20T11:31:00,CUST00482,P005,document_upload,Desktop,12,Direct
EVT0000875,2026-07-11T16:40:00,CUST00341,P002,application_start,Tablet,11,Direct
EVT0000876,2026-09-22T11:33:00,CUST00287,P005,calculator_use,Mobile,29,Social
EVT0000877,2026-04-09T14:25:00,CUST00051,P004,rate_check,Tablet,18,Search
EVT0000878,2026-07-11T11:19:00,CUST00379,P001,document_upload,Tablet,6,Search
EVT0000879,2026-02-19T14:18:00,CUST00151,P002,application_start,Mobile,10,Partner
EVT0000880,2025-01-31T12:29:00,CUST00158,P003,document_upload,Desktop,11,Partner
EVT0000881,2026-02-21T11:28:00,CUST00307,P004,document_upload,Tablet,21,Social
EVT0000882,2026-05-01T15:52:00,CUST00048,P005,calculator_use,Mobile,11,Email
EVT0000883,2026-04-02T18:05:00,CUST00199,P005,calculator_use,Mobile,25,Social
EVT0000884,2026-09-24T19:21:00,CUST00112,P005,rate_check,Desktop,21,Email
EVT0000885,2026-02-18T12:41:00,CUST00414,P004,rate_check,Desktop,18,Direct
EVT0000886,2026-01-23T20:50:00,CUST00483,P002,document_upload,Desktop,36,Social
EVT0000887,2025-10-02T20:37:00,CUST00413,P004,application_start,Mobile,27,Social
EVT0000888,2026-07-05T10:53:00,CUST00033,P001,rate_check,Tablet,10,Search
EVT0000889,2025-09-30T14:35:00,CUST00341,P002,application_start,Desktop,12,Direct
EVT0000890,2025-08-01T11:31:00,CUST00116,P004,document_upload,Mobile,4,Partner
EVT0000891,2025-07-28T16:26:00,CUST00346,P001,application_start,Mobile,34,Email
EVT0000892,2025-09-08T08:59:00,CUST00254,P005,calculator_use,Mobile,21,Social
EVT0000893,2026-04-06T18:25:00,CUST00198,P003,calculator_use,Mobile,33,Partner
EVT0000894,2025-02-25T22:22:00,CUST00288,P001,calculator_use,Desktop,9,Partner
EVT0000895,2026-03-11T12:40:00,CUST00327,P004,calculator_use,Tablet,17,Search
EVT0000896,2025-08-18T10:29:00,CUST00496,P004,page_view,Mobile,27,Direct
EVT0000897,2025-12-30T11:56:00,CUST00131,P004,calculator_use,Mobile,12,Direct
EVT0000898,2025-06-04T09:43:00,CUST00032,P003,document_upload,Mobile,29,Email
EVT0000899,2026-01-13T10:03:00,CUST00234,P001,rate_check,Mobile,6,Social
EVT0000900,2026-06-25T13:42:00,CUST00048,P005,page_view,Mobile,27,Email
EVT0000901,2025-08-30T11:20:00,CUST00322,P001,document_upload,Mobile,4,Social
EVT0000902,2025-07-12T22:11:00,CUST00045,P003,rate_check,Tablet,33,Partner
EVT0000903,2026-02-25T19:13:00,CUST00461,P004,rate_check,Mobile,4,Email
EVT0000904,2025-07-29T16:06:00,CUST00066,P002,page_view,Mobile,3,Social
EVT0000905,2026-05-18T08:02:00,CUST00316,P001,calculator_use,Desktop,9,Social
EVT0000906,2025-10-01T13:29:00,CUST00042,P005,calculator_use,Tablet,27,Email
EVT0000907,2025-01-22T13:54:00,CUST00317,P005,rate_check,Mobile,2,Search
EVT0000908,2026-09-28T14:06:00,CUST00180,P005,page_view,Mobile,14,Email
EVT0000909,2025-07-18T08:19:00,CUST00463,P005,page_view,Tablet,31,Partner
EVT0000910,2025-05-07T11:02:00,CUST00375,P003,application_start,Desktop,1,Social
EVT0000911,2025-05-24T09:25:00,CUST00385,P002,document_upload,Tablet,30,Email
EVT0000912,2026-04-16T09:18:00,CUST00174,P002,application_start,Desktop,10,Direct
EVT0000913,2025-03-26T17:08:00,CUST00146,P002,application_start,Mobile,16,Direct
EVT0000914,2026-03-12T14:22:00,CUST00092,P004,application_start,Desktop,12,Search
EVT0000915,2025-03-30T22:26:00,CUST00104,P004,calculator_use,Mobile,33,Direct
EVT0000916,2025-09-14T15:20:00,CUST00215,P002,calculator_use,Mobile,10,Partner
EVT0000917,2025-02-25T18:15:00,CUST00234,P002,application_start,Tablet,31,Direct
EVT0000918,2025-11-18T09:00:00,CUST00074,P004,page_view,Mobile,28,Social
EVT0000919,2026-03-13T17:00:00,CUST00250,P001,calculator_use,Mobile,5,Direct
EVT0000920,2025-03-27T19:33:00,CUST00498,P002,page_view,Mobile,30,Social
EVT0000921,2025-09-04T13:51:00,CUST00104,P002,rate_check,Tablet,15,Search
EVT0000922,2025-10-07T16:18:00,CUST00009,P003,document_upload,Tablet,21,Direct
EVT0000923,2025-12-05T15:52:00,CUST00446,P004,page_view,Mobile,19,Search
EVT0000924,2026-06-25T11:02:00,CUST00075,P001,rate_check,Mobile,12,Partner
EVT0000925,2026-02-27T19:33:00,CUST00350,P003,calculator_use,Tablet,22,Direct
EVT0000926,2025-05-27T19:02:00,CUST00294,P001,calculator_use,Desktop,5,Email
EVT0000927,2026-07-12T16:02:00,CUST00364,P003,calculator_use,Desktop,4,Social
EVT0000928,2025-10-19T14:49:00,CUST00114,P002,calculator_use,Tablet,16,Search
EVT0000929,2025-09-01T08:20:00,CUST00214,P002,application_start,Tablet,24,Email
EVT0000930,2025-02-24T08:36:00,CUST00100,P004,document_upload,Mobile,8,Partner
EVT0000931,2025-08-27T15:59:00,CUST00395,P003,application_start,Desktop,10,Direct
EVT0000932,2025-01-11T21:47:00,CUST00403,P004,calculator_use,Mobile,4,Direct
EVT0000933,2025-12-16T19:44:00,CUST00420,P002,document_upload,Desktop,36,Search
EVT0000934,2026-08-02T19:30:00,CUST00442,P002,page_view,Mobile,35,Email
EVT0000935,2025-04-22T15:24:00,CUST00195,P005,document_upload,Mobile,24,Direct
EVT0000936,2025-04-07T15:47:00,CUST00182,P005,rate_check,Tablet,16,Direct
EVT0000937,2025-02-28T18:22:00,CUST00391,P001,calculator_use,Tablet,6,Partner
EVT0000938,2025-07-13T11:45:00,CUST00311,P005,page_view,Mobile,14,Partner
EVT0000939,2025-01-29T16:38:00,CUST00148,P004,calculator_use,Tablet,20,Direct
EVT0000940,2025-10-31T22:55:00,CUST00198,P003,calculator_use,Desktop,22,Social
EVT0000941,2026-04-24T08:42:00,CUST00104,P003,application_start,Mobile,24,Direct
EVT0000942,2026-02-06T10:55:00,CUST00296,P003,page_view,Mobile,35,Email
EVT0000943,2025-07-06T15:07:00,CUST00218,P002,document_upload,Tablet,11,Partner
EVT0000944,2026-01-28T20:47:00,CUST00014,P002,page_view,Desktop,36,Partner
EVT0000945,2025-05-01T08:38:00,CUST00263,P001,rate_check,Mobile,1,Social
EVT0000946,2026-08-27T12:54:00,CUST00333,P001,document_upload,Desktop,36,Direct
EVT0000947,2025-02-20T08:55:00,CUST00335,P004,rate_check,Desktop,32,Partner
EVT0000948,2026-06-25T08:22:00,CUST00342,P002,document_upload,Mobile,30,Partner
EVT0000949,2025-02-20T09:17:00,CUST00436,P004,document_upload,Mobile,9,Partner
EVT0000950,2025-04-13T09:36:00,CUST00260,P002,calculator_use,Mobile,26,Email
EVT0000951,2026-05-18T15:12:00,CUST00223,P001,calculator_use,Tablet,24,Partner
EVT0000952,2025-04-25T17:52:00,CUST00357,P005,rate_check,Desktop,3,Email
EVT0000953,2025-07-29T13:25:00,CUST00444,P001,rate_check,Tablet,30,Email
EVT0000954,2026-09-17T10:22:00,CUST00375,P005,page_view,Desktop,32,Email
EVT0000955,2026-04-24T19:17:00,CUST00055,P004,document_upload,Mobile,31,Search
EVT0000956,2025-05-04T16:08:00,CUST00186,P005,page_view,Mobile,32,Email
EVT0000957,2025-10-16T15:28:00,CUST00261,P004,document_upload,Desktop,24,Social
EVT0000958,2025-12-08T18:35:00,CUST00476,P005,calculator_use,Desktop,35,Search
EVT0000959,2026-09-11T17:37:00,CUST00191,P004,application_start,Desktop,12,Email
EVT0000960,2025-03-24T17:12:00,CUST00075,P001,page_view,Tablet,25,Email
EVT0000961,2025-05-07T10:24:00,CUST00219,P005,application_start,Desktop,6,Social
EVT0000962,2026-08-13T11:13:00,CUST00216,P005,calculator_use,Desktop,3,Search
EVT0000963,2025-09-09T20:35:00,CUST00322,P001,application_start,Tablet,14,Direct
EVT0000964,2026-06-28T10:32:00,CUST00165,P004,application_start,Mobile,15,Search
EVT0000965,2025-07-02T14:44:00,CUST00169,P003,rate_check,Desktop,9,Social
EVT0000966,2026-07-17T15:16:00,CUST00346,P003,application_start,Tablet,8,Direct
EVT0000967,2025-06-11T14:37:00,CUST00096,P005,document_upload,Desktop,19,Email
EVT0000968,2025-08-25T17:10:00,CUST00063,P004,rate_check,Desktop,15,Direct
EVT0000969,2026-06-07T14:21:00,CUST00226,P004,page_view,Desktop,18,Partner
EVT0000970,2025-11-20T13:30:00,CUST00192,P001,application_start,Tablet,31,Social
EVT0000971,2025-11-04T11:04:00,CUST00041,P004,rate_check,Tablet,20,Search
EVT0000972,2025-07-31T13:15:00,CUST00155,P003,document_upload,Tablet,5,Direct
EVT0000973,2026-05-22T13:02:00,CUST00354,P003,document_upload,Desktop,30,Search
EVT0000974,2025-10-06T16:02:00,CUST00026,P005,rate_check,Mobile,24,Partner
EVT0000975,2026-03-04T10:56:00,CUST00330,P003,document_upload,Mobile,13,Search
EVT0000976,2026-02-21T16:24:00,CUST00296,P001,application_start,Desktop,34,Social
EVT0000977,2025-01-17T14:36:00,CUST00162,P003,calculator_use,Desktop,18,Email
EVT0000978,2025-03-03T20:45:00,CUST00411,P001,page_view,Desktop,20,Search
EVT0000979,2026-08-31T15:16:00,CUST00440,P004,document_upload,Desktop,23,Email
EVT0000980,2025-06-03T09:58:00,CUST00431,P005,page_view,Desktop,34,Direct
EVT0000981,2026-09-22T14:39:00,CUST00259,P005,document_upload,Tablet,8,Search
EVT0000982,2026-08-24T11:23:00,CUST00492,P002,application_start,Mobile,14,Social
EVT0000983,2025-03-21T09:05:00,CUST00158,P005,calculator_use,Tablet,32,Direct
EVT0000984,2025-11-03T15:23:00,CUST00438,P002,application_start,Desktop,6,Partner
EVT0000985,2026-01-29T10:19:00,CUST00147,P002,calculator_use,Mobile,19,Partner
EVT0000986,2025-07-02T09:53:00,CUST00084,P001,rate_check,Mobile,17,Partner
EVT0000987,2025-05-28T18:15:00,CUST00319,P002,document_upload,Mobile,1,Partner
EVT0000988,2026-04-01T11:42:00,CUST00429,P001,calculator_use,Desktop,18,Partner
EVT0000989,2025-12-15T21:59:00,CUST00197,P001,calculator_use,Mobile,4,Direct
EVT0000990,2025-09-13T22:36:00,CUST00214,P001,document_upload,Desktop,4,Partner
EVT0000991,2025-04-21T14:12:00,CUST00296,P003,calculator_use,Desktop,5,Email
EVT0000992,2025-07-01T08:58:00,CUST00324,P001,rate_check,Desktop,19,Direct
EVT0000993,2026-02-13T09:24:00,CUST00250,P003,document_upload,Desktop,22,Partner
EVT0000994,2026-06-26T19:58:00,CUST00130,P001,calculator_use,Mobile,8,Search
EVT0000995,2026-03-22T14:23:00,CUST00112,P002,page_view,Desktop,34,Email
EVT0000996,2025-03-10T13:57:00,CUST00482,P005,application_start,Tablet,21,Social
EVT0000997,2026-09-20T09:42:00,CUST00060,P004,calculator_use,Tablet,31,Social
EVT0000998,2025-03-02T19:21:00,CUST00088,P005,rate_check,Tablet,20,Social
EVT0000999,2025-03-29T21:37:00,CUST00092,P002,page_view,Tablet,7,Email
EVT0001000,2026-08-20T22:38:00,CUST00082,P005,calculator_use,Tablet,8,Email
EVT0001001,2025-01-08T20:05:00,CUST00057,P003,rate_check,Tablet,24,Partner
EVT0001002,2026-08-19T11:37:00,CUST00462,P005,page_view,Mobile,11,Partner
EVT0001003,2025-01-06T22:07:00,CUST00165,P002,rate_check,Tablet,2,Direct
EVT0001004,2025-02-13T10:03:00,CUST00231,P003,document_upload,Tablet,20,Email
EVT0001005,2026-05-31T16:33:00,CUST00224,P005,application_start,Mobile,24,Social
EVT0001006,2025-03-17T19:34:00,CUST00153,P005,rate_check,Mobile,12,Social
EVT0001007,2026-01-30T15:56:00,CUST00064,P002,calculator_use,Tablet,7,Partner
EVT0001008,2026-08-14T09:58:00,CUST00160,P003,calculator_use,Desktop,10,Direct
EVT0001009,2025-04-08T09:12:00,CUST00287,P001,page_view,Tablet,21,Search
EVT0001010,2026-01-03T14:53:00,CUST00112,P001,document_upload,Desktop,16,Email
EVT0001011,2025-09-14T22:45:00,CUST00094,P005,page_view,Tablet,9,Search
EVT0001012,2026-02-09T10:25:00,CUST00452,P003,application_start,Desktop,16,Search
EVT0001013,2025-11-17T11:59:00,CUST00006,P002,calculator_use,Desktop,16,Social
EVT0001014,2025-02-10T21:28:00,CUST00218,P004,application_start,Mobile,2,Email
EVT0001015,2026-09-26T22:46:00,CUST00396,P002,rate_check,Tablet,35,Partner
EVT0001016,2026-02-09T22:30:00,CUST00328,P004,calculator_use,Desktop,35,Partner
EVT0001017,2025-03-18T08:28:00,CUST00250,P002,calculator_use,Desktop,19,Direct
EVT0001018,2025-08-12T19:02:00,CUST00011,P002,calculator_use,Desktop,2,Social
EVT0001019,2025-05-29T12:51:00,CUST00366,P004,application_start,Desktop,23,Email
EVT0001020,2025-12-21T12:56:00,CUST00094,P004,page_view,Mobile,35,Social
EVT0001021,2026-08-31T10:31:00,CUST00344,P002,application_start,Tablet,15,Social
EVT0001022,2025-07-09T11:35:00,CUST00283,P003,page_view,Tablet,11,Social
EVT0001023,2026-01-26T18:12:00,CUST00296,P002,rate_check,Mobile,36,Partner
EVT0001024,2026-05-05T22:47:00,CUST00265,P001,page_view,Mobile,12,Search
EVT0001025,2025-08-25T09:33:00,CUST00181,P004,document_upload,Tablet,24,Social
EVT0001026,2025-03-24T19:27:00,CUST00121,P001,document_upload,Tablet,12,Direct
EVT0001027,2025-11-23T11:19:00,CUST00334,P002,application_start,Tablet,4,Email
EVT0001028,2025-01-04T15:30:00,CUST00004,P004,calculator_use,Desktop,36,Social
EVT0001029,2026-08-03T12:42:00,CUST00471,P003,document_upload,Tablet,26,Search
EVT0001030,2026-04-13T14:32:00,CUST00401,P003,application_start,Tablet,27,Search
EVT0001031,2025-09-01T16:59:00,CUST00394,P001,page_view,Mobile,23,Direct
EVT0001032,2026-07-20T12:47:00,CUST00313,P003,calculator_use,Mobile,11,Search
EVT0001033,2026-08-20T13:21:00,CUST00461,P003,page_view,Desktop,13,Direct
EVT0001034,2026-09-20T09:22:00,CUST00381,P003,calculator_use,Desktop,27,Search
EVT0001035,2025-04-23T22:47:00,CUST00338,P003,page_view,Desktop,27,Partner
EVT0001036,2025-04-20T18:14:00,CUST00159,P003,application_start,Desktop,26,Email
EVT0001037,2025-01-11T21:21:00,CUST00376,P005,page_view,Mobile,5,Partner
EVT0001038,2025-05-26T10:15:00,CUST00122,P004,calculator_use,Desktop,27,Partner
EVT0001039,2026-04-23T21:02:00,CUST00432,P005,rate_check,Tablet,12,Search
EVT0001040,2025-04-25T10:33:00,CUST00325,P005,page_view,Mobile,5,Social
EVT0001041,2026-08-07T20:14:00,CUST00418,P005,calculator_use,Mobile,29,Email
EVT0001042,2025-05-03T09:57:00,CUST00450,P002,rate_check,Mobile,21,Social
EVT0001043,2026-05-25T22:52:00,CUST00217,P002,rate_check,Desktop,6,Email
EVT0001044,2025-09-02T09:57:00,CUST00311,P002,page_view,Tablet,33,Partner
EVT0001045,2025-02-25T21:27:00,CUST00083,P002,calculator_use,Tablet,17,Direct
EVT0001046,2026-06-30T09:32:00,CUST00014,P002,page_view,Desktop,27,Email
EVT0001047,2025-04-05T18:02:00,CUST00281,P003,page_view,Desktop,5,Social
EVT0001048,2025-03-19T19:16:00,CUST00079,P003,page_view,Tablet,6,Partner
EVT0001049,2026-06-15T12:27:00,CUST00024,P002,page_view,Mobile,36,Partner
EVT0001050,2025-07-16T10:48:00,CUST00273,P004,page_view,Mobile,31,Direct
EVT0001051,2025-01-22T12:12:00,CUST00108,P002,calculator_use,Tablet,32,Email
EVT0001052,2025-11-11T12:08:00,CUST00110,P002,page_view,Desktop,27,Email
EVT0001053,2025-01-22T12:53:00,CUST00034,P001,application_start,Desktop,5,Direct
EVT0001054,2025-04-24T11:07:00,CUST00323,P003,rate_check,Mobile,24,Email
EVT0001055,2026-08-08T12:08:00,CUST00492,P004,page_view,Tablet,31,Search
EVT0001056,2025-08-26T17:22:00,CUST00351,P002,application_start,Tablet,30,Search
EVT0001057,2026-05-16T14:50:00,CUST00337,P001,page_view,Tablet,34,Social
EVT0001058,2026-08-20T16:31:00,CUST00457,P005,document_upload,Mobile,32,Partner
EVT0001059,2026-01-15T21:04:00,CUST00244,P004,rate_check,Tablet,31,Partner
EVT0001060,2025-05-12T20:13:00,CUST00337,P001,document_upload,Tablet,6,Social
EVT0001061,2025-08-17T17:29:00,CUST00498,P005,rate_check,Desktop,18,Social
EVT0001062,2025-02-09T12:23:00,CUST00244,P002,page_view,Tablet,17,Email
EVT0001063,2026-02-24T22:32:00,CUST00175,P005,page_view,Tablet,30,Search
EVT0001064,2026-07-06T16:57:00,CUST00144,P001,page_view,Mobile,26,Email
EVT0001065,2025-09-11T18:40:00,CUST00373,P001,page_view,Mobile,32,Email
EVT0001066,2026-09-27T11:58:00,CUST00262,P003,document_upload,Desktop,35,Email
EVT0001067,2025-05-24T08:23:00,CUST00123,P004,calculator_use,Mobile,13,Search
EVT0001068,2026-04-04T09:43:00,CUST00299,P002,document_upload,Mobile,17,Direct
EVT0001069,2025-08-22T16:20:00,CUST00483,P004,application_start,Mobile,1,Search
EVT0001070,2025-03-18T20:22:00,CUST00028,P004,rate_check,Mobile,36,Email
EVT0001071,2025-12-21T13:43:00,CUST00096,P001,calculator_use,Tablet,22,Search
EVT0001072,2025-10-01T12:59:00,CUST00345,P003,page_view,Mobile,34,Social
EVT0001073,2026-04-12T15:44:00,CUST00347,P004,document_upload,Tablet,35,Social
EVT0001074,2025-05-19T20:06:00,CUST00475,P002,page_view,Tablet,3,Partner
EVT0001075,2025-01-10T22:17:00,CUST00400,P002,page_view,Tablet,20,Partner
EVT0001076,2025-05-08T20:11:00,CUST00390,P001,calculator_use,Mobile,7,Partner
EVT0001077,2026-07-05T19:00:00,CUST00188,P004,calculator_use,Desktop,2,Email
EVT0001078,2026-02-23T15:05:00,CUST00283,P004,document_upload,Mobile,17,Email
EVT0001079,2025-05-10T20:18:00,CUST00077,P004,calculator_use,Mobile,4,Email
EVT0001080,2026-03-01T15:05:00,CUST00289,P005,page_view,Desktop,8,Social
EVT0001081,2025-01-15T11:15:00,CUST00238,P004,rate_check,Mobile,30,Direct
EVT0001082,2025-10-28T11:50:00,CUST00355,P003,page_view,Mobile,16,Search
EVT0001083,2026-03-10T20:33:00,CUST00158,P004,document_upload,Tablet,31,Email
EVT0001084,2025-08-07T18:49:00,CUST00308,P001,page_view,Mobile,15,Social
EVT0001085,2026-03-29T17:38:00,CUST00052,P004,document_upload,Tablet,10,Email
EVT0001086,2025-06-14T12:29:00,CUST00207,P005,page_view,Mobile,34,Direct
EVT0001087,2025-03-02T09:32:00,CUST00054,P002,application_start,Mobile,16,Search
EVT0001088,2025-09-28T22:22:00,CUST00127,P001,application_start,Mobile,7,Social
EVT0001089,2025-06-20T15:23:00,CUST00404,P001,document_upload,Desktop,31,Direct
EVT0001090,2025-10-05T11:57:00,CUST00012,P002,application_start,Mobile,13,Search
EVT0001091,2026-04-26T12:01:00,CUST00182,P004,calculator_use,Desktop,25,Search
EVT0001092,2025-06-08T11:07:00,CUST00162,P001,page_view,Mobile,17,Direct
EVT0001093,2025-04-27T17:53:00,CUST00327,P001,page_view,Tablet,9,Direct
EVT0001094,2026-05-16T09:15:00,CUST00195,P001,application_start,Tablet,14,Direct
EVT0001095,2026-01-05T21:08:00,CUST00402,P001,rate_check,Desktop,20,Email
EVT0001096,2026-03-25T18:15:00,CUST00084,P004,calculator_use,Desktop,36,Email
EVT0001097,2025-11-20T20:27:00,CUST00343,P002,page_view,Desktop,27,Direct
EVT0001098,2026-09-29T17:45:00,CUST00494,P003,document_upload,Mobile,18,Search
EVT0001099,2026-07-01T12:54:00,CUST00212,P001,calculator_use,Mobile,14,Partner
EVT0001100,2026-07-03T10:25:00,CUST00391,P003,document_upload,Desktop,24,Direct
EVT0001101,2025-10-04T21:39:00,CUST00274,P001,document_upload,Tablet,20,Direct
EVT0001102,2025-05-17T11:22:00,CUST00094,P002,document_upload,Mobile,15,Email
EVT0001103,2025-07-31T18:47:00,CUST00262,P001,calculator_use,Tablet,11,Social
EVT0001104,2025-12-11T08:59:00,CUST00266,P001,application_start,Mobile,3,Partner
EVT0001105,2025-04-01T17:43:00,CUST00367,P005,application_start,Desktop,24,Email
EVT0001106,2025-05-15T13:11:00,CUST00404,P003,calculator_use,Tablet,31,Partner
EVT0001107,2025-09-17T12:49:00,CUST00251,P004,calculator_use,Tablet,25,Email
EVT0001108,2025-09-09T08:19:00,CUST00407,P005,application_start,Mobile,4,Direct
EVT0001109,2026-01-31T17:34:00,CUST00223,P001,document_upload,Desktop,25,Email
EVT0001110,2025-05-09T19:42:00,CUST00280,P004,application_start,Mobile,24,Search
EVT0001111,2026-08-31T11:50:00,CUST00255,P004,document_upload,Mobile,19,Partner
EVT0001112,2025-04-14T10:07:00,CUST00011,P005,page_view,Mobile,2,Partner
EVT0001113,2025-09-17T20:22:00,CUST00081,P003,rate_check,Tablet,28,Direct
EVT0001114,2025-03-03T17:53:00,CUST00048,P004,document_upload,Desktop,10,Email
EVT0001115,2026-03-27T17:09:00,CUST00240,P001,application_start,Desktop,24,Direct
EVT0001116,2025-10-31T11:07:00,CUST00362,P004,application_start,Desktop,14,Search
EVT0001117,2025-08-25T19:43:00,CUST00191,P001,document_upload,Mobile,16,Social
EVT0001118,2025-09-22T12:09:00,CUST00261,P005,application_start,Tablet,23,Search
EVT0001119,2026-03-14T09:50:00,CUST00352,P002,application_start,Tablet,17,Social
EVT0001120,2025-12-11T22:51:00,CUST00213,P003,calculator_use,Tablet,23,Social
EVT0001121,2026-06-04T22:07:00,CUST00182,P004,rate_check,Mobile,13,Direct
EVT0001122,2025-05-28T15:46:00,CUST00253,P003,page_view,Tablet,15,Search
EVT0001123,2025-10-14T22:01:00,CUST00436,P002,rate_check,Desktop,14,Partner
EVT0001124,2026-05-03T14:06:00,CUST00442,P002,application_start,Mobile,18,Direct
EVT0001125,2025-02-11T12:46:00,CUST00393,P003,application_start,Mobile,24,Direct
EVT0001126,2026-07-20T14:14:00,CUST00042,P002,document_upload,Desktop,8,Direct
EVT0001127,2025-05-20T19:55:00,CUST00180,P001,rate_check,Tablet,11,Direct
EVT0001128,2025-12-13T17:22:00,CUST00245,P003,rate_check,Tablet,9,Partner
EVT0001129,2026-05-18T15:50:00,CUST00400,P004,calculator_use,Desktop,14,Social
EVT0001130,2025-09-29T11:58:00,CUST00108,P003,rate_check,Tablet,30,Search
EVT0001131,2026-03-28T16:13:00,CUST00375,P002,document_upload,Mobile,12,Direct
EVT0001132,2025-05-03T08:00:00,CUST00423,P003,rate_check,Mobile,1,Partner
EVT0001133,2025-03-11T12:12:00,CUST00226,P002,calculator_use,Tablet,34,Partner
EVT0001134,2026-01-27T20:59:00,CUST00490,P005,calculator_use,Desktop,32,Direct
EVT0001135,2026-05-03T11:07:00,CUST00185,P003,page_view,Mobile,12,Direct
EVT0001136,2026-07-27T11:04:00,CUST00287,P005,document_upload,Mobile,15,Direct
EVT0001137,2026-01-06T08:30:00,CUST00341,P005,document_upload,Desktop,15,Partner
EVT0001138,2025-04-18T10:39:00,CUST00231,P002,application_start,Desktop,18,Direct
EVT0001139,2026-06-14T13:03:00,CUST00380,P003,rate_check,Tablet,30,Email
EVT0001140,2026-06-23T10:26:00,CUST00311,P001,document_upload,Tablet,2,Direct
EVT0001141,2026-04-29T10:11:00,CUST00312,P001,page_view,Tablet,31,Direct
EVT0001142,2025-05-05T16:37:00,CUST00447,P002,calculator_use,Mobile,12,Search
EVT0001143,2026-08-07T14:49:00,CUST00306,P003,page_view,Desktop,16,Search
EVT0001144,2026-09-28T22:49:00,CUST00039,P003,document_upload,Tablet,30,Email
EVT0001145,2026-01-05T15:50:00,CUST00059,P004,document_upload,Desktop,13,Search
EVT0001146,2026-07-19T16:34:00,CUST00101,P001,page_view,Mobile,1,Social
EVT0001147,2026-04-22T13:00:00,CUST00145,P001,rate_check,Tablet,18,Direct
EVT0001148,2025-01-25T08:28:00,CUST00485,P002,document_upload,Tablet,35,Partner
EVT0001149,2026-06-13T19:50:00,CUST00253,P003,application_start,Mobile,22,Social
EVT0001150,2026-08-25T13:36:00,CUST00174,P001,page_view,Mobile,22,Direct
EVT0001151,2026-03-25T10:57:00,CUST00152,P005,rate_check,Mobile,27,Social
EVT0001152,2025-05-12T15:11:00,CUST00150,P004,document_upload,Mobile,22,Direct
EVT0001153,2025-10-22T20:44:00,CUST00277,P001,rate_check,Desktop,20,Search
EVT0001154,2025-10-04T20:42:00,CUST00334,P005,calculator_use,Desktop,17,Partner
EVT0001155,2026-05-14T22:24:00,CUST00075,P001,calculator_use,Tablet,13,Email
EVT0001156,2026-08-11T22:18:00,CUST00310,P002,page_view,Mobile,25,Partner
EVT0001157,2026-03-29T16:57:00,CUST00132,P001,document_upload,Tablet,27,Social
EVT0001158,2026-06-30T13:28:00,CUST00262,P003,calculator_use,Tablet,5,Direct
EVT0001159,2026-03-24T15:41:00,CUST00028,P004,rate_check,Mobile,19,Direct
EVT0001160,2025-08-30T18:37:00,CUST00259,P004,application_start,Tablet,21,Search
EVT0001161,2025-02-23T09:10:00,CUST00233,P004,calculator_use,Tablet,14,Direct
EVT0001162,2025-12-31T18:42:00,CUST00221,P003,document_upload,Tablet,10,Email
EVT0001163,2026-07-14T08:17:00,CUST00127,P004,application_start,Desktop,19,Direct
EVT0001164,2025-07-25T14:22:00,CUST00248,P005,page_view,Tablet,29,Email
EVT0001165,2025-07-02T14:57:00,CUST00202,P005,document_upload,Desktop,4,Search
EVT0001166,2026-04-26T11:21:00,CUST00343,P002,application_start,Desktop,10,Email
EVT0001167,2025-07-09T09:09:00,CUST00200,P004,rate_check,Desktop,2,Social
EVT0001168,2026-04-14T18:32:00,CUST00400,P003,document_upload,Mobile,8,Email
EVT0001169,2025-11-09T10:21:00,CUST00120,P002,application_start,Mobile,2,Direct
EVT0001170,2025-01-01T22:55:00,CUST00298,P005,calculator_use,Mobile,35,Search
EVT0001171,2025-02-17T19:13:00,CUST00209,P005,page_view,Desktop,18,Direct
EVT0001172,2026-02-20T13:41:00,CUST00421,P002,rate_check,Desktop,33,Email
EVT0001173,2025-10-01T17:56:00,CUST00223,P005,document_upload,Mobile,29,Direct
EVT0001174,2025-02-14T14:02:00,CUST00378,P004,page_view,Mobile,18,Partner
EVT0001175,2025-09-03T11:55:00,CUST00051,P003,application_start,Desktop,4,Email
EVT0001176,2025-03-23T19:55:00,CUST00376,P005,application_start,Mobile,19,Search
EVT0001177,2026-03-25T09:42:00,CUST00199,P005,application_start,Desktop,33,Partner
EVT0001178,2025-03-23T22:22:00,CUST00224,P002,application_start,Tablet,32,Email
EVT0001179,2025-11-29T12:23:00,CUST00427,P001,document_upload,Mobile,28,Direct
EVT0001180,2025-10-25T20:34:00,CUST00269,P002,application_start,Mobile,5,Email
EVT0001181,2026-06-03T13:56:00,CUST00088,P004,rate_check,Tablet,5,Email
EVT0001182,2026-05-31T16:30:00,CUST00056,P005,rate_check,Mobile,14,Email
EVT0001183,2025-06-26T09:40:00,CUST00352,P005,rate_check,Desktop,14,Search
EVT0001184,2026-06-21T22:53:00,CUST00296,P005,rate_check,Desktop,21,Social
EVT0001185,2025-01-15T15:44:00,CUST00403,P001,page_view,Desktop,9,Direct
EVT0001186,2026-06-08T12:59:00,CUST00149,P003,calculator_use,Mobile,30,Partner
EVT0001187,2025-09-30T09:46:00,CUST00037,P003,application_start,Tablet,25,Partner
EVT0001188,2025-11-20T14:35:00,CUST00004,P003,document_upload,Desktop,6,Direct
EVT0001189,2026-01-15T15:41:00,CUST00206,P003,application_start,Mobile,29,Partner
EVT0001190,2026-05-01T19:27:00,CUST00478,P003,application_start,Mobile,17,Partner
EVT0001191,2025-02-17T16:22:00,CUST00499,P004,rate_check,Desktop,33,Email
EVT0001192,2026-08-24T14:19:00,CUST00436,P002,calculator_use,Mobile,12,Direct
EVT0001193,2025-03-05T12:36:00,CUST00252,P003,document_upload,Tablet,34,Partner
EVT0001194,2026-08-31T16:32:00,CUST00271,P002,application_start,Desktop,30,Email
EVT0001195,2025-05-26T10:00:00,CUST00154,P003,application_start,Desktop,36,Email
EVT0001196,2026-03-01T22:38:00,CUST00355,P001,rate_check,Tablet,35,Partner
EVT0001197,2026-06-23T14:50:00,CUST00402,P002,calculator_use,Desktop,4,Partner
EVT0001198,2025-05-24T12:26:00,CUST00410,P004,application_start,Desktop,3,Search
EVT0001199,2025-09-21T11:03:00,CUST00084,P001,rate_check,Desktop,35,Search
EVT0001200,2025-09-05T21:01:00,CUST00291,P002,page_view,Desktop,8,Social
EVT0001201,2026-02-15T13:16:00,CUST00135,P001,document_upload,Tablet,21,Email
EVT0001202,2025-11-24T13:08:00,CUST00268,P004,calculator_use,Mobile,10,Social
EVT0001203,2025-12-18T09:17:00,CUST00202,P001,rate_check,Mobile,30,Email
EVT0001204,2026-06-20T11:20:00,CUST00178,P004,page_view,Mobile,35,Search
EVT0001205,2026-04-13T19:59:00,CUST00333,P005,page_view,Tablet,16,Email
EVT0001206,2026-03-11T22:39:00,CUST00179,P004,application_start,Desktop,14,Social
EVT0001207,2025-12-30T19:56:00,CUST00365,P005,document_upload,Mobile,17,Direct
EVT0001208,2025-05-25T13:43:00,CUST00238,P005,application_start,Desktop,8,Social
EVT0001209,2025-04-24T20:52:00,CUST00315,P005,application_start,Desktop,17,Partner
EVT0001210,2025-11-10T18:30:00,CUST00479,P005,application_start,Tablet,11,Social
EVT0001211,2026-07-04T12:08:00,CUST00101,P004,application_start,Tablet,24,Direct
EVT0001212,2026-04-14T11:27:00,CUST00249,P005,application_start,Tablet,4,Direct
EVT0001213,2025-05-15T18:59:00,CUST00417,P001,application_start,Desktop,4,Social
EVT0001214,2025-01-10T11:34:00,CUST00161,P002,application_start,Desktop,7,Search
EVT0001215,2025-03-19T17:02:00,CUST00064,P003,calculator_use,Mobile,25,Search
EVT0001216,2025-10-05T14:44:00,CUST00424,P003,rate_check,Desktop,3,Direct
EVT0001217,2026-03-12T14:13:00,CUST00201,P003,rate_check,Tablet,14,Email
EVT0001218,2025-06-09T12:12:00,CUST00019,P005,rate_check,Mobile,9,Email
EVT0001219,2025-04-04T12:00:00,CUST00124,P005,rate_check,Desktop,32,Email
EVT0001220,2026-06-24T21:18:00,CUST00161,P005,page_view,Tablet,18,Search
EVT0001221,2025-10-17T16:19:00,CUST00032,P002,rate_check,Mobile,4,Partner
EVT0001222,2025-01-15T20:47:00,CUST00144,P003,document_upload,Desktop,16,Search
EVT0001223,2026-08-22T18:56:00,CUST00264,P001,document_upload,Tablet,30,Direct
EVT0001224,2025-10-04T08:19:00,CUST00072,P003,rate_check,Desktop,2,Social
EVT0001225,2026-05-11T09:42:00,CUST00007,P004,document_upload,Desktop,16,Email
EVT0001226,2025-05-13T20:55:00,CUST00360,P002,application_start,Mobile,15,Partner
EVT0001227,2025-12-18T12:28:00,CUST00224,P003,application_start,Desktop,29,Search
EVT0001228,2026-05-03T11:21:00,CUST00228,P003,calculator_use,Mobile,36,Direct
EVT0001229,2025-04-10T10:58:00,CUST00148,P004,application_start,Mobile,28,Direct
EVT0001230,2026-08-18T11:51:00,CUST00174,P002,document_upload,Tablet,9,Social
EVT0001231,2026-04-19T19:03:00,CUST00137,P002,rate_check,Desktop,23,Direct
EVT0001232,2025-08-01T22:16:00,CUST00479,P001,rate_check,Tablet,16,Social
EVT0001233,2025-06-11T15:39:00,CUST00026,P004,document_upload,Tablet,22,Social
EVT0001234,2026-04-03T15:12:00,CUST00093,P003,rate_check,Tablet,5,Search
EVT0001235,2025-02-14T11:28:00,CUST00309,P005,page_view,Tablet,8,Search
EVT0001236,2026-09-06T11:36:00,CUST00227,P003,calculator_use,Mobile,30,Direct
EVT0001237,2025-07-05T09:50:00,CUST00486,P003,page_view,Mobile,12,Search
EVT0001238,2025-11-30T17:05:00,CUST00018,P004,page_view,Desktop,18,Email
EVT0001239,2025-09-15T22:13:00,CUST00098,P004,application_start,Mobile,19,Email
EVT0001240,2026-07-31T20:50:00,CUST00108,P002,application_start,Tablet,6,Email
EVT0001241,2025-01-08T18:03:00,CUST00076,P002,application_start,Tablet,10,Search
EVT0001242,2026-02-12T19:32:00,CUST00471,P004,rate_check,Mobile,11,Partner
EVT0001243,2026-06-04T22:56:00,CUST00261,P001,application_start,Tablet,21,Partner
EVT0001244,2026-09-09T22:13:00,CUST00055,P001,rate_check,Tablet,24,Search
EVT0001245,2025-02-14T17:02:00,CUST00021,P001,page_view,Tablet,28,Search
EVT0001246,2025-12-17T16:46:00,CUST00325,P002,application_start,Tablet,31,Partner
EVT0001247,2025-10-18T14:23:00,CUST00453,P003,document_upload,Mobile,8,Partner
EVT0001248,2025-11-13T15:41:00,CUST00085,P005,page_view,Desktop,19,Email
EVT0001249,2025-08-10T11:11:00,CUST00412,P004,calculator_use,Mobile,23,Partner
EVT0001250,2025-10-19T21:49:00,CUST00439,P005,page_view,Mobile,19,Partner
EVT0001251,2025-12-07T09:29:00,CUST00377,P002,calculator_use,Mobile,14,Email
EVT0001252,2026-06-12T13:06:00,CUST00499,P001,application_start,Mobile,25,Email
EVT0001253,2026-01-05T22:37:00,CUST00361,P005,application_start,Mobile,27,Direct
EVT0001254,2025-08-13T15:47:00,CUST00022,P002,calculator_use,Desktop,12,Social
EVT0001255,2025-10-06T16:16:00,CUST00432,P004,rate_check,Desktop,1,Social
EVT0001256,2025-05-11T13:05:00,CUST00082,P002,calculator_use,Mobile,23,Partner
EVT0001257,2026-01-13T21:46:00,CUST00470,P005,rate_check,Mobile,9,Search
EVT0001258,2026-02-28T08:17:00,CUST00249,P004,page_view,Mobile,10,Partner
EVT0001259,2025-02-28T10:39:00,CUST00158,P002,application_start,Desktop,35,Direct
EVT0001260,2025-06-08T10:37:00,CUST00113,P004,document_upload,Desktop,8,Direct
EVT0001261,2026-01-06T18:48:00,CUST00318,P002,rate_check,Mobile,13,Social
EVT0001262,2026-09-14T18:23:00,CUST00079,P002,page_view,Desktop,20,Social
EVT0001263,2026-07-25T12:01:00,CUST00202,P002,application_start,Mobile,22,Search
EVT0001264,2026-07-13T15:34:00,CUST00309,P001,rate_check,Tablet,19,Partner
EVT0001265,2026-10-01T08:03:00,CUST00207,P004,application_start,Tablet,10,Email
EVT0001266,2026-03-18T14:24:00,CUST00156,P004,document_upload,Mobile,36,Search
EVT0001267,2026-08-02T18:19:00,CUST00221,P001,rate_check,Tablet,27,Social
EVT0001268,2025-01-17T16:20:00,CUST00082,P003,calculator_use,Tablet,12,Email
EVT0001269,2025-06-19T17:30:00,CUST00404,P004,rate_check,Mobile,25,Social
EVT0001270,2025-08-04T20:58:00,CUST00385,P002,rate_check,Mobile,29,Search
EVT0001271,2025-11-08T19:52:00,CUST00250,P002,application_start,Tablet,11,Partner
EVT0001272,2025-10-04T15:11:00,CUST00493,P001,rate_check,Tablet,16,Email
EVT0001273,2026-03-17T14:25:00,CUST00327,P003,page_view,Desktop,23,Direct
EVT0001274,2026-09-06T19:47:00,CUST00480,P003,application_start,Desktop,35,Direct
EVT0001275,2026-02-10T10:32:00,CUST00194,P005,document_upload,Mobile,34,Social
EVT0001276,2026-09-23T10:17:00,CUST00490,P004,calculator_use,Tablet,17,Direct
EVT0001277,2026-09-30T13:05:00,CUST00387,P002,document_upload,Mobile,21,Partner
EVT0001278,2025-08-24T18:19:00,CUST00410,P001,calculator_use,Desktop,36,Social
EVT0001279,2025-04-14T16:15:00,CUST00117,P002,document_upload,Desktop,8,Partner
EVT0001280,2025-10-02T15:26:00,CUST00297,P002,document_upload,Desktop,9,Search
EVT0001281,2026-09-09T20:15:00,CUST00253,P004,document_upload,Tablet,1,Direct
EVT0001282,2025-06-13T22:51:00,CUST00398,P002,page_view,Desktop,25,Search
EVT0001283,2026-01-11T10:01:00,CUST00050,P005,page_view,Tablet,10,Search
EVT0001284,2026-01-08T10:13:00,CUST00297,P001,page_view,Desktop,16,Partner
EVT0001285,2025-03-10T12:49:00,CUST00327,P002,page_view,Tablet,36,Search
EVT0001286,2026-05-12T08:11:00,CUST00041,P002,rate_check,Desktop,36,Social
EVT0001287,2026-05-11T10:02:00,CUST00469,P004,page_view,Desktop,23,Social
EVT0001288,2025-04-11T18:49:00,CUST00010,P002,application_start,Mobile,21,Partner
EVT0001289,2025-01-15T08:44:00,CUST00463,P005,page_view,Tablet,7,Social
EVT0001290,2026-04-20T14:55:00,CUST00328,P001,calculator_use,Desktop,12,Email
EVT0001291,2026-06-27T11:16:00,CUST00436,P003,rate_check,Tablet,31,Direct
EVT0001292,2025-11-17T12:46:00,CUST00191,P001,application_start,Mobile,28,Social
EVT0001293,2026-04-22T18:03:00,CUST00060,P001,document_upload,Mobile,1,Search
EVT0001294,2026-06-30T10:57:00,CUST00248,P002,page_view,Mobile,4,Direct
EVT0001295,2026-06-17T08:55:00,CUST00320,P002,document_upload,Tablet,13,Email
EVT0001296,2025-04-27T10:53:00,CUST00322,P005,rate_check,Desktop,8,Partner
EVT0001297,2025-01-26T13:55:00,CUST00342,P001,document_upload,Tablet,14,Search
EVT0001298,2026-07-14T11:08:00,CUST00136,P001,calculator_use,Desktop,29,Partner
EVT0001299,2025-06-01T18:55:00,CUST00083,P003,page_view,Desktop,6,Search
EVT0001300,2026-03-24T15:36:00,CUST00058,P001,calculator_use,Tablet,19,Search
EVT0001301,2025-06-21T22:24:00,CUST00271,P002,application_start,Tablet,2,Direct
EVT0001302,2026-02-15T15:32:00,CUST00384,P001,page_view,Desktop,28,Partner
EVT0001303,2026-02-26T19:08:00,CUST00407,P005,document_upload,Desktop,12,Email
EVT0001304,2025-07-13T16:25:00,CUST00050,P003,calculator_use,Desktop,28,Partner
EVT0001305,2025-06-24T10:02:00,CUST00120,P001,document_upload,Tablet,20,Direct
EVT0001306,2025-08-02T18:54:00,CUST00248,P003,page_view,Mobile,1,Email
EVT0001307,2025-03-21T17:33:00,CUST00406,P002,calculator_use,Desktop,4,Email
EVT0001308,2025-11-27T20:20:00,CUST00015,P004,page_view,Tablet,17,Social
EVT0001309,2026-07-15T12:26:00,CUST00164,P002,application_start,Mobile,4,Search
EVT0001310,2026-06-01T12:27:00,CUST00401,P004,application_start,Tablet,32,Direct
EVT0001311,2026-07-27T18:46:00,CUST00376,P001,rate_check,Desktop,29,Partner
EVT0001312,2025-02-11T13:59:00,CUST00140,P003,document_upload,Desktop,21,Email
EVT0001313,2025-03-28T15:57:00,CUST00368,P001,rate_check,Mobile,11,Partner
EVT0001314,2026-03-30T11:59:00,CUST00329,P005,rate_check,Tablet,12,Social
EVT0001315,2026-07-15T22:15:00,CUST00014,P001,rate_check,Desktop,24,Direct
EVT0001316,2025-03-06T21:12:00,CUST00047,P002,calculator_use,Desktop,28,Search
EVT0001317,2026-07-01T08:04:00,CUST00436,P004,document_upload,Tablet,3,Email
EVT0001318,2025-11-07T08:25:00,CUST00016,P002,calculator_use,Desktop,5,Partner
EVT0001319,2026-05-02T20:04:00,CUST00327,P003,page_view,Mobile,4,Partner
EVT0001320,2025-12-27T20:54:00,CUST00140,P005,application_start,Tablet,28,Social
EVT0001321,2025-07-19T18:42:00,CUST00285,P004,page_view,Desktop,17,Direct
EVT0001322,2025-01-26T12:40:00,CUST00230,P005,calculator_use,Tablet,6,Search
EVT0001323,2025-05-04T17:03:00,CUST00278,P005,page_view,Desktop,18,Email
EVT0001324,2026-05-27T20:44:00,CUST00358,P004,application_start,Mobile,29,Partner
EVT0001325,2026-08-22T21:21:00,CUST00462,P001,rate_check,Mobile,26,Direct
EVT0001326,2025-02-09T17:09:00,CUST00050,P004,page_view,Mobile,28,Email
EVT0001327,2026-05-10T21:29:00,CUST00170,P001,page_view,Desktop,10,Search
EVT0001328,2025-09-15T19:22:00,CUST00285,P001,rate_check,Mobile,29,Social
EVT0001329,2026-03-27T15:42:00,CUST00448,P002,rate_check,Mobile,13,Search
EVT0001330,2025-12-28T18:37:00,CUST00031,P005,rate_check,Tablet,18,Social
EVT0001331,2026-05-01T20:15:00,CUST00289,P005,calculator_use,Tablet,33,Partner
EVT0001332,2025-06-25T17:38:00,CUST00090,P004,rate_check,Desktop,22,Partner
EVT0001333,2025-06-17T19:57:00,CUST00457,P001,calculator_use,Desktop,16,Social
EVT0001334,2026-03-10T11:45:00,CUST00258,P004,document_upload,Tablet,20,Partner
EVT0001335,2025-10-20T12:08:00,CUST00147,P005,application_start,Desktop,36,Search
EVT0001336,2025-12-22T10:45:00,CUST00164,P004,rate_check,Tablet,5,Social
EVT0001337,2026-03-03T18:29:00,CUST00376,P005,application_start,Desktop,10,Partner
EVT0001338,2025-08-20T21:15:00,CUST00128,P003,calculator_use,Desktop,25,Search
EVT0001339,2026-02-25T14:12:00,CUST00029,P001,rate_check,Mobile,4,Direct
EVT0001340,2025-04-05T13:25:00,CUST00135,P002,rate_check,Mobile,22,Search
EVT0001341,2025-08-05T14:10:00,CUST00498,P004,document_upload,Tablet,27,Search
EVT0001342,2025-07-19T13:29:00,CUST00455,P002,page_view,Mobile,18,Email
EVT0001343,2025-05-01T19:58:00,CUST00187,P003,calculator_use,Desktop,18,Email
EVT0001344,2025-03-28T09:06:00,CUST00479,P002,application_start,Mobile,17,Social
EVT0001345,2026-08-05T13:30:00,CUST00136,P003,calculator_use,Desktop,6,Social
EVT0001346,2025-07-03T21:40:00,CUST00273,P003,calculator_use,Mobile,16,Social
EVT0001347,2025-03-18T10:39:00,CUST00057,P003,page_view,Desktop,27,Email
EVT0001348,2026-09-18T10:57:00,CUST00386,P004,calculator_use,Tablet,25,Email
EVT0001349,2026-09-03T22:32:00,CUST00092,P005,application_start,Desktop,17,Partner
EVT0001350,2025-11-27T11:41:00,CUST00373,P002,document_upload,Tablet,34,Partner
EVT0001351,2025-05-02T13:15:00,CUST00192,P005,page_view,Desktop,30,Email
EVT0001352,2025-09-25T13:41:00,CUST00415,P001,page_view,Tablet,15,Email
EVT0001353,2025-07-01T22:43:00,CUST00246,P005,rate_check,Desktop,22,Partner
EVT0001354,2025-06-25T12:20:00,CUST00417,P005,rate_check,Desktop,2,Social
EVT0001355,2025-09-15T14:19:00,CUST00047,P002,rate_check,Tablet,31,Social
EVT0001356,2025-06-22T12:13:00,CUST00328,P004,page_view,Tablet,5,Email
EVT0001357,2025-01-14T14:26:00,CUST00324,P004,document_upload,Mobile,8,Direct
EVT0001358,2026-02-28T11:47:00,CUST00194,P005,application_start,Mobile,7,Search
EVT0001359,2026-06-16T22:31:00,CUST00410,P001,document_upload,Tablet,3,Partner
EVT0001360,2026-03-11T09:54:00,CUST00174,P001,calculator_use,Mobile,6,Email
EVT0001361,2025-04-15T09:57:00,CUST00298,P001,rate_check,Mobile,1,Search
EVT0001362,2025-03-25T14:02:00,CUST00373,P002,page_view,Mobile,4,Search
EVT0001363,2025-06-19T16:59:00,CUST00467,P004,document_upload,Tablet,27,Social
EVT0001364,2025-05-17T09:59:00,CUST00493,P002,rate_check,Desktop,36,Partner
EVT0001365,2025-09-28T19:44:00,CUST00455,P001,document_upload,Tablet,19,Search
EVT0001366,2026-04-19T17:25:00,CUST00191,P001,application_start,Tablet,29,Social
EVT0001367,2025-06-17T08:59:00,CUST00449,P003,page_view,Tablet,5,Email
EVT0001368,2025-10-04T10:16:00,CUST00044,P003,application_start,Desktop,31,Search
EVT0001369,2025-06-23T11:45:00,CUST00432,P004,document_upload,Mobile,5,Email
EVT0001370,2025-06-23T16:45:00,CUST00297,P003,calculator_use,Tablet,18,Partner
EVT0001371,2026-04-27T19:27:00,CUST00500,P003,rate_check,Mobile,33,Search
EVT0001372,2025-01-30T13:20:00,CUST00304,P002,application_start,Mobile,31,Social
EVT0001373,2025-08-02T14:28:00,CUST00329,P005,application_start,Desktop,31,Email
EVT0001374,2025-02-11T13:37:00,CUST00369,P001,rate_check,Tablet,18,Social
EVT0001375,2025-01-05T20:17:00,CUST00053,P003,rate_check,Tablet,4,Search
EVT0001376,2025-01-27T21:08:00,CUST00175,P004,document_upload,Mobile,36,Partner
EVT0001377,2026-03-12T19:00:00,CUST00317,P004,document_upload,Mobile,14,Email
EVT0001378,2026-02-07T08:58:00,CUST00158,P004,application_start,Mobile,6,Search
EVT0001379,2025-04-01T16:18:00,CUST00045,P001,rate_check,Mobile,11,Search
EVT0001380,2025-10-20T22:06:00,CUST00195,P003,document_upload,Desktop,9,Email
EVT0001381,2025-10-28T08:32:00,CUST00177,P005,calculator_use,Tablet,15,Email
EVT0001382,2025-09-04T13:10:00,CUST00208,P003,calculator_use,Tablet,16,Partner
EVT0001383,2026-08-28T13:02:00,CUST00396,P004,application_start,Tablet,27,Email
EVT0001384,2026-04-15T22:14:00,CUST00397,P003,application_start,Mobile,36,Email
EVT0001385,2025-12-05T09:10:00,CUST00373,P002,rate_check,Mobile,36,Email
EVT0001386,2026-08-30T21:40:00,CUST00215,P004,page_view,Desktop,32,Email
EVT0001387,2025-06-11T21:30:00,CUST00396,P002,document_upload,Tablet,12,Social
EVT0001388,2026-03-15T13:56:00,CUST00141,P005,rate_check,Desktop,26,Partner
EVT0001389,2026-08-01T17:03:00,CUST00131,P005,rate_check,Desktop,15,Social
EVT0001390,2025-02-08T15:00:00,CUST00174,P003,page_view,Tablet,17,Direct
EVT0001391,2025-03-26T10:18:00,CUST00176,P005,rate_check,Mobile,21,Partner
EVT0001392,2025-08-15T21:44:00,CUST00456,P003,document_upload,Mobile,5,Search
EVT0001393,2026-05-09T14:45:00,CUST00346,P005,rate_check,Mobile,11,Social
EVT0001394,2025-03-14T12:08:00,CUST00146,P004,application_start,Tablet,11,Direct
EVT0001395,2026-06-08T13:09:00,CUST00139,P001,page_view,Mobile,16,Search
EVT0001396,2025-03-20T09:33:00,CUST00135,P004,document_upload,Mobile,34,Partner
EVT0001397,2025-05-28T16:11:00,CUST00097,P004,application_start,Mobile,13,Search
EVT0001398,2025-02-12T12:06:00,CUST00355,P005,document_upload,Desktop,31,Direct
EVT0001399,2025-02-19T11:12:00,CUST00412,P004,rate_check,Desktop,33,Email
EVT0001400,2025-03-30T16:41:00,CUST00150,P003,calculator_use,Desktop,27,Partner
EVT0001401,2025-01-17T18:38:00,CUST00028,P002,rate_check,Desktop,15,Partner
EVT0001402,2026-07-08T08:46:00,CUST00467,P005,rate_check,Tablet,5,Direct
EVT0001403,2026-03-02T15:46:00,CUST00298,P002,application_start,Mobile,30,Partner
EVT0001404,2026-03-03T13:48:00,CUST00233,P002,application_start,Mobile,20,Email
EVT0001405,2025-12-05T17:56:00,CUST00179,P003,page_view,Desktop,17,Social
EVT0001406,2025-12-05T20:55:00,CUST00057,P005,calculator_use,Desktop,23,Direct
EVT0001407,2025-05-24T14:39:00,CUST00056,P001,rate_check,Tablet,21,Email
EVT0001408,2025-02-20T16:39:00,CUST00106,P002,rate_check,Desktop,16,Search
EVT0001409,2025-07-30T13:43:00,CUST00335,P001,page_view,Mobile,34,Email
EVT0001410,2026-04-21T08:09:00,CUST00173,P001,application_start,Mobile,2,Partner
EVT0001411,2025-01-15T14:28:00,CUST00071,P004,calculator_use,Tablet,7,Email
EVT0001412,2025-11-01T12:52:00,CUST00324,P001,document_upload,Mobile,28,Search
EVT0001413,2025-10-20T16:15:00,CUST00055,P004,calculator_use,Tablet,9,Partner
EVT0001414,2026-04-10T11:03:00,CUST00357,P005,rate_check,Tablet,19,Direct
EVT0001415,2025-12-02T21:30:00,CUST00224,P005,rate_check,Mobile,11,Direct
EVT0001416,2026-01-05T16:39:00,CUST00081,P002,rate_check,Mobile,30,Direct
EVT0001417,2026-07-14T10:34:00,CUST00083,P003,calculator_use,Tablet,36,Social
EVT0001418,2026-08-29T18:56:00,CUST00458,P001,document_upload,Mobile,23,Direct
EVT0001419,2026-08-20T09:47:00,CUST00197,P003,document_upload,Mobile,21,Partner
EVT0001420,2025-11-02T14:16:00,CUST00337,P003,calculator_use,Desktop,16,Social
EVT0001421,2025-09-22T09:23:00,CUST00004,P001,rate_check,Mobile,10,Social
EVT0001422,2026-07-06T13:21:00,CUST00193,P004,calculator_use,Mobile,1,Direct
EVT0001423,2026-04-27T20:31:00,CUST00258,P005,document_upload,Tablet,23,Direct
EVT0001424,2026-01-20T15:02:00,CUST00064,P003,document_upload,Tablet,15,Partner
EVT0001425,2025-12-18T22:02:00,CUST00251,P002,rate_check,Tablet,2,Direct
EVT0001426,2025-03-20T15:30:00,CUST00409,P003,page_view,Tablet,32,Search
EVT0001427,2025-02-13T18:15:00,CUST00139,P004,page_view,Mobile,7,Search
EVT0001428,2025-01-13T19:31:00,CUST00340,P003,document_upload,Tablet,9,Direct
EVT0001429,2025-12-25T15:20:00,CUST00198,P003,rate_check,Mobile,23,Email
EVT0001430,2026-05-30T19:58:00,CUST00332,P002,rate_check,Desktop,36,Partner
EVT0001431,2025-12-13T22:05:00,CUST00251,P005,calculator_use,Tablet,4,Partner
EVT0001432,2026-06-18T22:32:00,CUST00465,P004,page_view,Mobile,23,Partner
EVT0001433,2026-01-09T21:26:00,CUST00057,P003,application_start,Desktop,27,Partner
EVT0001434,2025-11-05T08:36:00,CUST00287,P005,rate_check,Mobile,16,Partner
EVT0001435,2025-01-15T13:36:00,CUST00129,P004,calculator_use,Mobile,8,Partner
EVT0001436,2025-08-13T11:37:00,CUST00060,P001,calculator_use,Mobile,13,Search
EVT0001437,2026-01-16T22:04:00,CUST00068,P003,document_upload,Desktop,24,Partner
EVT0001438,2025-03-10T17:08:00,CUST00311,P004,page_view,Desktop,28,Social
EVT0001439,2026-07-26T21:48:00,CUST00231,P003,application_start,Tablet,32,Social
EVT0001440,2026-05-09T17:48:00,CUST00156,P005,document_upload,Tablet,27,Search
EVT0001441,2026-03-12T22:14:00,CUST00044,P005,page_view,Mobile,11,Partner
EVT0001442,2025-09-24T19:13:00,CUST00322,P001,application_start,Tablet,12,Search
EVT0001443,2026-07-31T19:05:00,CUST00391,P003,application_start,Mobile,9,Search
EVT0001444,2025-05-18T15:18:00,CUST00003,P001,application_start,Tablet,1,Direct
EVT0001445,2025-07-28T09:48:00,CUST00250,P004,document_upload,Desktop,33,Partner
EVT0001446,2025-01-18T21:33:00,CUST00125,P004,calculator_use,Tablet,23,Search
EVT0001447,2025-01-05T14:50:00,CUST00416,P004,rate_check,Desktop,13,Direct
EVT0001448,2025-12-23T14:30:00,CUST00212,P002,rate_check,Tablet,23,Partner
EVT0001449,2026-02-05T17:46:00,CUST00233,P003,calculator_use,Desktop,34,Email
EVT0001450,2025-01-02T20:19:00,CUST00410,P001,page_view,Tablet,3,Search
EVT0001451,2026-04-26T11:01:00,CUST00438,P002,rate_check,Desktop,20,Social
EVT0001452,2025-11-08T21:44:00,CUST00090,P004,application_start,Desktop,21,Search
EVT0001453,2025-12-16T21:26:00,CUST00350,P002,page_view,Desktop,36,Social
EVT0001454,2025-01-14T11:53:00,CUST00354,P002,document_upload,Desktop,28,Social
EVT0001455,2026-02-27T10:42:00,CUST00169,P005,page_view,Tablet,22,Search
EVT0001456,2025-04-16T09:41:00,CUST00471,P001,rate_check,Tablet,6,Partner
EVT0001457,2025-01-31T20:13:00,CUST00249,P005,application_start,Mobile,25,Partner
EVT0001458,2026-09-24T12:30:00,CUST00118,P004,rate_check,Tablet,5,Search
EVT0001459,2025-12-01T17:32:00,CUST00082,P004,calculator_use,Mobile,1,Search
EVT0001460,2026-09-18T08:45:00,CUST00103,P004,rate_check,Tablet,18,Direct
EVT0001461,2026-05-18T13:13:00,CUST00427,P002,calculator_use,Tablet,13,Direct
EVT0001462,2025-06-09T19:16:00,CUST00338,P002,calculator_use,Desktop,29,Email
EVT0001463,2025-04-11T17:40:00,CUST00213,P004,calculator_use,Desktop,16,Direct
EVT0001464,2026-05-29T15:35:00,CUST00190,P004,page_view,Mobile,5,Search
EVT0001465,2025-12-04T10:18:00,CUST00359,P004,document_upload,Mobile,35,Social
EVT0001466,2025-12-31T10:51:00,CUST00037,P005,document_upload,Tablet,16,Social
EVT0001467,2025-01-05T22:45:00,CUST00258,P002,page_view,Mobile,8,Email
EVT0001468,2026-03-29T15:26:00,CUST00301,P004,calculator_use,Tablet,6,Search
EVT0001469,2026-02-23T21:22:00,CUST00205,P001,application_start,Mobile,23,Search
EVT0001470,2025-05-18T19:51:00,CUST00261,P002,application_start,Desktop,21,Email
EVT0001471,2025-01-25T22:54:00,CUST00363,P005,rate_check,Tablet,20,Social
EVT0001472,2026-08-18T20:18:00,CUST00439,P003,rate_check,Tablet,17,Email
EVT0001473,2026-02-24T21:25:00,CUST00235,P004,page_view,Tablet,16,Social
EVT0001474,2025-12-18T18:21:00,CUST00275,P004,page_view,Tablet,3,Social
EVT0001475,2026-01-12T17:22:00,CUST00436,P001,application_start,Tablet,29,Social
EVT0001476,2025-08-02T17:44:00,CUST00097,P002,calculator_use,Tablet,13,Partner
EVT0001477,2025-04-30T17:49:00,CUST00414,P001,calculator_use,Desktop,10,Partner
EVT0001478,2026-01-28T09:35:00,CUST00016,P004,calculator_use,Tablet,15,Partner
EVT0001479,2026-05-20T16:02:00,CUST00018,P005,application_start,Desktop,1,Search
EVT0001480,2025-08-08T16:35:00,CUST00015,P002,page_view,Desktop,11,Direct
EVT0001481,2026-09-25T14:25:00,CUST00389,P005,application_start,Mobile,15,Partner
EVT0001482,2025-07-24T18:28:00,CUST00084,P001,rate_check,Mobile,17,Social
EVT0001483,2026-01-06T14:30:00,CUST00115,P004,page_view,Mobile,7,Social
EVT0001484,2025-12-22T14:42:00,CUST00323,P001,calculator_use,Mobile,19,Search
EVT0001485,2026-05-16T15:02:00,CUST00302,P004,calculator_use,Mobile,26,Partner
EVT0001486,2025-09-07T09:25:00,CUST00104,P005,calculator_use,Tablet,1,Social
EVT0001487,2025-10-05T14:57:00,CUST00485,P003,document_upload,Tablet,35,Partner
EVT0001488,2025-02-21T20:22:00,CUST00383,P002,document_upload,Tablet,28,Social
EVT0001489,2025-06-14T13:13:00,CUST00064,P001,page_view,Desktop,12,Partner
EVT0001490,2025-05-11T13:17:00,CUST00430,P004,application_start,Tablet,4,Direct
EVT0001491,2026-06-13T08:19:00,CUST00289,P003,page_view,Desktop,19,Partner
EVT0001492,2026-09-15T20:29:00,CUST00063,P003,page_view,Desktop,2,Direct
EVT0001493,2025-02-26T22:59:00,CUST00470,P005,page_view,Mobile,14,Social
EVT0001494,2025-09-21T14:28:00,CUST00260,P003,rate_check,Tablet,20,Partner
EVT0001495,2026-02-16T20:36:00,CUST00145,P002,rate_check,Tablet,3,Social
EVT0001496,2025-04-18T11:06:00,CUST00310,P003,document_upload,Tablet,21,Social
EVT0001497,2025-03-11T16:14:00,CUST00194,P004,rate_check,Desktop,13,Direct
EVT0001498,2025-05-09T22:42:00,CUST00180,P003,document_upload,Tablet,17,Search
EVT0001499,2025-04-17T09:57:00,CUST00184,P001,document_upload,Tablet,3,Search
EVT0001500,2026-09-08T12:55:00,CUST00387,P003,page_view,Tablet,19,Search
EVT0001501,2025-10-17T09:52:00,CUST00339,P005,rate_check,Mobile,29,Social
EVT0001502,2025-02-07T19:43:00,CUST00320,P005,rate_check,Desktop,16,Social
EVT0001503,2026-03-05T15:24:00,CUST00278,P004,application_start,Desktop,25,Search
EVT0001504,2026-08-15T13:57:00,CUST00431,P005,page_view,Desktop,20,Direct
EVT0001505,2026-08-01T17:52:00,CUST00332,P002,application_start,Tablet,14,Social
EVT0001506,2025-10-25T18:44:00,CUST00237,P003,rate_check,Desktop,34,Direct
EVT0001507,2026-02-22T11:10:00,CUST00262,P002,document_upload,Tablet,14,Social
EVT0001508,2025-01-09T10:24:00,CUST00447,P004,application_start,Desktop,33,Search
EVT0001509,2026-04-29T09:22:00,CUST00450,P001,calculator_use,Tablet,6,Social
EVT0001510,2025-08-16T11:52:00,CUST00167,P001,page_view,Desktop,31,Social
EVT0001511,2025-12-16T15:53:00,CUST00213,P001,application_start,Mobile,29,Partner
EVT0001512,2025-05-20T19:50:00,CUST00037,P005,document_upload,Tablet,9,Direct
EVT0001513,2025-03-02T22:09:00,CUST00448,P002,document_upload,Mobile,21,Partner
EVT0001514,2026-01-02T16:39:00,CUST00139,P001,rate_check,Desktop,1,Search
EVT0001515,2026-01-23T15:31:00,CUST00214,P001,document_upload,Mobile,8,Social
EVT0001516,2025-09-30T20:38:00,CUST00447,P002,application_start,Tablet,12,Partner
EVT0001517,2026-04-22T09:12:00,CUST00166,P003,application_start,Mobile,27,Partner
EVT0001518,2026-01-08T09:44:00,CUST00486,P003,calculator_use,Mobile,15,Partner
EVT0001519,2025-12-30T15:46:00,CUST00183,P002,calculator_use,Mobile,34,Social
EVT0001520,2025-05-23T19:26:00,CUST00075,P003,document_upload,Tablet,4,Direct
EVT0001521,2026-01-10T09:48:00,CUST00418,P005,page_view,Desktop,21,Partner
EVT0001522,2025-08-26T16:55:00,CUST00244,P002,calculator_use,Desktop,21,Partner
EVT0001523,2026-03-07T15:02:00,CUST00220,P003,calculator_use,Desktop,27,Social
EVT0001524,2026-07-12T11:32:00,CUST00005,P005,rate_check,Desktop,15,Email
EVT0001525,2025-03-03T10:48:00,CUST00223,P003,application_start,Mobile,33,Partner
EVT0001526,2025-11-03T19:47:00,CUST00027,P002,calculator_use,Mobile,13,Search
EVT0001527,2026-07-08T17:09:00,CUST00438,P002,rate_check,Mobile,24,Search
EVT0001528,2026-04-08T08:21:00,CUST00143,P003,page_view,Mobile,22,Partner
EVT0001529,2025-05-17T14:12:00,CUST00437,P005,document_upload,Tablet,1,Search
EVT0001530,2025-10-03T18:47:00,CUST00412,P002,rate_check,Mobile,6,Partner
EVT0001531,2026-02-04T20:10:00,CUST00057,P005,document_upload,Tablet,25,Social
EVT0001532,2025-09-14T15:26:00,CUST00479,P004,rate_check,Desktop,31,Direct
EVT0001533,2025-12-19T18:17:00,CUST00108,P005,application_start,Tablet,29,Search
EVT0001534,2025-04-09T17:55:00,CUST00212,P005,rate_check,Desktop,10,Search
EVT0001535,2025-10-15T09:49:00,CUST00371,P005,rate_check,Tablet,15,Search
EVT0001536,2026-02-06T10:22:00,CUST00262,P001,rate_check,Tablet,17,Direct
EVT0001537,2026-01-05T12:21:00,CUST00467,P005,calculator_use,Mobile,5,Social
EVT0001538,2025-11-22T16:57:00,CUST00314,P002,document_upload,Desktop,6,Email
EVT0001539,2025-02-22T22:14:00,CUST00393,P001,calculator_use,Mobile,15,Direct
EVT0001540,2026-06-02T10:27:00,CUST00104,P002,application_start,Desktop,21,Email
EVT0001541,2025-01-10T12:28:00,CUST00446,P005,document_upload,Tablet,25,Email
EVT0001542,2026-03-13T21:50:00,CUST00227,P001,document_upload,Tablet,28,Search
EVT0001543,2025-06-01T20:47:00,CUST00048,P002,calculator_use,Desktop,34,Partner
EVT0001544,2026-02-22T22:34:00,CUST00089,P005,calculator_use,Mobile,19,Search
EVT0001545,2026-01-31T08:43:00,CUST00153,P004,document_upload,Tablet,12,Search
EVT0001546,2025-06-24T21:23:00,CUST00011,P005,document_upload,Mobile,12,Social
EVT0001547,2026-02-09T15:59:00,CUST00307,P003,rate_check,Mobile,14,Direct
EVT0001548,2025-09-07T08:54:00,CUST00204,P002,document_upload,Mobile,25,Direct
EVT0001549,2025-06-11T19:25:00,CUST00053,P004,rate_check,Tablet,1,Search
EVT0001550,2026-02-19T12:38:00,CUST00484,P002,page_view,Tablet,19,Partner
EVT0001551,2025-03-24T18:05:00,CUST00145,P005,application_start,Desktop,17,Search
EVT0001552,2025-08-23T09:03:00,CUST00440,P001,page_view,Mobile,27,Search
EVT0001553,2026-03-18T10:48:00,CUST00394,P004,rate_check,Tablet,18,Email
EVT0001554,2025-11-10T09:18:00,CUST00429,P003,page_view,Tablet,22,Partner
EVT0001555,2025-06-05T10:57:00,CUST00316,P004,document_upload,Mobile,5,Direct
EVT0001556,2026-06-08T12:33:00,CUST00325,P001,application_start,Desktop,3,Partner
EVT0001557,2025-02-14T19:42:00,CUST00375,P004,page_view,Desktop,25,Direct
EVT0001558,2026-08-29T08:40:00,CUST00152,P004,page_view,Mobile,17,Social
EVT0001559,2025-07-24T16:53:00,CUST00338,P003,document_upload,Desktop,25,Search
EVT0001560,2025-10-12T09:01:00,CUST00462,P003,application_start,Mobile,32,Social
EVT0001561,2025-11-24T15:55:00,CUST00279,P003,rate_check,Desktop,5,Partner
EVT0001562,2025-07-01T22:43:00,CUST00179,P001,calculator_use,Desktop,14,Social
EVT0001563,2025-12-21T12:47:00,CUST00293,P002,calculator_use,Desktop,30,Direct
EVT0001564,2025-01-16T18:29:00,CUST00410,P001,rate_check,Tablet,34,Email
EVT0001565,2025-09-07T18:42:00,CUST00013,P002,page_view,Mobile,2,Partner
EVT0001566,2025-04-07T12:34:00,CUST00223,P004,calculator_use,Desktop,15,Search
EVT0001567,2026-05-27T20:05:00,CUST00398,P001,calculator_use,Mobile,21,Email
EVT0001568,2025-06-24T17:58:00,CUST00131,P001,document_upload,Tablet,11,Email
EVT0001569,2025-07-02T10:00:00,CUST00386,P005,rate_check,Tablet,36,Direct
EVT0001570,2025-02-18T16:37:00,CUST00183,P002,calculator_use,Desktop,8,Partner
EVT0001571,2026-07-15T08:07:00,CUST00447,P004,rate_check,Mobile,28,Search
EVT0001572,2025-12-02T20:03:00,CUST00172,P001,application_start,Tablet,15,Search
EVT0001573,2025-03-06T11:56:00,CUST00143,P005,document_upload,Mobile,16,Direct
EVT0001574,2026-01-10T08:47:00,CUST00127,P002,rate_check,Mobile,17,Social
EVT0001575,2025-09-03T16:14:00,CUST00204,P002,document_upload,Mobile,19,Direct
EVT0001576,2026-05-09T18:25:00,CUST00389,P002,calculator_use,Mobile,14,Social
EVT0001577,2025-09-30T10:53:00,CUST00300,P005,document_upload,Mobile,34,Direct
EVT0001578,2025-01-27T16:26:00,CUST00098,P002,calculator_use,Desktop,19,Social
EVT0001579,2025-05-12T17:41:00,CUST00211,P002,page_view,Tablet,21,Direct
EVT0001580,2025-10-06T22:42:00,CUST00171,P001,document_upload,Mobile,7,Email
EVT0001581,2025-11-19T09:35:00,CUST00300,P001,rate_check,Desktop,30,Partner
EVT0001582,2025-03-02T17:03:00,CUST00088,P001,application_start,Mobile,19,Email
EVT0001583,2025-08-26T17:06:00,CUST00241,P005,page_view,Mobile,8,Partner
EVT0001584,2025-01-11T08:12:00,CUST00482,P003,calculator_use,Mobile,26,Social
EVT0001585,2025-10-11T22:33:00,CUST00348,P005,application_start,Mobile,32,Search
EVT0001586,2025-10-12T17:24:00,CUST00246,P003,application_start,Mobile,1,Partner
EVT0001587,2026-02-08T14:46:00,CUST00070,P002,page_view,Mobile,31,Email
EVT0001588,2025-01-07T16:06:00,CUST00054,P002,document_upload,Desktop,13,Partner
EVT0001589,2025-08-04T16:40:00,CUST00265,P005,rate_check,Mobile,9,Social
EVT0001590,2025-10-16T08:19:00,CUST00348,P005,rate_check,Tablet,16,Email
EVT0001591,2025-01-19T10:25:00,CUST00060,P004,document_upload,Tablet,22,Partner
EVT0001592,2026-01-18T10:44:00,CUST00499,P004,application_start,Mobile,36,Email
EVT0001593,2025-02-22T11:42:00,CUST00485,P005,page_view,Mobile,13,Partner
EVT0001594,2025-03-13T15:20:00,CUST00241,P005,rate_check,Mobile,36,Direct
EVT0001595,2025-09-07T15:24:00,CUST00128,P003,calculator_use,Desktop,33,Search
EVT0001596,2025-08-14T08:13:00,CUST00388,P005,document_upload,Mobile,16,Social
EVT0001597,2026-02-11T08:33:00,CUST00188,P002,document_upload,Mobile,13,Search
EVT0001598,2026-04-25T22:15:00,CUST00308,P005,calculator_use,Tablet,2,Direct
EVT0001599,2026-09-27T20:38:00,CUST00044,P003,application_start,Tablet,20,Partner
EVT0001600,2026-05-17T11:43:00,CUST00169,P003,application_start,Mobile,3,Email
EVT0001601,2026-09-23T08:36:00,CUST00390,P005,application_start,Mobile,35,Direct
EVT0001602,2026-01-09T21:50:00,CUST00309,P003,application_start,Mobile,31,Partner
EVT0001603,2026-01-30T09:49:00,CUST00120,P005,page_view,Tablet,13,Email
EVT0001604,2026-04-27T11:58:00,CUST00011,P003,application_start,Tablet,7,Direct
EVT0001605,2025-10-28T20:07:00,CUST00266,P001,application_start,Mobile,28,Social
EVT0001606,2025-08-08T08:30:00,CUST00328,P003,rate_check,Desktop,33,Social
EVT0001607,2025-03-11T18:46:00,CUST00234,P004,application_start,Tablet,7,Partner
EVT0001608,2026-04-19T10:14:00,CUST00164,P005,application_start,Desktop,20,Direct
EVT0001609,2025-09-28T16:54:00,CUST00061,P001,calculator_use,Mobile,36,Partner
EVT0001610,2025-05-29T14:20:00,CUST00231,P001,application_start,Tablet,11,Social
EVT0001611,2026-07-21T10:53:00,CUST00426,P001,document_upload,Desktop,11,Partner
EVT0001612,2026-10-01T18:54:00,CUST00389,P005,document_upload,Tablet,24,Search
EVT0001613,2026-08-20T09:39:00,CUST00133,P005,application_start,Desktop,34,Email
EVT0001614,2026-07-28T20:21:00,CUST00052,P003,calculator_use,Desktop,30,Search
EVT0001615,2025-08-08T15:57:00,CUST00032,P003,application_start,Desktop,8,Social
EVT0001616,2026-08-03T14:31:00,CUST00165,P003,page_view,Mobile,8,Partner
EVT0001617,2025-09-19T12:35:00,CUST00385,P005,page_view,Mobile,20,Direct
EVT0001618,2025-10-06T08:50:00,CUST00003,P001,application_start,Mobile,27,Direct
EVT0001619,2025-05-06T08:46:00,CUST00077,P002,application_start,Mobile,3,Partner
EVT0001620,2026-05-13T10:37:00,CUST00394,P005,application_start,Tablet,11,Search
EVT0001621,2026-05-31T18:57:00,CUST00376,P005,calculator_use,Tablet,20,Search
EVT0001622,2025-10-01T12:37:00,CUST00233,P002,application_start,Tablet,10,Email
EVT0001623,2026-05-07T19:12:00,CUST00059,P005,application_start,Mobile,21,Email
EVT0001624,2026-06-05T22:53:00,CUST00229,P003,application_start,Tablet,16,Partner
EVT0001625,2025-03-03T21:44:00,CUST00466,P001,calculator_use,Desktop,10,Email
EVT0001626,2025-02-26T20:27:00,CUST00332,P005,application_start,Mobile,8,Social
EVT0001627,2026-02-15T08:49:00,CUST00166,P002,page_view,Mobile,19,Search
EVT0001628,2025-09-21T08:59:00,CUST00359,P001,rate_check,Mobile,25,Direct
EVT0001629,2025-05-04T11:57:00,CUST00024,P003,page_view,Mobile,26,Partner
EVT0001630,2025-06-01T15:49:00,CUST00239,P003,page_view,Mobile,8,Search
EVT0001631,2026-08-13T19:47:00,CUST00452,P004,application_start,Desktop,29,Partner
EVT0001632,2025-01-10T14:55:00,CUST00110,P003,calculator_use,Desktop,30,Search
EVT0001633,2025-01-25T19:18:00,CUST00292,P005,rate_check,Tablet,36,Direct
EVT0001634,2026-04-18T14:08:00,CUST00250,P004,rate_check,Mobile,3,Search
EVT0001635,2025-11-16T11:04:00,CUST00378,P003,application_start,Tablet,15,Social
EVT0001636,2026-06-07T12:26:00,CUST00035,P003,calculator_use,Mobile,9,Email
EVT0001637,2025-10-17T14:51:00,CUST00215,P001,application_start,Tablet,11,Direct
EVT0001638,2026-03-23T17:01:00,CUST00350,P002,application_start,Tablet,7,Email
EVT0001639,2025-02-03T18:52:00,CUST00364,P003,rate_check,Mobile,5,Search
EVT0001640,2026-10-01T21:30:00,CUST00132,P001,rate_check,Desktop,9,Search
EVT0001641,2026-03-19T14:28:00,CUST00406,P001,application_start,Mobile,21,Email
EVT0001642,2025-11-29T11:47:00,CUST00336,P001,rate_check,Mobile,11,Direct
EVT0001643,2026-08-02T12:14:00,CUST00355,P004,calculator_use,Desktop,11,Social
EVT0001644,2025-03-17T15:35:00,CUST00382,P004,page_view,Mobile,36,Direct
EVT0001645,2025-02-02T13:28:00,CUST00123,P005,rate_check,Desktop,8,Search
EVT0001646,2026-07-26T20:59:00,CUST00194,P004,document_upload,Mobile,19,Email
EVT0001647,2025-05-17T14:07:00,CUST00171,P003,calculator_use,Desktop,2,Partner
EVT0001648,2026-01-10T15:00:00,CUST00006,P003,calculator_use,Desktop,24,Direct
EVT0001649,2026-06-29T15:56:00,CUST00288,P004,calculator_use,Mobile,6,Search
EVT0001650,2025-12-18T22:43:00,CUST00396,P002,document_upload,Tablet,35,Social
EVT0001651,2025-11-22T16:25:00,CUST00223,P002,document_upload,Desktop,26,Search
EVT0001652,2025-01-26T08:24:00,CUST00161,P004,rate_check,Mobile,23,Direct
EVT0001653,2026-05-10T20:48:00,CUST00188,P001,document_upload,Mobile,24,Direct
EVT0001654,2025-07-25T15:56:00,CUST00444,P005,document_upload,Mobile,22,Search
EVT0001655,2026-04-11T20:12:00,CUST00035,P002,calculator_use,Mobile,22,Social
EVT0001656,2025-03-09T17:31:00,CUST00331,P001,application_start,Tablet,11,Direct
EVT0001657,2026-03-03T20:05:00,CUST00102,P003,application_start,Mobile,25,Direct
EVT0001658,2026-03-18T20:21:00,CUST00164,P002,rate_check,Desktop,10,Search
EVT0001659,2026-04-06T08:47:00,CUST00434,P003,document_upload,Desktop,1,Direct
EVT0001660,2025-04-21T10:37:00,CUST00139,P005,application_start,Desktop,36,Social
EVT0001661,2026-07-23T17:56:00,CUST00140,P001,calculator_use,Desktop,29,Email
EVT0001662,2025-05-20T22:25:00,CUST00284,P001,document_upload,Desktop,32,Social
EVT0001663,2025-01-15T16:54:00,CUST00128,P001,page_view,Mobile,33,Social
EVT0001664,2026-09-15T21:00:00,CUST00413,P005,calculator_use,Tablet,33,Direct
EVT0001665,2025-10-02T08:12:00,CUST00280,P001,rate_check,Mobile,2,Email
EVT0001666,2025-04-26T19:46:00,CUST00018,P005,page_view,Mobile,25,Search
EVT0001667,2026-03-19T20:51:00,CUST00175,P005,document_upload,Tablet,3,Search
EVT0001668,2025-08-30T09:06:00,CUST00493,P001,application_start,Tablet,27,Social
EVT0001669,2025-01-23T22:08:00,CUST00156,P004,page_view,Desktop,19,Partner
EVT0001670,2026-03-09T20:16:00,CUST00493,P004,rate_check,Tablet,8,Search
EVT0001671,2026-08-03T16:55:00,CUST00362,P003,rate_check,Mobile,11,Direct
EVT0001672,2026-09-29T16:52:00,CUST00235,P003,document_upload,Mobile,21,Social
EVT0001673,2026-02-03T08:55:00,CUST00039,P002,document_upload,Desktop,1,Search
EVT0001674,2025-09-23T19:27:00,CUST00115,P001,calculator_use,Mobile,23,Partner
EVT0001675,2026-03-06T14:22:00,CUST00367,P001,application_start,Tablet,7,Search
EVT0001676,2026-08-12T17:22:00,CUST00012,P003,page_view,Mobile,16,Social
EVT0001677,2025-10-25T18:06:00,CUST00292,P004,application_start,Mobile,23,Direct
EVT0001678,2025-05-28T22:46:00,CUST00271,P004,document_upload,Mobile,13,Search
EVT0001679,2025-08-20T08:30:00,CUST00394,P002,rate_check,Mobile,36,Partner
EVT0001680,2025-04-07T22:11:00,CUST00198,P003,application_start,Desktop,14,Social
EVT0001681,2026-05-17T12:20:00,CUST00187,P003,document_upload,Mobile,8,Social
EVT0001682,2025-11-27T21:32:00,CUST00382,P001,rate_check,Tablet,16,Email
EVT0001683,2026-06-15T11:23:00,CUST00453,P001,calculator_use,Tablet,18,Search
EVT0001684,2026-06-12T16:22:00,CUST00346,P004,document_upload,Tablet,33,Direct
EVT0001685,2025-01-16T14:39:00,CUST00302,P002,application_start,Mobile,25,Social
EVT0001686,2026-01-15T18:58:00,CUST00101,P002,document_upload,Mobile,10,Partner
EVT0001687,2025-05-23T11:26:00,CUST00224,P002,document_upload,Desktop,6,Search
EVT0001688,2025-08-25T22:16:00,CUST00241,P003,page_view,Tablet,14,Social
EVT0001689,2025-12-19T13:40:00,CUST00379,P005,application_start,Tablet,3,Search
EVT0001690,2026-06-11T08:05:00,CUST00464,P002,application_start,Mobile,6,Direct
EVT0001691,2026-08-01T12:23:00,CUST00216,P002,page_view,Desktop,25,Social
EVT0001692,2026-04-11T11:49:00,CUST00147,P003,calculator_use,Tablet,14,Email
EVT0001693,2025-09-10T17:04:00,CUST00049,P003,page_view,Tablet,14,Search
EVT0001694,2025-05-07T21:33:00,CUST00487,P002,application_start,Tablet,28,Partner
EVT0001695,2025-02-21T22:27:00,CUST00439,P005,application_start,Tablet,32,Email
EVT0001696,2025-05-20T20:03:00,CUST00241,P004,page_view,Desktop,4,Email
EVT0001697,2025-08-24T16:16:00,CUST00001,P005,rate_check,Tablet,30,Social
EVT0001698,2025-01-19T20:05:00,CUST00089,P004,document_upload,Mobile,31,Partner
EVT0001699,2025-12-21T18:14:00,CUST00403,P005,rate_check,Tablet,19,Search
EVT0001700,2025-08-05T17:14:00,CUST00069,P003,document_upload,Desktop,9,Email
EVT0001701,2026-05-20T15:28:00,CUST00066,P003,rate_check,Mobile,30,Email
EVT0001702,2025-12-14T08:10:00,CUST00186,P004,page_view,Tablet,34,Social
EVT0001703,2025-07-11T09:06:00,CUST00450,P003,calculator_use,Tablet,20,Partner
EVT0001704,2026-01-23T11:33:00,CUST00018,P002,rate_check,Tablet,26,Social
EVT0001705,2026-06-02T21:19:00,CUST00251,P005,rate_check,Desktop,19,Partner
EVT0001706,2026-07-28T11:23:00,CUST00170,P005,document_upload,Tablet,20,Partner
EVT0001707,2025-02-27T22:24:00,CUST00386,P004,document_upload,Tablet,16,Social
EVT0001708,2025-12-15T11:08:00,CUST00091,P005,page_view,Desktop,21,Email
EVT0001709,2026-03-06T19:42:00,CUST00209,P001,application_start,Tablet,19,Partner
EVT0001710,2026-04-09T16:42:00,CUST00383,P004,page_view,Tablet,34,Partner
EVT0001711,2025-03-22T21:14:00,CUST00111,P004,document_upload,Mobile,19,Email
EVT0001712,2025-05-19T19:04:00,CUST00403,P005,page_view,Tablet,36,Email
EVT0001713,2025-06-27T11:40:00,CUST00384,P004,calculator_use,Tablet,4,Direct
EVT0001714,2026-04-17T11:31:00,CUST00317,P003,application_start,Tablet,28,Search
EVT0001715,2026-06-02T22:50:00,CUST00206,P002,document_upload,Mobile,23,Email
EVT0001716,2026-09-30T22:31:00,CUST00393,P005,application_start,Tablet,6,Partner
EVT0001717,2025-05-19T08:02:00,CUST00284,P002,document_upload,Tablet,8,Direct
EVT0001718,2025-04-10T19:16:00,CUST00404,P001,rate_check,Tablet,27,Partner
EVT0001719,2026-02-09T10:20:00,CUST00306,P001,page_view,Mobile,32,Email
EVT0001720,2025-04-21T12:55:00,CUST00301,P003,document_upload,Desktop,26,Partner
EVT0001721,2026-06-08T08:00:00,CUST00051,P001,calculator_use,Tablet,23,Social
EVT0001722,2025-07-07T12:10:00,CUST00356,P004,rate_check,Mobile,19,Social
EVT0001723,2026-03-10T13:45:00,CUST00491,P004,rate_check,Tablet,20,Social
EVT0001724,2025-12-20T09:29:00,CUST00102,P001,page_view,Tablet,30,Search
EVT0001725,2025-03-07T10:41:00,CUST00381,P003,rate_check,Mobile,14,Search
EVT0001726,2026-03-19T15:23:00,CUST00168,P002,application_start,Tablet,31,Partner
EVT0001727,2025-09-14T22:46:00,CUST00228,P002,rate_check,Mobile,22,Social
EVT0001728,2025-11-27T08:13:00,CUST00438,P004,page_view,Desktop,20,Social
EVT0001729,2025-04-05T12:00:00,CUST00225,P005,application_start,Mobile,5,Search
EVT0001730,2025-01-31T20:26:00,CUST00445,P005,page_view,Tablet,3,Partner
EVT0001731,2026-02-08T14:56:00,CUST00432,P003,application_start,Tablet,32,Email
EVT0001732,2025-04-03T15:07:00,CUST00243,P002,rate_check,Mobile,15,Email
EVT0001733,2026-05-28T18:51:00,CUST00200,P004,rate_check,Tablet,4,Search
EVT0001734,2025-07-21T14:59:00,CUST00079,P003,document_upload,Mobile,10,Email
EVT0001735,2026-04-02T19:47:00,CUST00167,P005,application_start,Mobile,14,Email
EVT0001736,2026-05-01T16:48:00,CUST00374,P001,page_view,Tablet,4,Partner
EVT0001737,2025-08-18T18:38:00,CUST00091,P005,calculator_use,Mobile,25,Email
EVT0001738,2025-03-15T10:43:00,CUST00486,P004,application_start,Desktop,17,Social
EVT0001739,2025-07-29T18:25:00,CUST00358,P005,rate_check,Desktop,26,Search
EVT0001740,2025-12-08T14:44:00,CUST00441,P004,calculator_use,Mobile,15,Social
EVT0001741,2026-08-21T13:04:00,CUST00445,P001,document_upload,Mobile,26,Partner
EVT0001742,2025-03-05T18:25:00,CUST00112,P001,rate_check,Mobile,10,Direct
EVT0001743,2026-01-03T18:04:00,CUST00406,P001,application_start,Mobile,4,Partner
EVT0001744,2025-02-26T21:19:00,CUST00262,P004,document_upload,Desktop,6,Search
EVT0001745,2025-07-20T21:59:00,CUST00380,P003,application_start,Tablet,16,Social
EVT0001746,2025-06-13T15:59:00,CUST00213,P003,rate_check,Tablet,21,Social
EVT0001747,2026-02-06T15:29:00,CUST00384,P005,application_start,Tablet,4,Email
EVT0001748,2026-06-14T17:37:00,CUST00185,P003,page_view,Mobile,6,Search
EVT0001749,2026-09-12T14:38:00,CUST00356,P005,document_upload,Desktop,21,Email
EVT0001750,2025-07-07T21:30:00,CUST00361,P005,page_view,Desktop,9,Social
EVT0001751,2025-04-18T11:08:00,CUST00127,P002,application_start,Tablet,13,Partner
EVT0001752,2026-03-07T08:10:00,CUST00418,P003,page_view,Desktop,28,Social
EVT0001753,2025-10-22T09:23:00,CUST00433,P005,application_start,Mobile,6,Search
EVT0001754,2025-03-11T16:17:00,CUST00380,P005,rate_check,Tablet,24,Direct
EVT0001755,2025-12-28T20:26:00,CUST00370,P005,page_view,Mobile,28,Email
EVT0001756,2026-09-07T10:09:00,CUST00173,P005,rate_check,Tablet,24,Email
EVT0001757,2026-07-14T13:35:00,CUST00453,P002,application_start,Tablet,2,Partner
EVT0001758,2025-06-04T20:09:00,CUST00100,P001,document_upload,Tablet,12,Social
EVT0001759,2025-08-30T13:09:00,CUST00476,P002,document_upload,Mobile,34,Social
EVT0001760,2026-01-19T19:57:00,CUST00255,P001,rate_check,Mobile,27,Email
EVT0001761,2026-02-25T16:42:00,CUST00249,P002,calculator_use,Tablet,32,Email
EVT0001762,2026-01-04T13:02:00,CUST00212,P003,application_start,Tablet,10,Social
EVT0001763,2025-01-11T22:07:00,CUST00126,P001,document_upload,Mobile,4,Social
EVT0001764,2026-07-07T15:20:00,CUST00280,P001,application_start,Tablet,20,Email
EVT0001765,2025-12-13T16:07:00,CUST00385,P001,page_view,Mobile,34,Direct
EVT0001766,2026-07-30T22:41:00,CUST00056,P001,document_upload,Tablet,27,Partner
EVT0001767,2025-09-24T12:31:00,CUST00305,P004,application_start,Desktop,14,Partner
EVT0001768,2026-03-14T14:12:00,CUST00273,P005,application_start,Tablet,19,Partner
EVT0001769,2025-09-06T22:14:00,CUST00391,P003,rate_check,Mobile,29,Partner
EVT0001770,2026-02-23T11:12:00,CUST00142,P005,application_start,Tablet,10,Search
EVT0001771,2025-06-24T16:07:00,CUST00407,P004,document_upload,Desktop,23,Direct
EVT0001772,2026-05-12T12:13:00,CUST00093,P002,document_upload,Tablet,32,Search
EVT0001773,2025-02-21T13:10:00,CUST00148,P003,page_view,Tablet,19,Direct
EVT0001774,2025-09-16T15:08:00,CUST00164,P001,application_start,Desktop,31,Social
EVT0001775,2026-09-02T09:17:00,CUST00219,P002,calculator_use,Tablet,32,Partner
EVT0001776,2026-01-22T08:36:00,CUST00121,P004,document_upload,Tablet,21,Social
EVT0001777,2026-07-25T09:28:00,CUST00059,P005,calculator_use,Mobile,15,Partner
EVT0001778,2025-07-29T17:28:00,CUST00224,P003,document_upload,Tablet,23,Social
EVT0001779,2026-06-03T19:38:00,CUST00231,P003,calculator_use,Tablet,24,Partner
EVT0001780,2025-04-26T20:40:00,CUST00060,P002,document_upload,Tablet,17,Email
EVT0001781,2026-02-04T09:58:00,CUST00136,P005,application_start,Desktop,21,Search
EVT0001782,2025-09-14T15:30:00,CUST00174,P004,application_start,Mobile,16,Partner
EVT0001783,2025-03-23T10:14:00,CUST00328,P002,document_upload,Mobile,33,Partner
EVT0001784,2026-01-28T22:52:00,CUST00228,P003,page_view,Tablet,6,Social
EVT0001785,2026-06-16T15:21:00,CUST00388,P005,calculator_use,Mobile,35,Search
EVT0001786,2026-09-01T08:40:00,CUST00065,P002,page_view,Desktop,21,Social
EVT0001787,2025-10-21T13:47:00,CUST00007,P003,page_view,Mobile,15,Partner
EVT0001788,2026-01-09T12:02:00,CUST00165,P005,calculator_use,Tablet,5,Social
EVT0001789,2025-11-07T22:11:00,CUST00115,P003,calculator_use,Mobile,9,Partner
EVT0001790,2025-07-12T17:14:00,CUST00053,P002,rate_check,Desktop,27,Email
EVT0001791,2026-01-16T22:50:00,CUST00122,P002,rate_check,Tablet,24,Social
EVT0001792,2025-11-18T22:58:00,CUST00484,P004,document_upload,Tablet,35,Direct
EVT0001793,2025-06-10T16:11:00,CUST00293,P004,page_view,Tablet,26,Direct
EVT0001794,2026-07-28T15:48:00,CUST00269,P004,calculator_use,Tablet,31,Social
EVT0001795,2025-05-30T20:44:00,CUST00334,P005,application_start,Desktop,30,Partner
EVT0001796,2026-08-26T22:30:00,CUST00127,P001,application_start,Desktop,33,Search
EVT0001797,2026-01-30T14:01:00,CUST00445,P004,document_upload,Mobile,32,Social
EVT0001798,2025-12-10T08:50:00,CUST00415,P003,page_view,Tablet,19,Email
EVT0001799,2026-03-31T19:08:00,CUST00187,P001,document_upload,Mobile,11,Social
EVT0001800,2025-03-25T08:59:00,CUST00459,P001,application_start,Tablet,15,Search
EVT0001801,2026-02-19T13:09:00,CUST00354,P002,application_start,Tablet,11,Email
EVT0001802,2025-09-01T08:21:00,CUST00149,P004,document_upload,Mobile,6,Email
EVT0001803,2025-05-04T09:29:00,CUST00218,P004,application_start,Mobile,14,Social
EVT0001804,2025-06-18T12:51:00,CUST00283,P004,calculator_use,Tablet,6,Social
EVT0001805,2026-04-17T18:02:00,CUST00403,P005,document_upload,Tablet,33,Email
EVT0001806,2025-12-04T19:20:00,CUST00004,P004,rate_check,Tablet,36,Direct
EVT0001807,2026-02-06T13:39:00,CUST00187,P002,application_start,Desktop,28,Social
EVT0001808,2026-01-15T08:49:00,CUST00112,P005,application_start,Tablet,2,Email
EVT0001809,2025-02-16T14:38:00,CUST00043,P002,application_start,Mobile,12,Direct
EVT0001810,2026-07-02T09:20:00,CUST00400,P002,application_start,Tablet,16,Social
EVT0001811,2025-07-07T15:55:00,CUST00231,P001,document_upload,Mobile,15,Partner
EVT0001812,2025-06-09T09:18:00,CUST00292,P005,document_upload,Desktop,20,Direct
EVT0001813,2025-04-16T15:15:00,CUST00115,P004,page_view,Mobile,13,Social
EVT0001814,2026-01-16T16:13:00,CUST00019,P005,page_view,Mobile,36,Email
EVT0001815,2025-07-29T21:27:00,CUST00350,P005,document_upload,Desktop,28,Partner
EVT0001816,2026-07-03T14:27:00,CUST00083,P002,calculator_use,Tablet,27,Direct
EVT0001817,2026-05-02T15:23:00,CUST00479,P004,calculator_use,Tablet,23,Partner
EVT0001818,2025-12-01T12:06:00,CUST00402,P002,page_view,Mobile,29,Partner
EVT0001819,2025-12-29T08:18:00,CUST00461,P002,page_view,Desktop,22,Social
EVT0001820,2026-05-30T16:04:00,CUST00334,P005,page_view,Tablet,35,Email
EVT0001821,2026-06-26T15:09:00,CUST00413,P003,rate_check,Mobile,32,Social
EVT0001822,2026-04-29T18:09:00,CUST00150,P003,page_view,Tablet,2,Search
EVT0001823,2025-01-17T20:18:00,CUST00148,P001,page_view,Mobile,4,Partner
EVT0001824,2026-08-17T11:07:00,CUST00377,P003,application_start,Mobile,1,Social
EVT0001825,2026-03-15T20:43:00,CUST00344,P001,page_view,Desktop,22,Email
EVT0001826,2026-03-24T09:14:00,CUST00323,P004,calculator_use,Desktop,18,Partner
EVT0001827,2025-02-16T08:02:00,CUST00340,P003,calculator_use,Mobile,36,Email
EVT0001828,2026-08-25T10:08:00,CUST00018,P005,application_start,Desktop,26,Social
EVT0001829,2026-01-29T12:38:00,CUST00319,P001,calculator_use,Tablet,16,Email
EVT0001830,2026-06-03T08:58:00,CUST00224,P003,rate_check,Tablet,26,Search
EVT0001831,2026-02-18T12:31:00,CUST00288,P002,rate_check,Desktop,20,Email
EVT0001832,2025-04-10T15:02:00,CUST00167,P005,document_upload,Tablet,15,Search
EVT0001833,2025-10-31T21:41:00,CUST00179,P001,rate_check,Mobile,18,Social
EVT0001834,2026-02-16T19:15:00,CUST00323,P004,document_upload,Desktop,3,Direct
EVT0001835,2025-08-05T17:58:00,CUST00134,P003,document_upload,Desktop,18,Social
EVT0001836,2026-03-04T15:40:00,CUST00445,P005,rate_check,Mobile,7,Email
EVT0001837,2026-01-21T09:47:00,CUST00006,P005,application_start,Desktop,33,Partner
EVT0001838,2026-05-25T21:00:00,CUST00108,P001,document_upload,Tablet,8,Partner
EVT0001839,2026-07-01T22:35:00,CUST00497,P004,page_view,Desktop,2,Search
EVT0001840,2025-10-29T14:38:00,CUST00440,P005,page_view,Tablet,12,Social
EVT0001841,2025-02-25T09:24:00,CUST00050,P003,calculator_use,Mobile,17,Partner
EVT0001842,2026-01-14T15:14:00,CUST00198,P002,page_view,Desktop,23,Search
EVT0001843,2025-05-11T15:25:00,CUST00216,P001,document_upload,Tablet,29,Partner
EVT0001844,2026-08-22T13:59:00,CUST00089,P002,application_start,Tablet,20,Partner
EVT0001845,2025-02-08T16:03:00,CUST00144,P003,document_upload,Tablet,33,Social
EVT0001846,2025-05-03T15:57:00,CUST00402,P004,rate_check,Tablet,15,Direct
EVT0001847,2026-05-23T09:59:00,CUST00389,P003,application_start,Desktop,18,Search
EVT0001848,2025-09-29T21:58:00,CUST00196,P001,calculator_use,Mobile,6,Partner
EVT0001849,2025-09-29T12:49:00,CUST00171,P001,page_view,Mobile,12,Partner
EVT0001850,2025-12-20T18:42:00,CUST00134,P003,document_upload,Tablet,10,Social
EVT0001851,2026-09-03T12:46:00,CUST00463,P004,calculator_use,Mobile,6,Social
EVT0001852,2025-08-13T22:46:00,CUST00409,P001,application_start,Tablet,3,Email
EVT0001853,2026-05-12T21:27:00,CUST00305,P005,rate_check,Desktop,13,Social
EVT0001854,2026-03-31T11:38:00,CUST00414,P002,application_start,Mobile,11,Email
EVT0001855,2026-05-02T18:26:00,CUST00461,P002,page_view,Tablet,32,Email
EVT0001856,2025-11-15T14:16:00,CUST00338,P001,calculator_use,Desktop,11,Partner
EVT0001857,2025-07-14T13:12:00,CUST00356,P001,calculator_use,Desktop,21,Email
EVT0001858,2025-03-30T16:12:00,CUST00175,P004,rate_check,Mobile,10,Direct
EVT0001859,2025-09-19T09:55:00,CUST00107,P005,calculator_use,Mobile,5,Direct
EVT0001860,2025-10-07T22:08:00,CUST00295,P003,calculator_use,Desktop,31,Email
EVT0001861,2026-02-16T22:34:00,CUST00004,P003,document_upload,Tablet,4,Social
EVT0001862,2026-06-23T22:11:00,CUST00464,P003,page_view,Mobile,11,Partner
EVT0001863,2026-02-05T11:13:00,CUST00037,P002,calculator_use,Desktop,12,Social
EVT0001864,2026-06-27T22:06:00,CUST00109,P004,rate_check,Desktop,27,Partner
EVT0001865,2025-09-11T11:09:00,CUST00082,P004,application_start,Desktop,29,Partner
EVT0001866,2026-03-26T12:27:00,CUST00469,P004,document_upload,Mobile,33,Social
EVT0001867,2026-08-18T18:54:00,CUST00441,P001,calculator_use,Mobile,35,Partner
EVT0001868,2025-10-29T17:43:00,CUST00328,P004,rate_check,Tablet,19,Email
EVT0001869,2025-07-18T20:04:00,CUST00311,P005,rate_check,Mobile,32,Email
EVT0001870,2025-06-10T21:53:00,CUST00327,P004,application_start,Mobile,33,Email
EVT0001871,2025-01-05T22:43:00,CUST00364,P005,calculator_use,Desktop,26,Partner
EVT0001872,2026-05-29T11:48:00,CUST00460,P004,rate_check,Desktop,13,Direct
EVT0001873,2025-07-31T21:06:00,CUST00204,P001,application_start,Mobile,1,Email
EVT0001874,2025-02-12T22:13:00,CUST00125,P003,document_upload,Tablet,35,Search
EVT0001875,2025-04-15T18:20:00,CUST00097,P002,page_view,Tablet,2,Direct
EVT0001876,2025-10-14T16:52:00,CUST00204,P004,page_view,Desktop,16,Partner
EVT0001877,2025-03-01T21:07:00,CUST00070,P005,document_upload,Desktop,33,Social
EVT0001878,2026-01-10T11:04:00,CUST00429,P005,page_view,Mobile,18,Search
EVT0001879,2026-07-12T22:06:00,CUST00289,P004,calculator_use,Mobile,16,Email
EVT0001880,2025-11-22T17:51:00,CUST00415,P001,page_view,Desktop,25,Partner
EVT0001881,2026-03-07T21:11:00,CUST00007,P005,rate_check,Tablet,25,Email
EVT0001882,2026-02-11T08:09:00,CUST00031,P003,application_start,Tablet,12,Search
EVT0001883,2026-07-20T18:38:00,CUST00160,P004,rate_check,Desktop,22,Direct
EVT0001884,2025-05-30T21:57:00,CUST00327,P005,application_start,Tablet,7,Search
EVT0001885,2026-03-02T10:04:00,CUST00173,P001,page_view,Tablet,19,Direct
EVT0001886,2026-05-07T21:39:00,CUST00040,P003,document_upload,Mobile,2,Partner
EVT0001887,2026-06-21T09:02:00,CUST00070,P005,document_upload,Tablet,31,Email
EVT0001888,2026-06-28T14:26:00,CUST00095,P004,calculator_use,Desktop,35,Search
EVT0001889,2025-04-06T20:25:00,CUST00215,P005,document_upload,Tablet,11,Direct
EVT0001890,2026-03-30T11:30:00,CUST00149,P001,rate_check,Desktop,34,Partner
EVT0001891,2025-07-22T17:01:00,CUST00043,P003,rate_check,Tablet,1,Social
EVT0001892,2025-01-27T22:03:00,CUST00458,P002,calculator_use,Tablet,26,Search
EVT0001893,2026-05-09T08:40:00,CUST00204,P001,rate_check,Tablet,19,Partner
EVT0001894,2025-12-01T22:41:00,CUST00147,P005,application_start,Tablet,34,Social
EVT0001895,2026-09-23T10:04:00,CUST00432,P005,rate_check,Desktop,30,Search
EVT0001896,2025-12-05T10:09:00,CUST00273,P001,document_upload,Desktop,12,Search
EVT0001897,2025-06-28T20:20:00,CUST00295,P004,calculator_use,Desktop,8,Email
EVT0001898,2026-07-18T18:54:00,CUST00304,P002,calculator_use,Mobile,24,Email
EVT0001899,2026-06-03T16:25:00,CUST00121,P001,calculator_use,Mobile,18,Partner
EVT0001900,2025-02-28T15:52:00,CUST00280,P001,document_upload,Desktop,18,Partner
EVT0001901,2026-02-25T17:53:00,CUST00111,P004,document_upload,Desktop,31,Email
EVT0001902,2025-01-18T12:53:00,CUST00185,P003,calculator_use,Tablet,16,Social
EVT0001903,2025-02-09T08:55:00,CUST00253,P003,application_start,Tablet,30,Direct
EVT0001904,2025-02-25T19:12:00,CUST00316,P005,page_view,Mobile,10,Direct
EVT0001905,2025-08-21T20:23:00,CUST00323,P001,document_upload,Tablet,33,Direct
EVT0001906,2025-08-03T11:07:00,CUST00145,P002,calculator_use,Tablet,27,Social
EVT0001907,2025-01-19T09:03:00,CUST00216,P003,page_view,Mobile,26,Direct
EVT0001908,2025-07-24T22:58:00,CUST00047,P005,rate_check,Mobile,12,Direct
EVT0001909,2025-06-20T10:51:00,CUST00435,P004,application_start,Desktop,14,Direct
EVT0001910,2025-05-14T20:24:00,CUST00199,P003,application_start,Desktop,15,Direct
EVT0001911,2025-10-27T08:57:00,CUST00195,P001,document_upload,Desktop,13,Direct
EVT0001912,2026-05-02T09:44:00,CUST00004,P001,application_start,Desktop,19,Email
EVT0001913,2025-02-17T13:48:00,CUST00239,P003,page_view,Tablet,24,Direct
EVT0001914,2026-09-05T22:45:00,CUST00284,P001,page_view,Desktop,22,Partner
EVT0001915,2025-08-27T18:22:00,CUST00395,P004,rate_check,Mobile,15,Email
EVT0001916,2025-03-31T15:51:00,CUST00307,P003,application_start,Desktop,24,Search
EVT0001917,2025-09-03T18:01:00,CUST00136,P001,rate_check,Tablet,12,Social
EVT0001918,2026-05-06T09:03:00,CUST00402,P004,application_start,Mobile,21,Partner
EVT0001919,2025-10-29T17:10:00,CUST00012,P002,rate_check,Mobile,29,Partner
EVT0001920,2025-03-25T18:19:00,CUST00228,P003,document_upload,Desktop,24,Partner
EVT0001921,2025-12-12T11:09:00,CUST00044,P004,rate_check,Tablet,32,Social
EVT0001922,2026-05-21T19:50:00,CUST00477,P005,calculator_use,Desktop,26,Direct
EVT0001923,2026-04-21T22:33:00,CUST00162,P005,document_upload,Tablet,34,Social
EVT0001924,2026-02-15T21:46:00,CUST00414,P001,document_upload,Desktop,7,Partner
EVT0001925,2025-11-21T21:07:00,CUST00498,P001,page_view,Desktop,17,Search
EVT0001926,2025-04-29T10:18:00,CUST00371,P003,document_upload,Mobile,24,Email
EVT0001927,2026-03-27T11:04:00,CUST00495,P004,rate_check,Mobile,5,Partner
EVT0001928,2025-04-05T17:57:00,CUST00459,P003,page_view,Tablet,27,Partner
EVT0001929,2025-11-14T22:20:00,CUST00306,P003,page_view,Tablet,23,Partner
EVT0001930,2025-07-16T12:00:00,CUST00380,P001,page_view,Tablet,6,Partner
EVT0001931,2026-04-18T08:24:00,CUST00207,P001,page_view,Desktop,3,Direct
EVT0001932,2026-04-08T11:34:00,CUST00054,P002,rate_check,Desktop,34,Direct
EVT0001933,2025-01-31T11:20:00,CUST00233,P002,application_start,Tablet,25,Email
EVT0001934,2025-09-23T08:01:00,CUST00489,P004,page_view,Tablet,5,Email
EVT0001935,2026-02-13T19:03:00,CUST00149,P002,application_start,Tablet,10,Email
EVT0001936,2026-03-08T21:17:00,CUST00039,P001,rate_check,Mobile,12,Email
EVT0001937,2025-05-06T12:56:00,CUST00492,P001,application_start,Mobile,19,Partner
EVT0001938,2025-05-28T12:58:00,CUST00483,P004,document_upload,Desktop,9,Search
EVT0001939,2026-03-12T22:56:00,CUST00488,P001,calculator_use,Desktop,5,Direct
EVT0001940,2025-09-25T14:03:00,CUST00217,P005,rate_check,Tablet,23,Direct
EVT0001941,2026-09-21T10:15:00,CUST00322,P003,calculator_use,Tablet,28,Partner
EVT0001942,2025-03-08T21:48:00,CUST00164,P002,application_start,Mobile,28,Email
EVT0001943,2025-08-28T09:27:00,CUST00167,P002,calculator_use,Tablet,21,Direct
EVT0001944,2025-11-28T18:52:00,CUST00221,P001,calculator_use,Desktop,7,Search
EVT0001945,2025-08-18T18:43:00,CUST00244,P001,calculator_use,Tablet,28,Search
EVT0001946,2025-01-13T15:34:00,CUST00324,P001,document_upload,Tablet,3,Partner
EVT0001947,2026-08-14T21:43:00,CUST00275,P004,calculator_use,Mobile,25,Direct
EVT0001948,2026-06-24T11:00:00,CUST00058,P005,calculator_use,Desktop,21,Email
EVT0001949,2026-05-16T12:53:00,CUST00328,P003,application_start,Desktop,16,Email
EVT0001950,2026-01-16T18:53:00,CUST00360,P002,document_upload,Mobile,16,Partner
EVT0001951,2026-05-05T08:06:00,CUST00389,P005,application_start,Tablet,24,Search
EVT0001952,2025-09-05T09:42:00,CUST00429,P003,application_start,Mobile,4,Email
EVT0001953,2025-08-08T15:01:00,CUST00003,P005,page_view,Tablet,8,Social
EVT0001954,2026-02-12T16:36:00,CUST00168,P005,application_start,Mobile,2,Social
EVT0001955,2026-08-02T08:20:00,CUST00184,P002,calculator_use,Desktop,23,Partner
EVT0001956,2025-06-06T16:04:00,CUST00472,P005,document_upload,Mobile,29,Search
EVT0001957,2026-06-02T08:25:00,CUST00200,P004,rate_check,Tablet,12,Email
EVT0001958,2025-04-08T09:38:00,CUST00040,P004,calculator_use,Mobile,3,Partner
EVT0001959,2026-06-10T18:57:00,CUST00091,P004,document_upload,Desktop,33,Social
EVT0001960,2026-02-08T16:51:00,CUST00377,P001,rate_check,Desktop,8,Search
EVT0001961,2026-04-17T22:37:00,CUST00492,P001,calculator_use,Tablet,9,Social
EVT0001962,2025-08-03T11:05:00,CUST00077,P002,rate_check,Mobile,25,Partner
EVT0001963,2025-12-21T08:52:00,CUST00256,P002,rate_check,Tablet,23,Partner
EVT0001964,2025-06-29T19:29:00,CUST00064,P004,page_view,Mobile,6,Search
EVT0001965,2026-05-24T18:45:00,CUST00143,P002,application_start,Desktop,10,Search
EVT0001966,2025-08-27T19:31:00,CUST00162,P004,calculator_use,Desktop,7,Email
EVT0001967,2025-01-13T17:16:00,CUST00370,P002,rate_check,Desktop,29,Social
EVT0001968,2025-09-25T09:23:00,CUST00123,P004,document_upload,Mobile,5,Social
EVT0001969,2025-10-22T10:21:00,CUST00363,P005,page_view,Tablet,22,Social
EVT0001970,2025-08-20T21:57:00,CUST00070,P003,page_view,Tablet,24,Email
EVT0001971,2026-05-19T15:38:00,CUST00353,P005,document_upload,Desktop,26,Email
EVT0001972,2026-05-16T11:29:00,CUST00344,P002,document_upload,Mobile,30,Search
EVT0001973,2025-04-12T14:43:00,CUST00114,P005,page_view,Desktop,10,Direct
EVT0001974,2025-04-17T09:42:00,CUST00123,P003,page_view,Desktop,14,Direct
EVT0001975,2026-05-02T13:12:00,CUST00055,P001,calculator_use,Tablet,3,Search
EVT0001976,2026-02-19T17:17:00,CUST00445,P003,document_upload,Mobile,7,Search
EVT0001977,2025-05-10T10:14:00,CUST00109,P002,rate_check,Desktop,36,Partner
EVT0001978,2026-06-21T20:20:00,CUST00403,P002,application_start,Desktop,20,Search
EVT0001979,2025-09-12T15:00:00,CUST00300,P001,document_upload,Mobile,36,Partner
EVT0001980,2025-07-30T15:39:00,CUST00491,P005,rate_check,Desktop,15,Direct
EVT0001981,2025-07-10T10:24:00,CUST00218,P005,page_view,Tablet,1,Social
EVT0001982,2025-08-03T15:04:00,CUST00415,P005,calculator_use,Desktop,15,Direct
EVT0001983,2026-07-11T12:17:00,CUST00474,P004,document_upload,Tablet,36,Search
EVT0001984,2025-07-22T15:40:00,CUST00277,P001,calculator_use,Tablet,29,Search
EVT0001985,2025-04-09T11:50:00,CUST00279,P001,rate_check,Mobile,4,Email
EVT0001986,2026-02-10T10:19:00,CUST00295,P003,calculator_use,Mobile,20,Direct
EVT0001987,2025-01-16T08:20:00,CUST00226,P004,rate_check,Mobile,21,Social
EVT0001988,2025-07-29T22:16:00,CUST00266,P002,document_upload,Tablet,7,Direct
EVT0001989,2025-01-29T18:35:00,CUST00399,P005,rate_check,Tablet,15,Social
EVT0001990,2025-05-20T19:58:00,CUST00165,P001,document_upload,Mobile,32,Partner
EVT0001991,2025-06-19T13:32:00,CUST00303,P005,application_start,Tablet,23,Search
EVT0001992,2026-01-16T14:49:00,CUST00238,P001,calculator_use,Desktop,21,Search
EVT0001993,2026-04-02T20:01:00,CUST00111,P001,application_start,Mobile,27,Partner
EVT0001994,2025-08-07T20:57:00,CUST00032,P004,rate_check,Desktop,7,Social
EVT0001995,2026-03-18T19:05:00,CUST00404,P001,page_view,Tablet,22,Email
EVT0001996,2025-01-27T17:15:00,CUST00381,P002,application_start,Desktop,8,Search
EVT0001997,2025-08-24T15:31:00,CUST00131,P001,document_upload,Desktop,30,Direct
EVT0001998,2026-05-13T17:40:00,CUST00397,P002,rate_check,Desktop,27,Direct
EVT0001999,2026-08-18T10:56:00,CUST00416,P005,page_view,Desktop,19,Email
EVT0002000,2025-02-16T15:09:00,CUST00265,P002,page_view,Mobile,12,Email
EVT0002001,2025-05-11T12:27:00,CUST00230,P003,document_upload,Mobile,31,Search
EVT0002002,2025-11-25T08:49:00,CUST00076,P003,application_start,Mobile,9,Social
EVT0002003,2025-01-25T13:45:00,CUST00339,P005,rate_check,Mobile,29,Social
EVT0002004,2025-05-13T08:52:00,CUST00326,P001,application_start,Desktop,3,Social
EVT0002005,2026-07-16T21:42:00,CUST00177,P004,document_upload,Desktop,15,Email
EVT0002006,2025-01-12T22:34:00,CUST00357,P003,page_view,Tablet,27,Social
EVT0002007,2025-10-12T13:27:00,CUST00441,P003,calculator_use,Tablet,29,Social
EVT0002008,2026-04-03T12:18:00,CUST00400,P001,rate_check,Desktop,21,Email
EVT0002009,2025-03-28T22:58:00,CUST00029,P003,calculator_use,Tablet,21,Partner
EVT0002010,2025-01-10T17:50:00,CUST00248,P003,rate_check,Desktop,8,Partner
EVT0002011,2025-11-20T17:47:00,CUST00331,P004,document_upload,Tablet,16,Direct
EVT0002012,2025-03-15T11:56:00,CUST00474,P001,calculator_use,Tablet,6,Email
EVT0002013,2025-12-24T19:40:00,CUST00448,P001,document_upload,Desktop,25,Partner
EVT0002014,2025-03-15T21:16:00,CUST00010,P005,calculator_use,Mobile,23,Email
EVT0002015,2025-01-06T08:00:00,CUST00266,P003,page_view,Mobile,3,Direct
EVT0002016,2025-09-18T21:22:00,CUST00150,P004,calculator_use,Tablet,30,Partner
EVT0002017,2025-10-30T19:34:00,CUST00271,P002,application_start,Mobile,11,Email
EVT0002018,2025-10-16T22:35:00,CUST00209,P001,document_upload,Tablet,10,Email
EVT0002019,2025-05-18T13:28:00,CUST00203,P004,application_start,Desktop,6,Search
EVT0002020,2026-04-27T17:21:00,CUST00272,P001,page_view,Desktop,33,Direct
EVT0002021,2026-01-29T13:11:00,CUST00088,P001,calculator_use,Desktop,36,Direct
EVT0002022,2025-12-04T17:01:00,CUST00189,P005,calculator_use,Desktop,7,Email
EVT0002023,2026-03-26T21:53:00,CUST00482,P001,page_view,Mobile,17,Direct
EVT0002024,2025-10-09T15:51:00,CUST00324,P004,application_start,Tablet,25,Search
EVT0002025,2025-02-10T19:57:00,CUST00420,P001,rate_check,Desktop,16,Direct
EVT0002026,2026-02-16T15:03:00,CUST00299,P004,rate_check,Mobile,20,Partner
EVT0002027,2026-06-07T12:58:00,CUST00052,P004,calculator_use,Mobile,25,Social
EVT0002028,2026-01-10T20:41:00,CUST00215,P003,document_upload,Tablet,12,Email
EVT0002029,2025-03-28T18:34:00,CUST00350,P003,rate_check,Desktop,33,Direct
EVT0002030,2025-09-05T21:28:00,CUST00444,P001,rate_check,Mobile,18,Partner
EVT0002031,2025-06-10T20:37:00,CUST00478,P005,application_start,Tablet,21,Social
EVT0002032,2025-11-03T16:58:00,CUST00048,P003,document_upload,Mobile,2,Direct
EVT0002033,2026-01-29T13:54:00,CUST00295,P003,document_upload,Mobile,26,Search
EVT0002034,2025-06-08T18:47:00,CUST00452,P005,calculator_use,Tablet,33,Partner
EVT0002035,2026-05-04T20:15:00,CUST00287,P001,application_start,Mobile,31,Partner
EVT0002036,2026-08-09T15:59:00,CUST00412,P003,rate_check,Mobile,34,Direct
EVT0002037,2025-10-08T21:09:00,CUST00165,P002,calculator_use,Desktop,7,Social
EVT0002038,2026-03-10T10:54:00,CUST00233,P001,document_upload,Tablet,29,Email
EVT0002039,2026-04-14T14:27:00,CUST00227,P004,application_start,Desktop,6,Social
EVT0002040,2025-07-14T22:23:00,CUST00062,P005,rate_check,Mobile,17,Search
EVT0002041,2026-09-18T11:07:00,CUST00176,P005,application_start,Mobile,32,Direct
EVT0002042,2026-03-07T20:54:00,CUST00272,P003,application_start,Mobile,8,Direct
EVT0002043,2026-03-23T19:50:00,CUST00322,P003,rate_check,Tablet,27,Partner
EVT0002044,2025-10-12T20:28:00,CUST00024,P003,application_start,Mobile,8,Email
EVT0002045,2026-04-07T21:54:00,CUST00018,P003,application_start,Desktop,9,Email
EVT0002046,2025-03-29T13:23:00,CUST00488,P001,calculator_use,Mobile,19,Direct
EVT0002047,2026-09-30T22:34:00,CUST00328,P005,calculator_use,Mobile,21,Search
EVT0002048,2025-08-10T15:16:00,CUST00190,P004,calculator_use,Tablet,36,Email
EVT0002049,2025-12-11T19:42:00,CUST00183,P003,application_start,Mobile,27,Search
EVT0002050,2025-10-06T10:00:00,CUST00124,P003,calculator_use,Desktop,22,Search
EVT0002051,2026-04-06T10:30:00,CUST00400,P001,application_start,Desktop,34,Search
EVT0002052,2026-08-09T13:43:00,CUST00244,P004,document_upload,Tablet,32,Direct
EVT0002053,2026-08-19T12:53:00,CUST00485,P005,rate_check,Tablet,28,Partner
EVT0002054,2026-02-24T22:27:00,CUST00012,P002,document_upload,Tablet,2,Search
EVT0002055,2026-03-22T18:56:00,CUST00399,P004,calculator_use,Mobile,35,Search
EVT0002056,2025-10-20T11:44:00,CUST00329,P005,calculator_use,Desktop,4,Partner
EVT0002057,2025-04-16T14:22:00,CUST00309,P004,rate_check,Mobile,32,Partner
EVT0002058,2025-09-20T10:17:00,CUST00349,P005,application_start,Desktop,27,Email
EVT0002059,2026-08-24T09:24:00,CUST00289,P001,rate_check,Tablet,28,Social
EVT0002060,2026-04-28T20:11:00,CUST00171,P001,calculator_use,Tablet,12,Email
EVT0002061,2026-02-02T17:04:00,CUST00019,P001,calculator_use,Mobile,31,Social
EVT0002062,2026-06-06T10:13:00,CUST00032,P004,page_view,Mobile,3,Direct
EVT0002063,2025-07-21T11:48:00,CUST00269,P001,calculator_use,Tablet,2,Search
EVT0002064,2025-11-03T11:11:00,CUST00107,P004,application_start,Tablet,12,Email
EVT0002065,2025-04-11T16:00:00,CUST00320,P003,page_view,Tablet,25,Social
EVT0002066,2026-09-18T17:07:00,CUST00328,P003,page_view,Tablet,12,Social
EVT0002067,2026-03-07T22:16:00,CUST00434,P003,page_view,Desktop,5,Direct
EVT0002068,2026-07-21T15:38:00,CUST00278,P002,page_view,Mobile,28,Email
EVT0002069,2025-04-09T09:41:00,CUST00303,P003,rate_check,Desktop,13,Search
EVT0002070,2026-01-12T17:24:00,CUST00289,P001,application_start,Tablet,28,Social
EVT0002071,2025-08-11T17:59:00,CUST00130,P002,calculator_use,Desktop,36,Search
EVT0002072,2026-01-01T22:55:00,CUST00370,P004,calculator_use,Desktop,34,Social
EVT0002073,2025-09-06T15:46:00,CUST00154,P004,application_start,Desktop,20,Social
EVT0002074,2025-02-24T19:15:00,CUST00323,P003,page_view,Tablet,12,Partner
EVT0002075,2025-03-23T15:36:00,CUST00244,P002,rate_check,Desktop,26,Search
EVT0002076,2025-12-04T13:12:00,CUST00184,P001,rate_check,Mobile,29,Social
EVT0002077,2025-10-12T21:53:00,CUST00311,P002,calculator_use,Tablet,33,Search
EVT0002078,2025-05-28T14:35:00,CUST00354,P004,application_start,Tablet,32,Social
EVT0002079,2026-06-07T22:42:00,CUST00454,P002,document_upload,Tablet,18,Social
EVT0002080,2026-06-24T14:28:00,CUST00041,P002,rate_check,Tablet,32,Partner
EVT0002081,2026-07-06T14:58:00,CUST00132,P004,document_upload,Desktop,4,Email
EVT0002082,2026-01-24T19:55:00,CUST00010,P004,rate_check,Tablet,25,Social
EVT0002083,2025-11-18T10:53:00,CUST00491,P004,calculator_use,Desktop,21,Partner
EVT0002084,2026-06-11T08:09:00,CUST00113,P001,page_view,Mobile,2,Email
EVT0002085,2026-04-17T20:06:00,CUST00040,P001,document_upload,Desktop,9,Social
EVT0002086,2025-09-13T20:44:00,CUST00398,P003,rate_check,Mobile,4,Search
EVT0002087,2026-03-25T16:59:00,CUST00217,P003,page_view,Mobile,26,Search
EVT0002088,2025-11-22T08:05:00,CUST00410,P003,document_upload,Desktop,24,Search
EVT0002089,2025-03-23T08:56:00,CUST00463,P001,page_view,Tablet,21,Social
EVT0002090,2026-02-10T15:53:00,CUST00155,P003,rate_check,Desktop,15,Partner
EVT0002091,2025-03-09T18:44:00,CUST00030,P001,application_start,Mobile,13,Direct
EVT0002092,2026-01-04T14:01:00,CUST00464,P004,application_start,Desktop,1,Search
EVT0002093,2026-04-01T11:29:00,CUST00484,P001,rate_check,Desktop,31,Direct
EVT0002094,2025-04-11T18:56:00,CUST00043,P001,calculator_use,Tablet,11,Partner
EVT0002095,2026-07-19T17:54:00,CUST00081,P001,rate_check,Desktop,17,Direct
EVT0002096,2025-03-21T11:33:00,CUST00001,P004,application_start,Mobile,18,Social
EVT0002097,2025-02-24T10:58:00,CUST00219,P004,calculator_use,Desktop,18,Search
EVT0002098,2025-02-12T21:17:00,CUST00175,P005,application_start,Desktop,5,Social
EVT0002099,2025-02-03T12:21:00,CUST00365,P001,page_view,Desktop,21,Search
EVT0002100,2025-04-26T17:20:00,CUST00473,P001,document_upload,Tablet,27,Direct
EVT0002101,2026-05-09T14:38:00,CUST00426,P002,rate_check,Tablet,18,Partner
EVT0002102,2026-03-24T14:03:00,CUST00249,P005,calculator_use,Mobile,33,Email
EVT0002103,2025-11-21T15:22:00,CUST00193,P002,page_view,Mobile,11,Search
EVT0002104,2025-09-25T20:03:00,CUST00159,P004,application_start,Tablet,17,Social
EVT0002105,2026-05-19T13:54:00,CUST00213,P001,calculator_use,Desktop,34,Search
EVT0002106,2025-04-22T20:07:00,CUST00256,P004,calculator_use,Tablet,36,Direct
EVT0002107,2026-01-13T16:01:00,CUST00196,P001,page_view,Tablet,32,Email
EVT0002108,2025-02-13T16:10:00,CUST00182,P004,application_start,Mobile,36,Partner
EVT0002109,2025-02-17T12:17:00,CUST00436,P003,calculator_use,Desktop,20,Email
EVT0002110,2025-09-24T20:09:00,CUST00383,P002,application_start,Mobile,2,Social
EVT0002111,2025-12-21T21:02:00,CUST00276,P001,page_view,Mobile,8,Search
EVT0002112,2026-03-02T20:56:00,CUST00225,P005,rate_check,Mobile,33,Email
EVT0002113,2026-03-31T08:18:00,CUST00450,P005,rate_check,Mobile,5,Partner
EVT0002114,2026-06-02T09:18:00,CUST00372,P005,rate_check,Desktop,29,Partner
EVT0002115,2025-03-22T15:41:00,CUST00338,P005,page_view,Desktop,28,Social
EVT0002116,2025-08-14T14:23:00,CUST00040,P003,document_upload,Mobile,10,Search
EVT0002117,2026-02-05T14:47:00,CUST00306,P004,page_view,Tablet,4,Email
EVT0002118,2026-04-16T20:05:00,CUST00129,P001,calculator_use,Desktop,2,Partner
EVT0002119,2025-03-24T19:53:00,CUST00222,P001,application_start,Mobile,8,Social
EVT0002120,2025-01-06T22:28:00,CUST00451,P001,application_start,Tablet,17,Search
EVT0002121,2026-01-12T13:29:00,CUST00260,P003,application_start,Desktop,34,Partner
EVT0002122,2026-05-09T20:02:00,CUST00472,P004,application_start,Mobile,32,Search
EVT0002123,2026-09-11T19:10:00,CUST00353,P001,rate_check,Tablet,15,Email
EVT0002124,2025-09-23T11:00:00,CUST00301,P001,document_upload,Desktop,8,Email
EVT0002125,2025-06-30T19:23:00,CUST00082,P004,document_upload,Mobile,35,Search
EVT0002126,2026-04-20T22:17:00,CUST00101,P004,page_view,Tablet,7,Search
EVT0002127,2025-12-20T17:37:00,CUST00352,P001,calculator_use,Mobile,30,Partner
EVT0002128,2026-07-07T08:05:00,CUST00303,P005,rate_check,Tablet,11,Email
EVT0002129,2025-05-13T08:34:00,CUST00387,P004,rate_check,Mobile,7,Direct
EVT0002130,2026-07-07T08:09:00,CUST00441,P005,calculator_use,Mobile,3,Direct
EVT0002131,2025-06-22T19:03:00,CUST00436,P004,application_start,Tablet,16,Partner
EVT0002132,2026-01-16T22:21:00,CUST00032,P002,document_upload,Mobile,7,Email
EVT0002133,2026-03-25T22:24:00,CUST00064,P004,page_view,Mobile,27,Search
EVT0002134,2025-12-22T16:55:00,CUST00294,P004,application_start,Tablet,13,Partner
EVT0002135,2025-05-16T20:23:00,CUST00439,P001,rate_check,Mobile,33,Partner
EVT0002136,2025-03-04T17:09:00,CUST00097,P002,rate_check,Mobile,18,Email
EVT0002137,2025-01-21T14:39:00,CUST00024,P005,calculator_use,Desktop,29,Social
EVT0002138,2025-07-29T21:57:00,CUST00410,P004,document_upload,Mobile,7,Social
EVT0002139,2025-10-22T22:07:00,CUST00469,P002,page_view,Desktop,1,Partner
EVT0002140,2026-07-07T12:32:00,CUST00200,P003,calculator_use,Desktop,15,Direct
EVT0002141,2025-10-11T14:03:00,CUST00388,P001,rate_check,Tablet,21,Partner
EVT0002142,2026-09-16T19:54:00,CUST00001,P005,application_start,Desktop,25,Email
EVT0002143,2026-04-27T13:39:00,CUST00290,P002,page_view,Mobile,19,Partner
EVT0002144,2025-02-22T18:53:00,CUST00453,P005,calculator_use,Tablet,36,Search
EVT0002145,2026-04-27T08:08:00,CUST00030,P003,application_start,Tablet,34,Social
EVT0002146,2026-04-12T14:16:00,CUST00013,P002,calculator_use,Desktop,13,Direct
EVT0002147,2025-11-25T22:40:00,CUST00352,P001,page_view,Desktop,35,Email
EVT0002148,2025-12-03T12:30:00,CUST00469,P004,rate_check,Tablet,33,Direct
EVT0002149,2025-07-04T15:19:00,CUST00278,P003,page_view,Mobile,11,Social
EVT0002150,2025-11-30T20:00:00,CUST00085,P005,application_start,Desktop,23,Email
EVT0002151,2025-01-14T13:44:00,CUST00115,P002,rate_check,Tablet,24,Direct
EVT0002152,2025-02-27T09:12:00,CUST00164,P003,calculator_use,Desktop,17,Partner
EVT0002153,2026-03-25T16:32:00,CUST00042,P001,application_start,Tablet,23,Direct
EVT0002154,2025-05-06T11:55:00,CUST00369,P003,document_upload,Tablet,8,Social
EVT0002155,2025-03-31T16:01:00,CUST00326,P003,calculator_use,Tablet,6,Email
EVT0002156,2025-01-23T19:59:00,CUST00053,P002,page_view,Mobile,17,Direct
EVT0002157,2025-03-11T13:27:00,CUST00141,P003,document_upload,Tablet,14,Search
EVT0002158,2026-04-30T14:44:00,CUST00411,P002,document_upload,Desktop,25,Social
EVT0002159,2025-09-29T15:14:00,CUST00293,P005,document_upload,Mobile,13,Direct
EVT0002160,2026-01-14T10:54:00,CUST00291,P002,rate_check,Tablet,4,Partner
EVT0002161,2026-02-27T11:26:00,CUST00027,P003,page_view,Mobile,6,Search
EVT0002162,2025-07-28T15:13:00,CUST00155,P001,document_upload,Mobile,6,Search
EVT0002163,2026-07-03T21:04:00,CUST00331,P003,document_upload,Desktop,28,Partner
EVT0002164,2025-07-14T14:19:00,CUST00297,P003,rate_check,Mobile,23,Search
EVT0002165,2025-11-19T19:38:00,CUST00044,P003,calculator_use,Mobile,27,Social
EVT0002166,2026-01-12T08:48:00,CUST00390,P001,document_upload,Tablet,21,Direct
EVT0002167,2026-01-26T19:14:00,CUST00470,P003,page_view,Tablet,29,Social
EVT0002168,2026-05-06T22:26:00,CUST00282,P005,rate_check,Desktop,3,Search
EVT0002169,2025-10-15T10:51:00,CUST00102,P001,rate_check,Desktop,15,Social
EVT0002170,2025-04-17T18:36:00,CUST00269,P002,application_start,Desktop,10,Email
EVT0002171,2025-06-07T15:01:00,CUST00014,P005,calculator_use,Desktop,2,Email
EVT0002172,2026-03-22T22:24:00,CUST00126,P005,application_start,Tablet,20,Partner
EVT0002173,2025-06-06T14:02:00,CUST00021,P004,rate_check,Mobile,21,Partner
EVT0002174,2026-09-13T14:27:00,CUST00376,P005,rate_check,Mobile,33,Direct
EVT0002175,2026-05-13T11:33:00,CUST00183,P002,page_view,Tablet,34,Search
EVT0002176,2025-02-14T17:29:00,CUST00104,P002,page_view,Desktop,35,Search
EVT0002177,2026-05-27T08:40:00,CUST00151,P004,application_start,Mobile,7,Social
EVT0002178,2025-05-22T09:00:00,CUST00355,P004,document_upload,Tablet,27,Search
EVT0002179,2026-06-25T22:43:00,CUST00207,P004,rate_check,Tablet,5,Partner
EVT0002180,2026-02-01T08:00:00,CUST00279,P005,application_start,Mobile,33,Social
EVT0002181,2026-05-14T17:03:00,CUST00033,P002,calculator_use,Tablet,11,Email
EVT0002182,2025-09-30T14:20:00,CUST00088,P005,document_upload,Desktop,28,Social
EVT0002183,2026-04-06T17:08:00,CUST00398,P001,rate_check,Tablet,19,Direct
EVT0002184,2026-09-17T20:29:00,CUST00341,P005,document_upload,Mobile,1,Search
EVT0002185,2026-07-25T08:33:00,CUST00064,P001,rate_check,Mobile,36,Direct
EVT0002186,2025-12-21T22:46:00,CUST00317,P005,calculator_use,Mobile,34,Partner
EVT0002187,2025-02-15T21:51:00,CUST00283,P005,calculator_use,Tablet,16,Search
EVT0002188,2025-11-22T16:24:00,CUST00131,P004,application_start,Tablet,9,Partner
EVT0002189,2025-04-13T11:04:00,CUST00031,P002,document_upload,Tablet,2,Partner
EVT0002190,2026-03-01T12:03:00,CUST00361,P004,calculator_use,Tablet,31,Email
EVT0002191,2026-06-28T15:46:00,CUST00114,P001,document_upload,Desktop,14,Partner
EVT0002192,2025-12-09T19:59:00,CUST00269,P002,rate_check,Mobile,7,Search
EVT0002193,2026-06-25T15:01:00,CUST00215,P005,calculator_use,Desktop,22,Email
EVT0002194,2025-04-11T11:40:00,CUST00250,P005,application_start,Desktop,5,Email
EVT0002195,2025-05-03T21:30:00,CUST00420,P002,calculator_use,Mobile,9,Email
EVT0002196,2026-09-09T12:46:00,CUST00247,P005,calculator_use,Desktop,13,Direct
EVT0002197,2025-06-12T15:14:00,CUST00255,P005,page_view,Mobile,31,Partner
EVT0002198,2025-02-02T16:19:00,CUST00223,P002,page_view,Mobile,34,Email
EVT0002199,2025-09-17T22:00:00,CUST00367,P004,page_view,Mobile,29,Partner
EVT0002200,2026-01-31T10:07:00,CUST00151,P004,document_upload,Tablet,32,Social
EVT0002201,2026-03-14T13:40:00,CUST00340,P003,rate_check,Mobile,22,Email
EVT0002202,2025-12-09T16:50:00,CUST00077,P003,application_start,Mobile,30,Search
EVT0002203,2026-08-10T17:03:00,CUST00313,P002,application_start,Desktop,9,Partner
EVT0002204,2025-10-05T08:27:00,CUST00242,P005,page_view,Desktop,21,Email
EVT0002205,2026-06-14T10:28:00,CUST00054,P002,rate_check,Tablet,27,Social
EVT0002206,2025-08-31T17:08:00,CUST00270,P002,rate_check,Tablet,34,Partner
EVT0002207,2026-01-02T18:56:00,CUST00071,P002,calculator_use,Mobile,33,Partner
EVT0002208,2026-02-27T22:27:00,CUST00096,P005,page_view,Desktop,15,Email
EVT0002209,2026-05-25T12:41:00,CUST00206,P003,document_upload,Desktop,36,Email
EVT0002210,2025-03-23T19:19:00,CUST00103,P004,document_upload,Desktop,27,Search
EVT0002211,2026-01-10T08:41:00,CUST00247,P002,application_start,Desktop,4,Direct
EVT0002212,2026-02-27T21:18:00,CUST00077,P004,application_start,Tablet,3,Social
EVT0002213,2025-03-19T12:38:00,CUST00410,P004,page_view,Tablet,6,Direct
EVT0002214,2025-04-19T14:25:00,CUST00025,P005,calculator_use,Tablet,21,Email
EVT0002215,2025-09-12T08:03:00,CUST00174,P003,page_view,Mobile,34,Email
EVT0002216,2025-05-14T18:47:00,CUST00438,P004,application_start,Tablet,20,Search
EVT0002217,2025-11-19T10:52:00,CUST00412,P001,rate_check,Mobile,36,Social
EVT0002218,2025-07-22T08:31:00,CUST00260,P004,rate_check,Desktop,7,Partner
EVT0002219,2026-02-14T17:56:00,CUST00204,P003,page_view,Desktop,29,Direct
EVT0002220,2026-02-18T20:58:00,CUST00322,P005,page_view,Desktop,32,Direct
EVT0002221,2025-01-01T18:09:00,CUST00110,P003,calculator_use,Desktop,2,Partner
EVT0002222,2025-06-01T15:26:00,CUST00139,P002,calculator_use,Desktop,20,Social
EVT0002223,2026-02-28T13:08:00,CUST00331,P003,application_start,Tablet,23,Direct
EVT0002224,2025-07-17T12:31:00,CUST00434,P003,application_start,Tablet,17,Direct
EVT0002225,2025-01-16T10:32:00,CUST00042,P004,calculator_use,Tablet,23,Search
EVT0002226,2026-07-05T19:31:00,CUST00368,P005,calculator_use,Mobile,36,Partner
EVT0002227,2026-08-01T22:47:00,CUST00473,P003,rate_check,Desktop,17,Direct
EVT0002228,2025-11-27T10:50:00,CUST00345,P003,document_upload,Tablet,11,Search
EVT0002229,2026-02-13T22:17:00,CUST00026,P001,rate_check,Desktop,16,Search
EVT0002230,2026-04-14T19:17:00,CUST00309,P004,calculator_use,Tablet,19,Search
EVT0002231,2026-08-31T19:19:00,CUST00117,P002,calculator_use,Tablet,30,Social
EVT0002232,2025-10-17T22:45:00,CUST00220,P004,page_view,Mobile,31,Partner
EVT0002233,2026-02-07T19:17:00,CUST00067,P003,document_upload,Mobile,10,Social
EVT0002234,2025-04-16T17:50:00,CUST00109,P003,page_view,Mobile,29,Direct
EVT0002235,2026-09-03T17:28:00,CUST00012,P001,document_upload,Mobile,19,Search
EVT0002236,2025-06-19T17:36:00,CUST00315,P005,rate_check,Desktop,25,Email
EVT0002237,2025-05-12T16:08:00,CUST00068,P001,application_start,Mobile,33,Email
EVT0002238,2026-04-27T20:03:00,CUST00492,P005,rate_check,Mobile,34,Social
EVT0002239,2025-12-17T18:23:00,CUST00037,P001,application_start,Tablet,6,Email
EVT0002240,2025-09-25T11:16:00,CUST00393,P005,calculator_use,Mobile,23,Direct
EVT0002241,2025-08-17T12:13:00,CUST00334,P002,calculator_use,Mobile,4,Partner
EVT0002242,2026-06-11T20:01:00,CUST00355,P001,application_start,Tablet,14,Direct
EVT0002243,2026-08-29T13:39:00,CUST00482,P002,calculator_use,Desktop,21,Partner
EVT0002244,2025-11-30T17:01:00,CUST00277,P003,application_start,Desktop,8,Search
EVT0002245,2025-03-17T18:06:00,CUST00268,P002,page_view,Desktop,26,Email
EVT0002246,2025-04-07T18:32:00,CUST00327,P002,page_view,Mobile,17,Email
EVT0002247,2026-07-21T16:37:00,CUST00394,P004,rate_check,Mobile,30,Direct
EVT0002248,2026-01-14T21:01:00,CUST00250,P001,application_start,Desktop,24,Direct
EVT0002249,2025-05-14T14:42:00,CUST00327,P004,rate_check,Desktop,29,Partner
EVT0002250,2025-07-27T10:27:00,CUST00092,P003,calculator_use,Mobile,10,Direct
EVT0002251,2026-09-13T16:03:00,CUST00491,P004,calculator_use,Tablet,32,Direct
EVT0002252,2026-09-29T20:47:00,CUST00247,P005,rate_check,Mobile,34,Partner
EVT0002253,2025-06-16T19:41:00,CUST00254,P003,rate_check,Tablet,28,Search
EVT0002254,2025-04-22T20:33:00,CUST00200,P005,calculator_use,Mobile,18,Email
EVT0002255,2026-07-13T18:14:00,CUST00056,P005,document_upload,Mobile,29,Social
EVT0002256,2025-06-19T14:51:00,CUST00079,P005,rate_check,Tablet,2,Direct
EVT0002257,2025-04-18T13:38:00,CUST00215,P003,document_upload,Mobile,11,Partner
EVT0002258,2026-04-03T21:51:00,CUST00476,P003,document_upload,Tablet,32,Direct
EVT0002259,2025-08-18T11:13:00,CUST00185,P003,page_view,Tablet,29,Social
EVT0002260,2025-03-14T20:42:00,CUST00482,P002,rate_check,Tablet,20,Partner
EVT0002261,2025-03-07T17:53:00,CUST00169,P004,application_start,Tablet,7,Partner
EVT0002262,2025-02-21T10:07:00,CUST00195,P003,page_view,Desktop,3,Search
EVT0002263,2026-03-11T12:42:00,CUST00256,P005,document_upload,Tablet,23,Social
EVT0002264,2025-02-27T20:00:00,CUST00344,P004,calculator_use,Desktop,9,Email
EVT0002265,2025-02-24T21:41:00,CUST00117,P005,application_start,Desktop,7,Social
EVT0002266,2025-12-05T22:13:00,CUST00359,P001,application_start,Mobile,14,Search
EVT0002267,2026-04-24T18:36:00,CUST00374,P005,rate_check,Tablet,32,Email
EVT0002268,2025-07-11T10:25:00,CUST00346,P004,document_upload,Tablet,31,Email
EVT0002269,2025-03-20T19:56:00,CUST00100,P001,calculator_use,Desktop,17,Search
EVT0002270,2025-05-18T21:42:00,CUST00276,P004,page_view,Mobile,21,Partner
EVT0002271,2025-04-10T12:55:00,CUST00309,P002,calculator_use,Mobile,18,Direct
EVT0002272,2026-01-20T18:17:00,CUST00304,P005,calculator_use,Tablet,25,Search
EVT0002273,2025-07-27T16:17:00,CUST00325,P003,page_view,Tablet,10,Partner
EVT0002274,2025-12-30T15:54:00,CUST00229,P001,rate_check,Tablet,27,Social
EVT0002275,2026-04-01T08:20:00,CUST00170,P001,page_view,Tablet,10,Email
EVT0002276,2025-02-01T11:05:00,CUST00046,P001,document_upload,Mobile,29,Search
EVT0002277,2025-12-30T17:06:00,CUST00010,P004,calculator_use,Mobile,24,Partner
EVT0002278,2026-09-27T14:51:00,CUST00220,P001,application_start,Tablet,30,Partner
EVT0002279,2025-04-05T19:21:00,CUST00408,P001,page_view,Tablet,18,Search
EVT0002280,2025-03-25T08:11:00,CUST00140,P001,application_start,Tablet,24,Email
EVT0002281,2025-11-08T15:23:00,CUST00233,P004,application_start,Tablet,26,Email
EVT0002282,2025-07-17T19:08:00,CUST00382,P004,document_upload,Tablet,31,Partner
EVT0002283,2025-03-27T20:03:00,CUST00499,P003,calculator_use,Desktop,28,Social
EVT0002284,2025-01-22T20:48:00,CUST00167,P005,rate_check,Desktop,16,Direct
EVT0002285,2026-03-13T20:44:00,CUST00314,P003,rate_check,Desktop,20,Partner
EVT0002286,2026-03-05T21:06:00,CUST00326,P001,application_start,Mobile,15,Partner
EVT0002287,2025-11-26T11:49:00,CUST00113,P001,calculator_use,Desktop,35,Social
EVT0002288,2026-06-25T09:40:00,CUST00001,P004,application_start,Desktop,13,Direct
EVT0002289,2026-01-22T09:22:00,CUST00479,P005,page_view,Mobile,8,Direct
EVT0002290,2025-05-05T14:38:00,CUST00222,P004,page_view,Desktop,28,Partner
EVT0002291,2026-08-14T08:17:00,CUST00030,P003,page_view,Desktop,30,Social
EVT0002292,2026-03-30T17:27:00,CUST00328,P004,rate_check,Desktop,19,Partner
EVT0002293,2026-08-05T22:39:00,CUST00227,P001,application_start,Tablet,4,Social
EVT0002294,2026-09-23T14:52:00,CUST00237,P003,page_view,Desktop,10,Social
EVT0002295,2025-08-13T08:32:00,CUST00442,P005,application_start,Tablet,34,Email
EVT0002296,2026-04-09T21:36:00,CUST00365,P004,document_upload,Tablet,33,Search
EVT0002297,2026-04-12T13:39:00,CUST00132,P002,application_start,Tablet,26,Social
EVT0002298,2025-07-01T15:16:00,CUST00352,P004,document_upload,Desktop,15,Direct
EVT0002299,2026-08-07T19:28:00,CUST00447,P001,page_view,Mobile,17,Partner
EVT0002300,2026-08-28T13:01:00,CUST00417,P003,page_view,Desktop,14,Partner
EVT0002301,2025-03-31T09:53:00,CUST00232,P002,calculator_use,Mobile,29,Social
EVT0002302,2025-10-11T08:34:00,CUST00496,P001,rate_check,Tablet,12,Email
EVT0002303,2025-11-12T17:41:00,CUST00386,P004,page_view,Tablet,16,Partner
EVT0002304,2025-11-30T08:36:00,CUST00041,P004,calculator_use,Tablet,11,Search
EVT0002305,2026-01-18T22:36:00,CUST00339,P001,application_start,Tablet,16,Partner
EVT0002306,2025-08-17T09:56:00,CUST00276,P001,document_upload,Desktop,24,Direct
EVT0002307,2025-09-05T14:51:00,CUST00263,P001,document_upload,Desktop,2,Email
EVT0002308,2026-09-01T08:19:00,CUST00463,P004,application_start,Tablet,20,Email
EVT0002309,2025-03-03T20:22:00,CUST00307,P003,document_upload,Desktop,22,Direct
EVT0002310,2026-09-24T12:58:00,CUST00310,P002,rate_check,Mobile,36,Social
EVT0002311,2025-03-16T17:43:00,CUST00454,P001,rate_check,Mobile,35,Social
EVT0002312,2026-10-01T16:54:00,CUST00028,P001,application_start,Tablet,4,Partner
EVT0002313,2025-03-16T22:53:00,CUST00424,P005,calculator_use,Mobile,6,Partner
EVT0002314,2026-02-03T09:06:00,CUST00459,P004,application_start,Mobile,10,Social
EVT0002315,2025-01-03T14:56:00,CUST00143,P002,application_start,Desktop,36,Direct
EVT0002316,2025-12-19T16:09:00,CUST00176,P005,calculator_use,Tablet,1,Email
EVT0002317,2026-05-12T19:43:00,CUST00320,P004,document_upload,Tablet,21,Partner
EVT0002318,2025-01-07T08:14:00,CUST00091,P003,page_view,Desktop,6,Email
EVT0002319,2026-02-28T09:28:00,CUST00034,P005,calculator_use,Tablet,36,Social
EVT0002320,2025-06-05T18:19:00,CUST00223,P002,document_upload,Mobile,30,Partner
EVT0002321,2026-09-17T12:37:00,CUST00136,P001,calculator_use,Tablet,14,Search
EVT0002322,2026-09-06T17:02:00,CUST00186,P001,page_view,Desktop,9,Partner
EVT0002323,2025-09-26T22:39:00,CUST00119,P002,rate_check,Desktop,29,Partner
EVT0002324,2025-02-26T16:20:00,CUST00358,P004,document_upload,Mobile,11,Partner
EVT0002325,2025-08-29T17:42:00,CUST00260,P002,calculator_use,Tablet,24,Email
EVT0002326,2025-09-20T16:50:00,CUST00102,P003,rate_check,Desktop,16,Social
EVT0002327,2025-05-01T09:20:00,CUST00325,P001,calculator_use,Mobile,26,Social
EVT0002328,2026-01-15T21:06:00,CUST00142,P001,rate_check,Tablet,35,Email
EVT0002329,2025-06-10T22:59:00,CUST00189,P002,rate_check,Mobile,24,Direct
EVT0002330,2026-09-17T15:15:00,CUST00259,P002,page_view,Mobile,21,Search
EVT0002331,2025-06-03T18:45:00,CUST00418,P003,rate_check,Desktop,18,Search
EVT0002332,2025-04-09T19:13:00,CUST00129,P002,document_upload,Mobile,31,Social
EVT0002333,2025-11-30T14:10:00,CUST00454,P004,document_upload,Desktop,32,Search
EVT0002334,2026-01-18T08:00:00,CUST00454,P002,application_start,Tablet,17,Email
EVT0002335,2026-06-20T08:57:00,CUST00395,P003,calculator_use,Tablet,11,Social
EVT0002336,2025-02-12T15:54:00,CUST00457,P003,document_upload,Desktop,34,Partner
EVT0002337,2025-12-22T16:28:00,CUST00096,P003,rate_check,Tablet,13,Partner
EVT0002338,2025-06-11T18:40:00,CUST00012,P004,calculator_use,Tablet,30,Search
EVT0002339,2026-06-21T08:23:00,CUST00195,P001,calculator_use,Tablet,9,Search
EVT0002340,2025-07-27T22:45:00,CUST00215,P002,page_view,Mobile,30,Email
EVT0002341,2025-03-07T09:23:00,CUST00435,P001,rate_check,Desktop,29,Direct
EVT0002342,2025-11-04T20:06:00,CUST00398,P002,calculator_use,Mobile,31,Email
EVT0002343,2026-07-12T16:44:00,CUST00388,P004,application_start,Desktop,32,Direct
EVT0002344,2026-08-28T17:34:00,CUST00122,P004,application_start,Desktop,34,Direct
EVT0002345,2025-09-12T16:11:00,CUST00442,P003,document_upload,Tablet,36,Direct
EVT0002346,2025-06-03T18:50:00,CUST00409,P002,rate_check,Tablet,25,Email
EVT0002347,2025-07-19T20:41:00,CUST00232,P003,application_start,Mobile,18,Email
EVT0002348,2025-06-12T18:20:00,CUST00171,P001,application_start,Desktop,11,Search
EVT0002349,2025-07-30T20:17:00,CUST00007,P005,application_start,Mobile,18,Search
EVT0002350,2026-01-31T09:13:00,CUST00302,P005,document_upload,Desktop,29,Direct
EVT0002351,2025-02-15T22:46:00,CUST00287,P004,application_start,Tablet,13,Social
EVT0002352,2025-12-15T09:02:00,CUST00307,P003,application_start,Tablet,34,Search
EVT0002353,2026-09-24T10:04:00,CUST00266,P002,application_start,Desktop,34,Partner
EVT0002354,2025-07-09T15:32:00,CUST00008,P003,calculator_use,Tablet,32,Direct
EVT0002355,2025-09-09T14:41:00,CUST00385,P001,rate_check,Tablet,1,Email
EVT0002356,2025-12-08T18:41:00,CUST00193,P005,application_start,Desktop,21,Direct
EVT0002357,2026-01-28T17:19:00,CUST00352,P005,page_view,Desktop,14,Email
EVT0002358,2026-06-26T16:39:00,CUST00087,P005,document_upload,Tablet,1,Social
EVT0002359,2026-06-16T22:24:00,CUST00456,P005,page_view,Tablet,5,Direct
EVT0002360,2026-04-17T09:18:00,CUST00453,P001,document_upload,Tablet,12,Search
EVT0002361,2025-01-27T11:49:00,CUST00361,P004,application_start,Tablet,2,Social
EVT0002362,2026-07-26T18:32:00,CUST00333,P003,calculator_use,Mobile,18,Search
EVT0002363,2025-05-18T20:07:00,CUST00411,P004,rate_check,Desktop,28,Partner
EVT0002364,2025-08-06T21:35:00,CUST00254,P004,rate_check,Desktop,5,Social
EVT0002365,2025-08-27T16:57:00,CUST00029,P003,calculator_use,Tablet,16,Direct
EVT0002366,2026-04-26T17:31:00,CUST00395,P005,calculator_use,Mobile,33,Email
EVT0002367,2026-07-23T09:35:00,CUST00091,P001,page_view,Desktop,34,Partner
EVT0002368,2025-06-20T17:05:00,CUST00143,P004,rate_check,Desktop,8,Search
EVT0002369,2026-01-01T17:44:00,CUST00494,P004,application_start,Mobile,25,Direct
EVT0002370,2025-05-15T18:13:00,CUST00112,P001,page_view,Desktop,5,Partner
EVT0002371,2026-04-04T20:48:00,CUST00271,P001,page_view,Mobile,12,Search
EVT0002372,2026-05-21T21:20:00,CUST00445,P002,document_upload,Tablet,36,Direct
EVT0002373,2026-06-30T13:39:00,CUST00447,P001,rate_check,Desktop,27,Search
EVT0002374,2025-04-30T14:22:00,CUST00013,P003,rate_check,Mobile,11,Partner
EVT0002375,2026-08-04T09:00:00,CUST00046,P005,document_upload,Mobile,15,Direct
EVT0002376,2025-01-20T22:52:00,CUST00479,P001,page_view,Mobile,12,Email
EVT0002377,2026-02-11T21:40:00,CUST00033,P002,rate_check,Desktop,13,Social
EVT0002378,2025-03-18T11:42:00,CUST00334,P001,application_start,Desktop,12,Direct
EVT0002379,2026-07-28T22:54:00,CUST00436,P005,page_view,Tablet,20,Direct
EVT0002380,2026-02-02T17:24:00,CUST00039,P003,page_view,Tablet,16,Partner
EVT0002381,2026-05-23T10:57:00,CUST00019,P004,application_start,Desktop,3,Email
EVT0002382,2026-08-09T16:00:00,CUST00187,P001,application_start,Tablet,14,Email
EVT0002383,2025-07-31T13:01:00,CUST00118,P002,page_view,Mobile,12,Partner
EVT0002384,2025-03-11T08:19:00,CUST00068,P003,document_upload,Mobile,25,Direct
EVT0002385,2025-02-06T22:57:00,CUST00249,P002,calculator_use,Tablet,5,Email
EVT0002386,2025-08-15T18:08:00,CUST00052,P002,page_view,Tablet,26,Partner
EVT0002387,2026-08-24T21:59:00,CUST00104,P001,rate_check,Mobile,1,Partner
EVT0002388,2025-07-26T13:36:00,CUST00159,P001,application_start,Mobile,22,Search
EVT0002389,2025-02-21T11:50:00,CUST00122,P005,application_start,Desktop,34,Email
EVT0002390,2025-07-25T11:38:00,CUST00247,P003,page_view,Tablet,21,Social
EVT0002391,2025-01-29T20:35:00,CUST00010,P001,calculator_use,Desktop,26,Search
EVT0002392,2026-05-15T13:02:00,CUST00350,P004,page_view,Tablet,20,Partner
EVT0002393,2025-05-05T12:25:00,CUST00266,P002,calculator_use,Desktop,2,Search
EVT0002394,2026-01-15T21:53:00,CUST00296,P003,calculator_use,Tablet,19,Partner
EVT0002395,2025-06-15T08:06:00,CUST00441,P003,document_upload,Desktop,2,Search
EVT0002396,2025-01-03T09:24:00,CUST00110,P002,calculator_use,Desktop,34,Social
EVT0002397,2025-01-08T14:47:00,CUST00477,P005,page_view,Tablet,8,Partner
EVT0002398,2025-02-03T15:21:00,CUST00393,P003,page_view,Tablet,11,Partner
EVT0002399,2026-04-30T18:22:00,CUST00418,P004,page_view,Mobile,26,Direct
EVT0002400,2025-06-13T18:09:00,CUST00454,P004,document_upload,Tablet,19,Search
EVT0002401,2026-03-18T13:27:00,CUST00376,P005,document_upload,Tablet,36,Partner
EVT0002402,2025-01-11T10:56:00,CUST00402,P002,page_view,Mobile,36,Partner
EVT0002403,2025-08-21T14:50:00,CUST00042,P001,calculator_use,Desktop,19,Partner
EVT0002404,2025-04-01T12:18:00,CUST00193,P003,rate_check,Tablet,31,Direct
EVT0002405,2026-03-25T12:21:00,CUST00352,P005,rate_check,Desktop,19,Email
EVT0002406,2025-12-30T08:35:00,CUST00298,P003,page_view,Desktop,10,Social
EVT0002407,2026-03-13T19:37:00,CUST00460,P001,calculator_use,Mobile,31,Search
EVT0002408,2026-03-11T22:58:00,CUST00499,P003,calculator_use,Desktop,29,Search
EVT0002409,2025-07-28T14:40:00,CUST00304,P003,page_view,Desktop,2,Social
EVT0002410,2025-09-25T13:03:00,CUST00267,P002,document_upload,Desktop,17,Partner
EVT0002411,2026-03-29T08:09:00,CUST00341,P003,rate_check,Mobile,1,Partner
EVT0002412,2026-05-19T08:50:00,CUST00152,P001,application_start,Desktop,11,Search
EVT0002413,2025-12-10T13:58:00,CUST00186,P002,rate_check,Tablet,6,Search
EVT0002414,2026-04-06T14:11:00,CUST00131,P001,rate_check,Tablet,2,Social
EVT0002415,2025-03-12T15:23:00,CUST00178,P003,calculator_use,Tablet,3,Direct
EVT0002416,2026-04-05T17:02:00,CUST00199,P002,calculator_use,Tablet,18,Social
EVT0002417,2025-04-27T15:12:00,CUST00085,P005,document_upload,Desktop,14,Social
EVT0002418,2026-09-26T18:57:00,CUST00381,P004,page_view,Desktop,35,Search
EVT0002419,2026-03-10T18:42:00,CUST00411,P005,calculator_use,Mobile,7,Search
EVT0002420,2026-01-27T12:24:00,CUST00416,P001,calculator_use,Tablet,27,Partner
EVT0002421,2026-04-20T16:52:00,CUST00193,P003,calculator_use,Mobile,11,Email
EVT0002422,2026-07-23T12:58:00,CUST00461,P001,calculator_use,Desktop,5,Email
EVT0002423,2026-08-18T17:09:00,CUST00127,P005,calculator_use,Mobile,1,Social
EVT0002424,2026-06-11T14:07:00,CUST00297,P002,page_view,Desktop,34,Email
EVT0002425,2025-04-20T12:15:00,CUST00322,P003,document_upload,Tablet,10,Email
EVT0002426,2025-05-25T08:15:00,CUST00350,P003,rate_check,Tablet,35,Partner
EVT0002427,2025-05-01T16:48:00,CUST00173,P005,page_view,Tablet,34,Direct
EVT0002428,2025-07-10T16:54:00,CUST00399,P003,rate_check,Tablet,3,Email
EVT0002429,2026-03-20T15:14:00,CUST00100,P001,page_view,Tablet,35,Search
EVT0002430,2025-08-21T16:57:00,CUST00416,P001,document_upload,Mobile,2,Direct
EVT0002431,2026-05-02T15:50:00,CUST00378,P004,application_start,Tablet,10,Direct
EVT0002432,2025-01-18T13:00:00,CUST00298,P001,application_start,Desktop,30,Direct
EVT0002433,2026-05-12T12:58:00,CUST00309,P003,calculator_use,Mobile,18,Direct
EVT0002434,2026-08-29T09:56:00,CUST00436,P004,calculator_use,Desktop,33,Partner
EVT0002435,2026-04-28T11:35:00,CUST00409,P004,calculator_use,Desktop,8,Email
EVT0002436,2026-02-28T15:27:00,CUST00382,P003,document_upload,Mobile,30,Social
EVT0002437,2026-01-22T10:47:00,CUST00084,P005,application_start,Desktop,11,Partner
EVT0002438,2025-09-28T11:31:00,CUST00112,P002,page_view,Desktop,6,Social
EVT0002439,2025-12-01T14:25:00,CUST00342,P001,calculator_use,Tablet,7,Email
EVT0002440,2025-11-12T11:01:00,CUST00033,P002,application_start,Mobile,34,Search
EVT0002441,2026-06-04T15:24:00,CUST00077,P005,document_upload,Desktop,28,Direct
EVT0002442,2025-03-30T17:06:00,CUST00478,P003,application_start,Desktop,11,Email
EVT0002443,2026-03-15T19:15:00,CUST00096,P002,application_start,Mobile,14,Partner
EVT0002444,2025-02-16T09:13:00,CUST00128,P005,page_view,Tablet,17,Search
EVT0002445,2025-07-12T13:55:00,CUST00148,P001,application_start,Tablet,8,Partner
EVT0002446,2025-05-27T14:07:00,CUST00384,P005,page_view,Desktop,19,Partner
EVT0002447,2025-01-26T15:13:00,CUST00196,P002,calculator_use,Mobile,35,Partner
EVT0002448,2025-12-19T12:07:00,CUST00454,P002,calculator_use,Mobile,23,Partner
EVT0002449,2026-04-08T22:59:00,CUST00446,P003,rate_check,Desktop,7,Partner
EVT0002450,2025-12-01T17:11:00,CUST00263,P005,application_start,Mobile,15,Partner
EVT0002451,2025-01-15T16:55:00,CUST00327,P001,document_upload,Tablet,18,Search
EVT0002452,2025-02-16T09:19:00,CUST00281,P002,document_upload,Tablet,24,Partner
EVT0002453,2026-02-19T13:57:00,CUST00260,P001,application_start,Desktop,34,Social
EVT0002454,2025-09-28T22:04:00,CUST00496,P001,document_upload,Tablet,3,Search
EVT0002455,2026-02-16T20:45:00,CUST00145,P003,rate_check,Tablet,34,Search
EVT0002456,2026-04-24T11:16:00,CUST00222,P001,application_start,Desktop,35,Partner
EVT0002457,2025-07-26T09:16:00,CUST00112,P004,document_upload,Desktop,6,Social
EVT0002458,2026-04-08T22:08:00,CUST00044,P002,rate_check,Tablet,13,Social
EVT0002459,2025-11-09T13:00:00,CUST00382,P001,rate_check,Desktop,34,Search
EVT0002460,2025-04-25T18:05:00,CUST00142,P005,application_start,Mobile,32,Partner
EVT0002461,2025-07-09T19:30:00,CUST00131,P005,rate_check,Tablet,27,Social
EVT0002462,2025-07-28T22:14:00,CUST00415,P001,application_start,Tablet,9,Search
EVT0002463,2026-07-26T09:35:00,CUST00326,P004,page_view,Mobile,23,Search
EVT0002464,2025-07-09T13:44:00,CUST00338,P005,document_upload,Tablet,16,Direct
EVT0002465,2025-04-01T11:25:00,CUST00478,P002,application_start,Desktop,27,Direct
EVT0002466,2025-09-08T16:19:00,CUST00334,P002,page_view,Tablet,31,Social
EVT0002467,2025-01-14T10:32:00,CUST00233,P004,application_start,Mobile,1,Partner
EVT0002468,2025-09-14T16:32:00,CUST00082,P004,page_view,Desktop,22,Direct
EVT0002469,2025-04-01T14:30:00,CUST00128,P005,document_upload,Desktop,12,Social
EVT0002470,2026-03-31T17:40:00,CUST00262,P002,rate_check,Tablet,35,Email
EVT0002471,2025-08-17T20:03:00,CUST00464,P005,document_upload,Desktop,12,Partner
EVT0002472,2025-04-09T12:27:00,CUST00331,P005,document_upload,Mobile,16,Social
EVT0002473,2026-03-08T17:33:00,CUST00163,P002,rate_check,Desktop,12,Direct
EVT0002474,2025-11-04T21:32:00,CUST00225,P002,application_start,Desktop,6,Email
EVT0002475,2025-08-25T08:52:00,CUST00222,P002,application_start,Mobile,36,Direct
EVT0002476,2025-10-14T14:31:00,CUST00034,P005,page_view,Desktop,18,Direct
EVT0002477,2026-07-29T22:00:00,CUST00435,P002,calculator_use,Mobile,29,Direct
EVT0002478,2025-02-08T16:12:00,CUST00455,P002,application_start,Desktop,19,Social
EVT0002479,2026-05-31T13:25:00,CUST00229,P003,rate_check,Desktop,29,Social
EVT0002480,2026-03-12T19:04:00,CUST00332,P005,application_start,Desktop,9,Partner
EVT0002481,2025-01-26T19:26:00,CUST00236,P004,rate_check,Tablet,22,Direct
EVT0002482,2026-02-22T16:36:00,CUST00362,P002,document_upload,Desktop,28,Email
EVT0002483,2025-10-26T09:44:00,CUST00396,P004,application_start,Tablet,36,Email
EVT0002484,2026-03-02T14:59:00,CUST00330,P002,rate_check,Tablet,16,Partner
EVT0002485,2026-03-03T20:05:00,CUST00380,P003,document_upload,Mobile,23,Search
EVT0002486,2026-04-09T15:45:00,CUST00176,P004,application_start,Tablet,24,Social
EVT0002487,2025-10-11T13:32:00,CUST00071,P005,rate_check,Mobile,5,Social
EVT0002488,2025-07-16T15:18:00,CUST00499,P005,calculator_use,Tablet,11,Search
EVT0002489,2026-01-22T08:18:00,CUST00389,P005,rate_check,Mobile,18,Email
EVT0002490,2025-12-26T21:54:00,CUST00003,P002,application_start,Mobile,4,Search
EVT0002491,2026-06-14T10:39:00,CUST00062,P004,calculator_use,Tablet,36,Social
EVT0002492,2026-02-12T20:06:00,CUST00468,P001,page_view,Desktop,29,Partner
EVT0002493,2026-08-27T12:00:00,CUST00107,P002,rate_check,Tablet,2,Email
EVT0002494,2025-09-19T09:40:00,CUST00110,P004,rate_check,Mobile,36,Direct
EVT0002495,2025-11-23T13:54:00,CUST00263,P004,page_view,Desktop,34,Partner
EVT0002496,2026-09-22T21:37:00,CUST00398,P001,application_start,Desktop,32,Social
EVT0002497,2025-07-31T18:05:00,CUST00106,P005,rate_check,Desktop,20,Direct
EVT0002498,2026-01-11T17:18:00,CUST00086,P004,rate_check,Mobile,3,Direct
EVT0002499,2026-01-18T15:23:00,CUST00455,P004,calculator_use,Mobile,31,Email
EVT0002500,2025-08-06T18:09:00,CUST00267,P004,document_upload,Desktop,1,Partner
EVT0002501,2025-12-16T14:03:00,CUST00343,P001,calculator_use,Mobile,31,Search
EVT0002502,2025-04-29T08:36:00,CUST00268,P003,application_start,Desktop,2,Partner
EVT0002503,2025-04-30T14:56:00,CUST00476,P004,page_view,Tablet,22,Search
EVT0002504,2026-01-23T14:01:00,CUST00041,P004,rate_check,Mobile,19,Email
EVT0002505,2026-04-20T19:37:00,CUST00193,P005,page_view,Tablet,6,Email
EVT0002506,2026-02-01T21:39:00,CUST00110,P002,application_start,Mobile,30,Email
EVT0002507,2025-09-27T14:50:00,CUST00434,P003,page_view,Mobile,36,Search
EVT0002508,2026-03-04T08:23:00,CUST00138,P002,rate_check,Desktop,34,Social
EVT0002509,2026-09-15T19:37:00,CUST00081,P003,application_start,Tablet,26,Partner
EVT0002510,2026-07-14T19:50:00,CUST00372,P001,page_view,Tablet,30,Email
EVT0002511,2025-02-07T12:06:00,CUST00265,P005,calculator_use,Tablet,2,Search
EVT0002512,2025-11-10T16:28:00,CUST00215,P002,calculator_use,Mobile,7,Search
EVT0002513,2025-05-04T22:36:00,CUST00411,P004,rate_check,Mobile,4,Search
EVT0002514,2025-08-02T22:01:00,CUST00081,P005,document_upload,Tablet,19,Email
EVT0002515,2025-06-17T09:50:00,CUST00111,P001,rate_check,Mobile,21,Email
EVT0002516,2026-09-14T17:38:00,CUST00426,P004,page_view,Desktop,31,Search
EVT0002517,2026-02-01T20:54:00,CUST00176,P004,document_upload,Mobile,9,Search
EVT0002518,2025-08-03T14:22:00,CUST00030,P004,application_start,Tablet,13,Partner
EVT0002519,2026-01-15T09:50:00,CUST00358,P001,page_view,Mobile,7,Search
EVT0002520,2026-04-12T15:24:00,CUST00205,P004,application_start,Tablet,24,Social
EVT0002521,2025-05-12T19:08:00,CUST00337,P002,calculator_use,Tablet,25,Partner
EVT0002522,2025-03-23T17:26:00,CUST00112,P004,application_start,Mobile,22,Partner
EVT0002523,2025-05-16T08:53:00,CUST00299,P001,document_upload,Mobile,22,Email
EVT0002524,2025-06-17T16:45:00,CUST00344,P001,document_upload,Tablet,18,Email
EVT0002525,2026-06-26T10:24:00,CUST00105,P005,document_upload,Mobile,26,Social
EVT0002526,2025-08-30T18:24:00,CUST00143,P001,application_start,Mobile,18,Social
EVT0002527,2026-06-03T17:37:00,CUST00267,P004,application_start,Tablet,1,Social
EVT0002528,2026-06-15T14:14:00,CUST00393,P004,document_upload,Desktop,20,Direct
EVT0002529,2025-11-28T17:02:00,CUST00277,P002,document_upload,Mobile,4,Email
EVT0002530,2025-09-24T15:17:00,CUST00405,P003,rate_check,Mobile,4,Partner
EVT0002531,2025-11-04T12:21:00,CUST00071,P003,rate_check,Mobile,36,Partner
EVT0002532,2026-09-09T13:16:00,CUST00033,P001,application_start,Tablet,11,Social
EVT0002533,2025-02-26T15:20:00,CUST00244,P003,page_view,Tablet,16,Social
EVT0002534,2026-01-26T20:00:00,CUST00064,P003,rate_check,Mobile,35,Search
EVT0002535,2025-08-22T13:26:00,CUST00287,P001,document_upload,Tablet,8,Direct
EVT0002536,2026-07-02T15:30:00,CUST00287,P003,application_start,Desktop,31,Email
EVT0002537,2025-07-15T17:41:00,CUST00016,P001,document_upload,Desktop,12,Email
EVT0002538,2026-09-19T22:30:00,CUST00202,P004,calculator_use,Tablet,26,Search
EVT0002539,2026-05-09T09:33:00,CUST00048,P004,application_start,Desktop,27,Partner
EVT0002540,2026-06-25T14:04:00,CUST00375,P004,application_start,Desktop,15,Social
EVT0002541,2026-07-01T09:15:00,CUST00201,P002,page_view,Desktop,10,Partner
EVT0002542,2026-09-22T16:26:00,CUST00067,P003,calculator_use,Desktop,17,Partner
EVT0002543,2025-10-11T17:31:00,CUST00204,P003,application_start,Desktop,21,Search
EVT0002544,2025-10-03T20:15:00,CUST00202,P003,calculator_use,Tablet,22,Email
EVT0002545,2025-04-22T18:29:00,CUST00053,P002,application_start,Desktop,4,Social
EVT0002546,2025-03-20T19:11:00,CUST00334,P001,document_upload,Tablet,16,Email
EVT0002547,2025-06-17T16:00:00,CUST00470,P005,page_view,Tablet,11,Direct
EVT0002548,2026-01-30T13:01:00,CUST00182,P002,calculator_use,Tablet,23,Partner
EVT0002549,2026-09-26T14:38:00,CUST00269,P004,page_view,Desktop,6,Social
EVT0002550,2025-07-12T09:50:00,CUST00087,P002,calculator_use,Desktop,20,Direct
EVT0002551,2025-05-06T22:20:00,CUST00487,P003,application_start,Mobile,33,Email
EVT0002552,2026-04-19T14:33:00,CUST00356,P002,application_start,Desktop,12,Partner
EVT0002553,2025-07-22T20:15:00,CUST00230,P005,rate_check,Desktop,22,Partner
EVT0002554,2025-11-15T22:09:00,CUST00481,P005,page_view,Desktop,36,Email
EVT0002555,2026-04-04T14:24:00,CUST00132,P003,page_view,Mobile,12,Social
EVT0002556,2025-02-24T19:26:00,CUST00431,P003,calculator_use,Desktop,1,Search
EVT0002557,2025-11-11T09:40:00,CUST00040,P005,application_start,Desktop,12,Partner
EVT0002558,2025-08-06T12:40:00,CUST00189,P002,application_start,Mobile,24,Email
EVT0002559,2025-05-11T21:42:00,CUST00220,P001,page_view,Desktop,35,Email
EVT0002560,2026-04-11T18:11:00,CUST00378,P004,application_start,Mobile,20,Direct
EVT0002561,2026-06-10T17:11:00,CUST00039,P005,document_upload,Tablet,8,Email
EVT0002562,2025-12-08T11:21:00,CUST00348,P002,calculator_use,Desktop,22,Partner
EVT0002563,2026-03-09T20:47:00,CUST00065,P005,page_view,Mobile,33,Direct
EVT0002564,2026-06-03T12:45:00,CUST00428,P002,application_start,Mobile,5,Search
EVT0002565,2025-02-14T15:43:00,CUST00379,P003,calculator_use,Tablet,6,Social
EVT0002566,2025-01-19T13:44:00,CUST00446,P003,document_upload,Desktop,17,Direct
EVT0002567,2025-11-19T20:17:00,CUST00389,P003,application_start,Tablet,23,Direct
EVT0002568,2026-02-16T17:01:00,CUST00068,P001,application_start,Desktop,7,Social
EVT0002569,2026-08-30T15:13:00,CUST00485,P003,application_start,Desktop,22,Search
EVT0002570,2025-08-26T09:20:00,CUST00405,P001,document_upload,Mobile,25,Email
EVT0002571,2025-09-14T12:57:00,CUST00117,P005,rate_check,Tablet,2,Email
EVT0002572,2025-03-04T17:10:00,CUST00131,P001,rate_check,Desktop,23,Direct
EVT0002573,2026-07-28T15:15:00,CUST00490,P004,page_view,Mobile,13,Social
EVT0002574,2025-09-03T20:17:00,CUST00014,P001,rate_check,Desktop,11,Partner
EVT0002575,2025-12-05T18:23:00,CUST00073,P001,calculator_use,Tablet,23,Partner
EVT0002576,2026-06-02T12:38:00,CUST00420,P002,application_start,Mobile,25,Email
EVT0002577,2026-07-14T19:14:00,CUST00376,P004,rate_check,Tablet,16,Social
EVT0002578,2025-08-01T09:01:00,CUST00298,P003,document_upload,Tablet,23,Direct
EVT0002579,2026-06-01T16:22:00,CUST00498,P005,application_start,Tablet,29,Social
EVT0002580,2026-06-27T21:00:00,CUST00472,P002,document_upload,Mobile,31,Search
EVT0002581,2025-09-06T17:28:00,CUST00372,P005,document_upload,Desktop,1,Direct
EVT0002582,2026-07-30T14:52:00,CUST00288,P005,calculator_use,Tablet,34,Email
EVT0002583,2026-04-07T20:18:00,CUST00207,P001,calculator_use,Mobile,11,Email
EVT0002584,2026-04-24T08:57:00,CUST00348,P004,rate_check,Desktop,29,Direct
EVT0002585,2026-06-04T15:22:00,CUST00481,P005,document_upload,Mobile,22,Direct
EVT0002586,2026-07-20T21:02:00,CUST00407,P005,rate_check,Desktop,32,Email
EVT0002587,2025-02-16T12:25:00,CUST00454,P002,document_upload,Desktop,30,Email
EVT0002588,2025-01-22T18:25:00,CUST00107,P005,calculator_use,Tablet,17,Partner
EVT0002589,2026-09-21T10:02:00,CUST00254,P002,rate_check,Mobile,17,Email
EVT0002590,2025-08-30T18:06:00,CUST00007,P004,document_upload,Mobile,6,Social
EVT0002591,2025-01-01T09:04:00,CUST00335,P005,rate_check,Desktop,13,Partner
EVT0002592,2026-09-18T18:41:00,CUST00251,P002,page_view,Tablet,26,Social
EVT0002593,2025-05-09T22:27:00,CUST00413,P003,page_view,Tablet,26,Partner
EVT0002594,2025-10-09T15:04:00,CUST00340,P004,page_view,Mobile,15,Email
EVT0002595,2025-12-16T14:23:00,CUST00094,P004,rate_check,Tablet,2,Social
EVT0002596,2025-07-17T08:41:00,CUST00127,P001,page_view,Desktop,25,Direct
EVT0002597,2025-08-15T10:05:00,CUST00326,P005,calculator_use,Desktop,3,Direct
EVT0002598,2025-10-30T09:51:00,CUST00430,P004,application_start,Mobile,18,Search
EVT0002599,2026-07-18T14:01:00,CUST00487,P001,calculator_use,Desktop,36,Search
EVT0002600,2026-05-18T10:13:00,CUST00050,P004,rate_check,Mobile,25,Email
EVT0002601,2025-04-29T08:24:00,CUST00144,P004,page_view,Mobile,4,Partner
EVT0002602,2026-05-19T22:29:00,CUST00233,P002,document_upload,Tablet,11,Direct
EVT0002603,2026-07-11T09:02:00,CUST00131,P001,page_view,Mobile,11,Social
EVT0002604,2025-09-21T15:39:00,CUST00014,P005,document_upload,Tablet,3,Direct
EVT0002605,2026-04-13T08:47:00,CUST00336,P001,calculator_use,Mobile,18,Partner
EVT0002606,2025-12-05T16:40:00,CUST00327,P004,calculator_use,Mobile,24,Partner
EVT0002607,2025-08-19T20:46:00,CUST00304,P001,rate_check,Mobile,30,Email
EVT0002608,2025-10-14T20:31:00,CUST00325,P005,document_upload,Desktop,2,Social
EVT0002609,2026-09-26T17:53:00,CUST00390,P005,rate_check,Tablet,31,Social
EVT0002610,2026-02-16T13:10:00,CUST00145,P005,rate_check,Desktop,35,Direct
EVT0002611,2025-08-08T11:16:00,CUST00148,P003,rate_check,Desktop,17,Social
EVT0002612,2025-06-28T08:50:00,CUST00419,P005,application_start,Desktop,1,Direct
EVT0002613,2026-04-25T13:21:00,CUST00079,P004,calculator_use,Mobile,23,Search
EVT0002614,2026-03-21T20:18:00,CUST00416,P005,page_view,Mobile,14,Social
EVT0002615,2025-03-24T09:30:00,CUST00072,P003,rate_check,Tablet,13,Direct
EVT0002616,2026-06-04T10:05:00,CUST00099,P003,application_start,Desktop,25,Search
EVT0002617,2025-01-30T16:49:00,CUST00351,P002,page_view,Tablet,17,Social
EVT0002618,2026-07-03T22:44:00,CUST00478,P001,document_upload,Tablet,28,Direct
EVT0002619,2026-01-12T16:01:00,CUST00055,P002,calculator_use,Mobile,15,Direct
EVT0002620,2026-04-21T22:30:00,CUST00204,P003,rate_check,Desktop,7,Search
EVT0002621,2026-02-19T16:06:00,CUST00228,P001,page_view,Tablet,34,Direct
EVT0002622,2026-03-02T22:27:00,CUST00494,P004,rate_check,Mobile,9,Direct
EVT0002623,2026-03-05T15:12:00,CUST00171,P002,application_start,Desktop,5,Direct
EVT0002624,2026-02-09T16:26:00,CUST00232,P001,document_upload,Tablet,28,Email
EVT0002625,2025-04-14T12:30:00,CUST00215,P003,rate_check,Mobile,20,Partner
EVT0002626,2025-12-10T11:40:00,CUST00282,P005,application_start,Mobile,12,Email
EVT0002627,2026-04-16T15:59:00,CUST00089,P003,application_start,Tablet,32,Partner
EVT0002628,2026-08-10T13:05:00,CUST00416,P002,application_start,Tablet,25,Direct
EVT0002629,2025-09-13T18:30:00,CUST00115,P002,page_view,Desktop,17,Direct
EVT0002630,2025-12-28T19:41:00,CUST00452,P005,page_view,Tablet,29,Direct
EVT0002631,2026-09-28T17:24:00,CUST00180,P001,rate_check,Desktop,15,Direct
EVT0002632,2026-05-15T22:31:00,CUST00334,P003,rate_check,Mobile,27,Direct
EVT0002633,2026-01-06T18:41:00,CUST00360,P001,document_upload,Tablet,23,Search
EVT0002634,2025-10-26T09:25:00,CUST00118,P005,rate_check,Tablet,2,Partner
EVT0002635,2026-06-06T09:20:00,CUST00095,P005,application_start,Mobile,4,Search
EVT0002636,2026-07-02T08:22:00,CUST00014,P005,page_view,Tablet,34,Search
EVT0002637,2025-10-08T21:36:00,CUST00135,P002,rate_check,Mobile,16,Email
EVT0002638,2025-03-04T19:59:00,CUST00223,P005,document_upload,Mobile,29,Social
EVT0002639,2025-10-19T15:09:00,CUST00323,P002,calculator_use,Tablet,17,Direct
EVT0002640,2026-04-20T14:09:00,CUST00361,P004,page_view,Tablet,32,Email
EVT0002641,2026-09-25T14:18:00,CUST00124,P001,application_start,Mobile,9,Social
EVT0002642,2025-05-24T14:33:00,CUST00328,P002,rate_check,Tablet,20,Social
EVT0002643,2026-09-11T19:40:00,CUST00248,P001,rate_check,Tablet,22,Direct
EVT0002644,2026-07-28T19:37:00,CUST00216,P002,page_view,Tablet,20,Email
EVT0002645,2025-06-08T14:08:00,CUST00136,P005,application_start,Mobile,14,Search
EVT0002646,2025-12-12T16:06:00,CUST00053,P002,rate_check,Tablet,36,Partner
EVT0002647,2025-08-17T12:00:00,CUST00202,P004,calculator_use,Desktop,29,Email
EVT0002648,2026-03-12T13:45:00,CUST00134,P004,rate_check,Desktop,20,Partner
EVT0002649,2026-02-15T16:51:00,CUST00433,P005,calculator_use,Desktop,27,Social
EVT0002650,2026-05-04T13:04:00,CUST00092,P001,application_start,Desktop,16,Email
EVT0002651,2026-07-21T12:20:00,CUST00353,P002,calculator_use,Tablet,30,Direct
EVT0002652,2025-01-08T18:01:00,CUST00365,P003,calculator_use,Mobile,17,Email
EVT0002653,2025-02-14T15:26:00,CUST00364,P005,application_start,Mobile,35,Partner
EVT0002654,2025-04-28T11:34:00,CUST00266,P003,rate_check,Desktop,12,Partner
EVT0002655,2026-05-23T16:49:00,CUST00224,P001,rate_check,Desktop,23,Social
EVT0002656,2025-06-30T18:58:00,CUST00147,P005,rate_check,Mobile,24,Search
EVT0002657,2026-07-04T09:24:00,CUST00147,P005,page_view,Tablet,13,Email
EVT0002658,2025-11-13T09:31:00,CUST00414,P002,application_start,Tablet,23,Email
EVT0002659,2025-09-26T09:06:00,CUST00209,P001,document_upload,Tablet,7,Direct
EVT0002660,2025-10-27T18:49:00,CUST00335,P001,application_start,Desktop,6,Search
EVT0002661,2026-06-03T21:41:00,CUST00425,P005,rate_check,Mobile,34,Email
EVT0002662,2025-01-09T18:06:00,CUST00145,P005,rate_check,Mobile,31,Direct
EVT0002663,2026-05-17T19:06:00,CUST00070,P004,calculator_use,Mobile,33,Email
EVT0002664,2025-01-05T21:37:00,CUST00100,P005,page_view,Tablet,29,Email
EVT0002665,2026-08-07T22:16:00,CUST00139,P004,page_view,Tablet,1,Search
EVT0002666,2026-09-02T19:10:00,CUST00015,P005,rate_check,Tablet,3,Partner
EVT0002667,2026-09-12T17:48:00,CUST00134,P001,application_start,Mobile,36,Email
EVT0002668,2026-08-02T11:29:00,CUST00017,P002,application_start,Mobile,21,Search
EVT0002669,2025-11-23T16:28:00,CUST00421,P004,rate_check,Tablet,1,Search
EVT0002670,2026-01-30T13:26:00,CUST00122,P005,rate_check,Mobile,3,Direct
EVT0002671,2026-01-09T17:34:00,CUST00284,P001,page_view,Tablet,8,Social
EVT0002672,2026-06-08T08:00:00,CUST00394,P005,rate_check,Desktop,1,Email
EVT0002673,2026-04-13T16:09:00,CUST00476,P002,document_upload,Mobile,34,Partner
EVT0002674,2025-06-08T08:58:00,CUST00323,P002,rate_check,Desktop,30,Direct
EVT0002675,2025-03-06T22:48:00,CUST00032,P005,application_start,Tablet,11,Search
EVT0002676,2026-04-24T14:41:00,CUST00105,P005,application_start,Desktop,8,Email
EVT0002677,2025-12-23T21:44:00,CUST00138,P001,page_view,Tablet,36,Direct
EVT0002678,2025-05-10T15:46:00,CUST00229,P001,rate_check,Tablet,11,Social
EVT0002679,2026-07-27T14:13:00,CUST00158,P002,calculator_use,Tablet,16,Email
EVT0002680,2026-02-04T11:35:00,CUST00299,P002,document_upload,Tablet,35,Partner
EVT0002681,2026-09-23T13:22:00,CUST00331,P003,document_upload,Desktop,4,Social
EVT0002682,2025-09-03T13:23:00,CUST00073,P002,document_upload,Tablet,23,Partner
EVT0002683,2026-06-12T18:14:00,CUST00433,P002,calculator_use,Mobile,14,Social
EVT0002684,2025-04-10T22:27:00,CUST00418,P005,page_view,Tablet,2,Email
EVT0002685,2026-05-15T13:13:00,CUST00165,P005,page_view,Tablet,10,Social
EVT0002686,2025-10-06T19:37:00,CUST00210,P001,document_upload,Tablet,4,Social
EVT0002687,2026-03-15T15:36:00,CUST00153,P001,calculator_use,Tablet,11,Direct
EVT0002688,2026-09-03T20:58:00,CUST00096,P004,document_upload,Tablet,7,Email
EVT0002689,2026-07-09T09:51:00,CUST00169,P003,page_view,Tablet,8,Partner
EVT0002690,2026-06-10T12:21:00,CUST00321,P002,document_upload,Mobile,35,Partner
EVT0002691,2025-09-21T08:53:00,CUST00139,P005,page_view,Tablet,12,Partner
EVT0002692,2026-06-14T14:22:00,CUST00095,P005,document_upload,Desktop,32,Search
EVT0002693,2026-07-25T18:42:00,CUST00011,P001,page_view,Mobile,30,Direct
EVT0002694,2026-05-25T12:55:00,CUST00042,P005,rate_check,Tablet,21,Partner
EVT0002695,2026-09-24T10:21:00,CUST00165,P002,calculator_use,Tablet,24,Partner
EVT0002696,2026-07-15T12:27:00,CUST00257,P001,document_upload,Tablet,1,Direct
EVT0002697,2026-07-30T09:08:00,CUST00054,P003,rate_check,Mobile,10,Email
EVT0002698,2025-10-28T17:41:00,CUST00361,P002,calculator_use,Mobile,3,Direct
EVT0002699,2025-04-29T17:44:00,CUST00070,P003,page_view,Mobile,29,Search
EVT0002700,2026-03-12T08:39:00,CUST00158,P003,calculator_use,Mobile,32,Search
EVT0002701,2026-06-30T15:31:00,CUST00429,P003,calculator_use,Mobile,25,Search
EVT0002702,2026-06-29T11:21:00,CUST00488,P001,application_start,Desktop,35,Social
EVT0002703,2025-04-07T21:50:00,CUST00016,P005,page_view,Desktop,27,Search
EVT0002704,2025-11-11T18:49:00,CUST00137,P004,page_view,Tablet,1,Email
EVT0002705,2025-02-16T18:09:00,CUST00456,P002,rate_check,Desktop,1,Email
EVT0002706,2026-05-04T22:22:00,CUST00400,P005,application_start,Desktop,14,Partner
EVT0002707,2026-05-29T21:30:00,CUST00285,P002,application_start,Mobile,29,Email
EVT0002708,2025-12-22T10:21:00,CUST00373,P003,document_upload,Mobile,36,Email
EVT0002709,2026-07-08T13:01:00,CUST00482,P004,application_start,Mobile,18,Social
EVT0002710,2025-06-21T18:25:00,CUST00245,P005,calculator_use,Tablet,31,Direct
EVT0002711,2025-02-22T08:11:00,CUST00115,P001,calculator_use,Mobile,17,Partner
EVT0002712,2025-12-15T21:15:00,CUST00329,P003,rate_check,Mobile,29,Social
EVT0002713,2025-05-20T17:16:00,CUST00261,P003,document_upload,Mobile,19,Partner
EVT0002714,2025-05-02T19:44:00,CUST00004,P003,calculator_use,Mobile,3,Email
EVT0002715,2025-08-06T20:12:00,CUST00342,P004,application_start,Desktop,28,Social
EVT0002716,2025-04-19T21:04:00,CUST00466,P003,document_upload,Desktop,26,Direct
EVT0002717,2026-03-28T21:55:00,CUST00102,P005,calculator_use,Tablet,23,Email
EVT0002718,2025-06-17T10:36:00,CUST00289,P003,document_upload,Desktop,13,Search
EVT0002719,2025-10-23T09:39:00,CUST00453,P002,document_upload,Mobile,30,Direct
EVT0002720,2025-01-06T21:06:00,CUST00042,P005,application_start,Mobile,30,Email
EVT0002721,2026-01-24T08:53:00,CUST00482,P002,calculator_use,Tablet,1,Social
EVT0002722,2026-09-11T10:28:00,CUST00267,P003,page_view,Mobile,15,Partner
EVT0002723,2026-04-27T12:38:00,CUST00294,P003,rate_check,Tablet,20,Partner
EVT0002724,2026-07-01T17:13:00,CUST00200,P005,document_upload,Mobile,6,Partner
EVT0002725,2026-06-24T18:30:00,CUST00324,P001,application_start,Mobile,20,Email
EVT0002726,2026-07-07T12:12:00,CUST00269,P001,page_view,Tablet,27,Email
EVT0002727,2026-04-03T21:36:00,CUST00084,P001,page_view,Tablet,2,Email
EVT0002728,2025-05-18T14:01:00,CUST00100,P001,calculator_use,Mobile,32,Email
EVT0002729,2026-06-29T20:59:00,CUST00032,P002,calculator_use,Mobile,24,Social
EVT0002730,2026-03-10T17:20:00,CUST00391,P004,calculator_use,Tablet,7,Search
EVT0002731,2025-04-03T11:02:00,CUST00213,P005,application_start,Tablet,16,Partner
EVT0002732,2025-04-22T20:33:00,CUST00444,P002,rate_check,Mobile,20,Direct
EVT0002733,2025-09-25T13:37:00,CUST00088,P002,rate_check,Desktop,12,Email
EVT0002734,2025-02-27T19:11:00,CUST00355,P005,calculator_use,Mobile,21,Partner
EVT0002735,2026-01-28T10:51:00,CUST00040,P001,application_start,Mobile,14,Email
EVT0002736,2026-09-04T10:32:00,CUST00053,P003,application_start,Desktop,9,Partner
EVT0002737,2025-06-07T11:06:00,CUST00359,P001,application_start,Mobile,3,Search
EVT0002738,2025-02-15T14:00:00,CUST00269,P001,application_start,Mobile,15,Email
EVT0002739,2025-08-01T12:43:00,CUST00141,P002,application_start,Desktop,12,Partner
EVT0002740,2025-09-09T19:23:00,CUST00497,P002,application_start,Mobile,5,Partner
EVT0002741,2026-08-30T20:35:00,CUST00327,P002,application_start,Desktop,11,Email
EVT0002742,2026-01-04T19:46:00,CUST00078,P001,page_view,Mobile,15,Email
EVT0002743,2026-05-02T10:41:00,CUST00438,P001,rate_check,Tablet,25,Social
EVT0002744,2025-09-27T19:47:00,CUST00188,P001,calculator_use,Tablet,24,Search
EVT0002745,2025-05-26T21:46:00,CUST00199,P001,rate_check,Mobile,19,Partner
EVT0002746,2025-09-20T08:57:00,CUST00079,P002,calculator_use,Tablet,24,Search
EVT0002747,2025-03-20T09:14:00,CUST00024,P004,document_upload,Desktop,1,Email
EVT0002748,2026-09-11T10:30:00,CUST00188,P005,calculator_use,Tablet,11,Search
EVT0002749,2026-06-03T15:02:00,CUST00138,P001,calculator_use,Mobile,36,Search
EVT0002750,2026-01-10T13:25:00,CUST00113,P003,rate_check,Tablet,24,Social
EVT0002751,2026-06-23T20:09:00,CUST00285,P001,document_upload,Mobile,14,Social
EVT0002752,2025-11-01T16:50:00,CUST00289,P004,application_start,Tablet,36,Direct
EVT0002753,2026-01-04T15:45:00,CUST00023,P003,rate_check,Desktop,34,Direct
EVT0002754,2025-05-09T14:40:00,CUST00236,P005,application_start,Desktop,19,Direct
EVT0002755,2026-04-12T22:58:00,CUST00156,P003,calculator_use,Desktop,7,Partner
EVT0002756,2025-01-16T13:26:00,CUST00414,P003,application_start,Mobile,21,Social
EVT0002757,2025-02-09T18:25:00,CUST00305,P005,calculator_use,Tablet,26,Social
EVT0002758,2025-06-17T11:10:00,CUST00255,P002,calculator_use,Desktop,3,Email
EVT0002759,2025-03-04T14:15:00,CUST00123,P001,page_view,Tablet,7,Direct
EVT0002760,2026-08-01T15:53:00,CUST00424,P004,page_view,Tablet,16,Partner
EVT0002761,2025-12-15T17:05:00,CUST00389,P002,page_view,Mobile,10,Direct
EVT0002762,2026-07-15T14:06:00,CUST00500,P002,rate_check,Desktop,14,Search
EVT0002763,2025-05-04T12:00:00,CUST00284,P004,rate_check,Tablet,19,Email
EVT0002764,2025-05-30T12:47:00,CUST00153,P002,document_upload,Desktop,11,Email
EVT0002765,2025-06-02T11:44:00,CUST00123,P001,rate_check,Tablet,4,Direct
EVT0002766,2025-07-15T10:28:00,CUST00014,P001,document_upload,Tablet,11,Social
EVT0002767,2025-09-29T18:15:00,CUST00338,P002,calculator_use,Desktop,32,Social
EVT0002768,2025-12-10T11:48:00,CUST00050,P002,rate_check,Tablet,21,Partner
EVT0002769,2026-02-25T10:37:00,CUST00060,P004,calculator_use,Tablet,34,Email
EVT0002770,2026-01-20T12:03:00,CUST00209,P004,document_upload,Tablet,30,Partner
EVT0002771,2025-08-09T14:04:00,CUST00297,P003,calculator_use,Desktop,36,Search
EVT0002772,2025-02-10T17:03:00,CUST00001,P004,application_start,Desktop,16,Partner
EVT0002773,2026-05-12T11:58:00,CUST00029,P002,page_view,Tablet,22,Partner
EVT0002774,2026-03-08T09:31:00,CUST00241,P002,rate_check,Mobile,12,Social
EVT0002775,2025-11-25T20:38:00,CUST00075,P003,document_upload,Tablet,31,Partner
EVT0002776,2025-07-20T16:46:00,CUST00443,P004,rate_check,Tablet,20,Search
EVT0002777,2025-06-09T09:17:00,CUST00485,P005,application_start,Desktop,11,Search
EVT0002778,2026-06-27T21:14:00,CUST00096,P002,rate_check,Tablet,6,Search
EVT0002779,2025-06-30T19:10:00,CUST00257,P003,rate_check,Mobile,2,Partner
EVT0002780,2025-01-29T20:37:00,CUST00075,P004,calculator_use,Desktop,7,Email
EVT0002781,2025-06-25T12:21:00,CUST00154,P001,rate_check,Desktop,10,Email
EVT0002782,2026-02-02T15:43:00,CUST00416,P003,page_view,Tablet,15,Social
EVT0002783,2025-12-23T08:17:00,CUST00362,P002,application_start,Desktop,13,Search
EVT0002784,2025-10-13T09:22:00,CUST00330,P004,rate_check,Mobile,36,Search
EVT0002785,2026-04-03T16:41:00,CUST00107,P005,document_upload,Mobile,6,Social
EVT0002786,2025-09-06T20:02:00,CUST00012,P003,document_upload,Tablet,18,Email
EVT0002787,2026-01-06T17:22:00,CUST00288,P004,page_view,Tablet,12,Email
EVT0002788,2025-05-13T11:11:00,CUST00415,P004,rate_check,Desktop,1,Partner
EVT0002789,2026-03-08T21:56:00,CUST00003,P005,page_view,Tablet,28,Social
EVT0002790,2026-05-31T21:19:00,CUST00417,P003,application_start,Tablet,30,Email
EVT0002791,2025-06-22T19:39:00,CUST00239,P003,page_view,Mobile,36,Search
EVT0002792,2026-01-25T21:23:00,CUST00379,P003,page_view,Tablet,25,Social
EVT0002793,2026-04-15T21:55:00,CUST00070,P002,page_view,Tablet,12,Email
EVT0002794,2026-01-13T20:51:00,CUST00420,P002,calculator_use,Tablet,7,Direct
EVT0002795,2026-01-12T13:47:00,CUST00382,P001,application_start,Desktop,20,Direct
EVT0002796,2026-02-22T15:26:00,CUST00074,P004,document_upload,Desktop,17,Direct
EVT0002797,2026-08-06T14:19:00,CUST00379,P003,application_start,Desktop,16,Search
EVT0002798,2025-06-24T21:18:00,CUST00218,P003,calculator_use,Desktop,10,Direct
EVT0002799,2025-10-05T21:46:00,CUST00221,P003,rate_check,Desktop,27,Direct
EVT0002800,2025-11-02T21:03:00,CUST00152,P002,rate_check,Mobile,5,Email
EVT0002801,2025-07-14T20:07:00,CUST00077,P003,page_view,Tablet,5,Email
EVT0002802,2026-07-01T11:41:00,CUST00347,P004,page_view,Tablet,24,Search
EVT0002803,2025-07-10T10:23:00,CUST00373,P001,rate_check,Tablet,26,Email
EVT0002804,2025-10-16T15:35:00,CUST00301,P004,application_start,Desktop,28,Partner
EVT0002805,2025-10-25T12:10:00,CUST00334,P004,document_upload,Mobile,15,Direct
EVT0002806,2026-04-17T16:05:00,CUST00239,P001,page_view,Tablet,5,Direct
EVT0002807,2025-10-29T21:18:00,CUST00056,P002,document_upload,Desktop,24,Partner
EVT0002808,2025-05-12T09:07:00,CUST00311,P003,document_upload,Mobile,20,Social
EVT0002809,2025-01-27T12:16:00,CUST00335,P001,document_upload,Desktop,4,Direct
EVT0002810,2025-07-16T19:04:00,CUST00225,P002,calculator_use,Tablet,12,Direct
EVT0002811,2026-09-08T11:01:00,CUST00146,P005,application_start,Mobile,4,Email
EVT0002812,2025-03-17T08:29:00,CUST00044,P002,page_view,Tablet,18,Search
EVT0002813,2025-12-23T13:50:00,CUST00039,P001,page_view,Desktop,6,Email
EVT0002814,2026-06-10T15:35:00,CUST00373,P005,calculator_use,Desktop,25,Partner
EVT0002815,2026-04-01T20:22:00,CUST00008,P004,page_view,Mobile,8,Email
EVT0002816,2025-12-20T22:04:00,CUST00268,P002,calculator_use,Mobile,2,Social
EVT0002817,2025-09-30T19:08:00,CUST00180,P001,application_start,Mobile,4,Search
EVT0002818,2025-08-24T16:24:00,CUST00034,P003,page_view,Desktop,22,Direct
EVT0002819,2026-03-21T10:55:00,CUST00061,P001,application_start,Desktop,17,Search
EVT0002820,2026-09-24T11:16:00,CUST00385,P003,page_view,Desktop,26,Direct
EVT0002821,2025-11-30T08:40:00,CUST00332,P004,calculator_use,Tablet,32,Search
EVT0002822,2025-12-23T11:07:00,CUST00485,P003,page_view,Mobile,13,Partner
EVT0002823,2025-07-11T10:00:00,CUST00460,P001,application_start,Desktop,21,Direct
EVT0002824,2025-11-25T21:46:00,CUST00280,P003,rate_check,Mobile,2,Social
EVT0002825,2025-02-05T19:39:00,CUST00265,P004,application_start,Tablet,9,Email
EVT0002826,2025-08-29T14:02:00,CUST00393,P002,page_view,Tablet,1,Social
EVT0002827,2026-08-12T11:50:00,CUST00377,P005,page_view,Tablet,7,Email
EVT0002828,2025-01-27T20:38:00,CUST00396,P001,document_upload,Tablet,33,Direct
EVT0002829,2026-04-08T19:07:00,CUST00085,P005,document_upload,Desktop,12,Social
EVT0002830,2025-11-10T19:04:00,CUST00267,P004,calculator_use,Tablet,17,Social
EVT0002831,2025-09-29T18:12:00,CUST00077,P003,calculator_use,Tablet,22,Direct
EVT0002832,2026-03-13T12:41:00,CUST00077,P004,rate_check,Mobile,16,Social
EVT0002833,2026-09-02T21:25:00,CUST00480,P004,application_start,Mobile,36,Direct
EVT0002834,2025-02-08T13:04:00,CUST00450,P001,rate_check,Tablet,9,Partner
EVT0002835,2025-07-13T08:47:00,CUST00076,P003,application_start,Mobile,31,Partner
EVT0002836,2025-08-28T18:24:00,CUST00317,P005,application_start,Mobile,33,Direct
EVT0002837,2025-01-04T16:44:00,CUST00006,P004,rate_check,Mobile,4,Social
EVT0002838,2026-01-03T09:45:00,CUST00313,P002,rate_check,Desktop,7,Email
EVT0002839,2025-07-02T08:35:00,CUST00233,P005,rate_check,Tablet,16,Partner
EVT0002840,2026-02-01T18:10:00,CUST00198,P001,page_view,Desktop,29,Search
EVT0002841,2025-04-30T18:08:00,CUST00302,P003,application_start,Tablet,26,Direct
EVT0002842,2026-03-05T17:27:00,CUST00452,P005,page_view,Desktop,2,Social
EVT0002843,2025-09-03T17:01:00,CUST00139,P001,document_upload,Desktop,31,Partner
EVT0002844,2025-08-10T20:26:00,CUST00460,P004,page_view,Tablet,27,Search
EVT0002845,2025-08-12T21:37:00,CUST00455,P002,document_upload,Tablet,23,Direct
EVT0002846,2026-02-19T18:31:00,CUST00201,P004,application_start,Desktop,22,Email
EVT0002847,2025-01-28T18:02:00,CUST00011,P005,calculator_use,Desktop,4,Social
EVT0002848,2026-03-03T18:39:00,CUST00112,P001,rate_check,Mobile,4,Social
EVT0002849,2025-02-06T13:23:00,CUST00390,P005,application_start,Mobile,20,Direct
EVT0002850,2025-10-22T20:04:00,CUST00300,P005,rate_check,Mobile,14,Partner
EVT0002851,2025-02-19T13:00:00,CUST00034,P004,rate_check,Tablet,3,Partner
EVT0002852,2026-08-19T09:48:00,CUST00205,P001,document_upload,Desktop,20,Social
EVT0002853,2025-08-04T14:31:00,CUST00450,P005,document_upload,Mobile,1,Search
EVT0002854,2026-04-06T15:17:00,CUST00069,P001,document_upload,Tablet,6,Direct
EVT0002855,2026-03-22T15:21:00,CUST00393,P004,calculator_use,Desktop,3,Email
EVT0002856,2025-12-14T18:55:00,CUST00097,P004,rate_check,Tablet,7,Email
EVT0002857,2025-12-29T18:42:00,CUST00420,P004,rate_check,Desktop,21,Direct
EVT0002858,2025-09-11T21:35:00,CUST00367,P005,application_start,Desktop,13,Social
EVT0002859,2026-03-11T15:18:00,CUST00031,P002,document_upload,Mobile,29,Email
EVT0002860,2026-04-29T13:54:00,CUST00452,P004,rate_check,Mobile,5,Email
EVT0002861,2026-05-21T12:12:00,CUST00128,P003,document_upload,Desktop,32,Direct
EVT0002862,2025-06-24T08:29:00,CUST00266,P001,document_upload,Desktop,2,Search
EVT0002863,2025-04-02T21:00:00,CUST00253,P005,page_view,Desktop,16,Search
EVT0002864,2026-05-30T10:54:00,CUST00411,P001,rate_check,Mobile,7,Partner
EVT0002865,2026-09-22T08:36:00,CUST00005,P005,application_start,Mobile,32,Social
EVT0002866,2025-04-27T22:25:00,CUST00274,P003,application_start,Desktop,2,Partner
EVT0002867,2025-09-24T12:17:00,CUST00451,P004,document_upload,Desktop,18,Search
EVT0002868,2025-10-23T19:42:00,CUST00402,P005,application_start,Tablet,5,Partner
EVT0002869,2025-05-09T19:10:00,CUST00491,P002,application_start,Tablet,29,Search
EVT0002870,2025-01-20T13:17:00,CUST00221,P001,page_view,Desktop,25,Direct
EVT0002871,2026-06-20T18:19:00,CUST00382,P002,application_start,Mobile,22,Social
EVT0002872,2026-06-28T17:20:00,CUST00073,P001,application_start,Tablet,33,Partner
EVT0002873,2026-08-13T22:13:00,CUST00463,P003,rate_check,Tablet,29,Email
EVT0002874,2026-09-14T09:34:00,CUST00181,P002,page_view,Desktop,15,Social
EVT0002875,2026-03-28T14:05:00,CUST00151,P005,calculator_use,Mobile,17,Search
EVT0002876,2026-03-28T22:14:00,CUST00375,P002,application_start,Tablet,3,Social
EVT0002877,2026-06-09T13:28:00,CUST00497,P001,calculator_use,Desktop,30,Social
EVT0002878,2026-02-06T20:13:00,CUST00157,P004,page_view,Tablet,14,Email
EVT0002879,2025-01-17T08:10:00,CUST00093,P005,calculator_use,Tablet,11,Partner
EVT0002880,2025-06-10T21:12:00,CUST00276,P003,calculator_use,Mobile,6,Email
EVT0002881,2025-04-25T20:52:00,CUST00036,P002,application_start,Mobile,26,Direct
EVT0002882,2026-09-16T14:02:00,CUST00421,P005,page_view,Desktop,25,Partner
EVT0002883,2026-06-02T22:39:00,CUST00448,P003,application_start,Tablet,11,Email
EVT0002884,2026-03-08T13:35:00,CUST00067,P003,rate_check,Tablet,14,Social
EVT0002885,2025-09-14T19:40:00,CUST00419,P003,page_view,Tablet,20,Email
EVT0002886,2025-01-19T19:14:00,CUST00321,P003,document_upload,Tablet,26,Search
EVT0002887,2025-09-17T14:24:00,CUST00270,P002,document_upload,Desktop,34,Direct
EVT0002888,2026-09-14T16:25:00,CUST00132,P003,page_view,Desktop,26,Email
EVT0002889,2026-07-24T19:57:00,CUST00116,P002,rate_check,Desktop,23,Search
EVT0002890,2025-01-18T15:57:00,CUST00012,P004,document_upload,Desktop,3,Email
EVT0002891,2026-05-24T16:27:00,CUST00362,P005,page_view,Desktop,23,Direct
EVT0002892,2025-09-02T22:17:00,CUST00264,P002,calculator_use,Desktop,12,Social
EVT0002893,2026-09-10T18:47:00,CUST00271,P002,calculator_use,Mobile,18,Direct
EVT0002894,2025-07-24T20:31:00,CUST00261,P002,document_upload,Tablet,7,Email
EVT0002895,2025-11-11T10:56:00,CUST00334,P004,calculator_use,Desktop,30,Email
EVT0002896,2025-05-17T08:52:00,CUST00114,P005,rate_check,Tablet,23,Direct
EVT0002897,2026-03-30T16:27:00,CUST00333,P001,application_start,Mobile,22,Email
EVT0002898,2025-11-25T11:47:00,CUST00001,P001,calculator_use,Mobile,25,Direct
EVT0002899,2026-02-06T21:28:00,CUST00334,P002,rate_check,Desktop,25,Direct
EVT0002900,2025-09-17T15:17:00,CUST00138,P002,page_view,Mobile,6,Partner
EVT0002901,2025-06-03T17:20:00,CUST00377,P002,application_start,Mobile,5,Email
EVT0002902,2025-09-28T18:15:00,CUST00261,P002,application_start,Mobile,35,Email
EVT0002903,2026-06-25T10:44:00,CUST00039,P004,application_start,Tablet,24,Partner
EVT0002904,2025-03-03T20:24:00,CUST00243,P002,page_view,Mobile,26,Direct
EVT0002905,2025-09-19T20:05:00,CUST00041,P004,document_upload,Mobile,20,Direct
EVT0002906,2025-03-04T21:46:00,CUST00460,P001,document_upload,Desktop,21,Partner
EVT0002907,2025-07-27T22:54:00,CUST00347,P005,calculator_use,Tablet,28,Search
EVT0002908,2025-09-13T18:51:00,CUST00229,P005,document_upload,Mobile,31,Partner
EVT0002909,2025-09-24T08:08:00,CUST00196,P003,rate_check,Mobile,31,Direct
EVT0002910,2025-04-28T22:12:00,CUST00145,P003,application_start,Mobile,1,Search
EVT0002911,2026-03-05T21:22:00,CUST00273,P002,application_start,Mobile,12,Social
EVT0002912,2026-05-06T13:24:00,CUST00115,P004,rate_check,Mobile,24,Email
EVT0002913,2025-01-15T11:49:00,CUST00175,P003,calculator_use,Tablet,33,Social
EVT0002914,2026-04-05T13:39:00,CUST00127,P005,calculator_use,Mobile,16,Partner
EVT0002915,2025-06-23T10:43:00,CUST00337,P003,page_view,Tablet,17,Partner
EVT0002916,2025-09-21T22:16:00,CUST00018,P003,application_start,Mobile,23,Social
EVT0002917,2026-09-17T18:49:00,CUST00449,P002,page_view,Desktop,36,Partner
EVT0002918,2025-06-18T21:28:00,CUST00198,P005,page_view,Mobile,16,Social
EVT0002919,2025-05-31T21:55:00,CUST00277,P003,document_upload,Mobile,5,Email
EVT0002920,2025-08-27T12:41:00,CUST00394,P005,calculator_use,Desktop,2,Search
EVT0002921,2026-09-27T19:42:00,CUST00422,P005,application_start,Tablet,16,Social
EVT0002922,2025-10-04T21:54:00,CUST00163,P003,rate_check,Mobile,4,Search
EVT0002923,2026-07-03T20:00:00,CUST00316,P003,calculator_use,Tablet,28,Social
EVT0002924,2026-09-27T19:35:00,CUST00269,P004,document_upload,Desktop,35,Partner
EVT0002925,2025-09-19T18:11:00,CUST00206,P002,application_start,Desktop,20,Partner
EVT0002926,2025-04-17T09:22:00,CUST00413,P004,application_start,Tablet,30,Search
EVT0002927,2025-03-29T13:56:00,CUST00246,P005,application_start,Desktop,26,Search
EVT0002928,2025-08-05T14:59:00,CUST00034,P004,application_start,Desktop,16,Social
EVT0002929,2025-07-22T09:18:00,CUST00370,P004,page_view,Tablet,14,Direct
EVT0002930,2026-02-12T14:26:00,CUST00292,P001,page_view,Mobile,11,Email
EVT0002931,2026-09-25T19:34:00,CUST00383,P004,document_upload,Tablet,28,Partner
EVT0002932,2025-06-26T22:47:00,CUST00451,P004,page_view,Tablet,9,Search
EVT0002933,2026-08-07T18:40:00,CUST00160,P004,rate_check,Desktop,17,Partner
EVT0002934,2026-03-10T15:02:00,CUST00208,P005,application_start,Desktop,26,Partner
EVT0002935,2026-06-16T18:36:00,CUST00048,P003,calculator_use,Mobile,10,Email
EVT0002936,2026-01-15T19:11:00,CUST00234,P005,rate_check,Mobile,10,Social
EVT0002937,2025-01-27T20:39:00,CUST00258,P001,rate_check,Mobile,5,Search
EVT0002938,2025-09-02T12:21:00,CUST00398,P004,calculator_use,Desktop,19,Partner
EVT0002939,2025-03-09T13:56:00,CUST00427,P001,calculator_use,Tablet,12,Search
EVT0002940,2026-07-25T09:52:00,CUST00486,P001,document_upload,Mobile,6,Partner
EVT0002941,2025-01-02T15:52:00,CUST00048,P005,page_view,Mobile,30,Partner
EVT0002942,2026-09-13T11:52:00,CUST00335,P004,page_view,Desktop,7,Partner
EVT0002943,2025-11-17T11:35:00,CUST00462,P003,rate_check,Desktop,26,Email
EVT0002944,2025-11-27T08:54:00,CUST00083,P003,rate_check,Mobile,16,Search
EVT0002945,2025-04-01T08:06:00,CUST00356,P002,rate_check,Mobile,20,Partner
EVT0002946,2026-09-03T09:18:00,CUST00231,P003,document_upload,Tablet,23,Social
EVT0002947,2026-04-28T08:14:00,CUST00391,P004,page_view,Tablet,31,Direct
EVT0002948,2026-06-30T18:46:00,CUST00185,P004,rate_check,Mobile,36,Search
EVT0002949,2025-03-10T22:17:00,CUST00096,P001,rate_check,Mobile,20,Email
EVT0002950,2026-02-10T21:30:00,CUST00199,P002,document_upload,Tablet,33,Search
EVT0002951,2026-03-20T11:26:00,CUST00224,P005,calculator_use,Tablet,20,Email
EVT0002952,2026-06-04T22:07:00,CUST00460,P005,page_view,Tablet,26,Search
EVT0002953,2026-02-27T21:28:00,CUST00385,P002,rate_check,Tablet,9,Direct
EVT0002954,2025-10-09T10:55:00,CUST00194,P001,document_upload,Mobile,10,Social
EVT0002955,2025-03-20T09:39:00,CUST00313,P002,rate_check,Mobile,29,Email
EVT0002956,2025-12-16T08:27:00,CUST00490,P002,document_upload,Tablet,31,Social
EVT0002957,2025-03-03T17:37:00,CUST00461,P002,rate_check,Tablet,31,Search
EVT0002958,2025-04-07T10:59:00,CUST00448,P001,page_view,Desktop,33,Search
EVT0002959,2026-09-22T16:12:00,CUST00371,P005,document_upload,Tablet,3,Direct
EVT0002960,2026-01-12T17:22:00,CUST00189,P001,calculator_use,Mobile,28,Direct
EVT0002961,2025-03-04T19:40:00,CUST00223,P005,application_start,Tablet,3,Search
EVT0002962,2025-02-01T08:55:00,CUST00020,P003,calculator_use,Tablet,18,Partner
EVT0002963,2025-03-23T20:44:00,CUST00267,P001,rate_check,Desktop,18,Search
EVT0002964,2026-03-03T08:58:00,CUST00470,P002,calculator_use,Mobile,17,Search
EVT0002965,2025-04-21T09:58:00,CUST00096,P001,calculator_use,Mobile,22,Social
EVT0002966,2025-05-14T17:05:00,CUST00324,P005,application_start,Tablet,7,Social
EVT0002967,2025-02-18T17:55:00,CUST00195,P005,page_view,Desktop,25,Email
EVT0002968,2026-03-03T13:44:00,CUST00034,P004,document_upload,Desktop,2,Email
EVT0002969,2026-07-10T18:13:00,CUST00294,P003,application_start,Desktop,2,Direct
EVT0002970,2025-01-14T09:48:00,CUST00216,P005,page_view,Mobile,14,Partner
EVT0002971,2026-01-30T12:13:00,CUST00010,P005,document_upload,Mobile,24,Search
EVT0002972,2026-09-15T15:13:00,CUST00336,P003,rate_check,Desktop,1,Social
EVT0002973,2025-04-30T13:12:00,CUST00212,P001,calculator_use,Desktop,2,Email
EVT0002974,2025-12-19T14:47:00,CUST00113,P002,rate_check,Mobile,36,Social
EVT0002975,2026-07-07T08:55:00,CUST00380,P005,calculator_use,Tablet,32,Direct
EVT0002976,2025-10-10T16:56:00,CUST00136,P004,calculator_use,Mobile,23,Direct
EVT0002977,2026-08-07T19:13:00,CUST00350,P004,rate_check,Tablet,19,Direct
EVT0002978,2026-04-07T20:50:00,CUST00432,P003,calculator_use,Desktop,6,Social
EVT0002979,2025-07-23T17:06:00,CUST00105,P003,page_view,Desktop,33,Social
EVT0002980,2026-02-14T15:28:00,CUST00038,P004,page_view,Tablet,24,Search
EVT0002981,2025-12-07T18:32:00,CUST00038,P005,application_start,Tablet,3,Email
EVT0002982,2026-09-13T12:09:00,CUST00356,P002,document_upload,Desktop,3,Social
EVT0002983,2026-08-25T10:20:00,CUST00347,P005,document_upload,Tablet,21,Partner
EVT0002984,2026-09-16T19:52:00,CUST00264,P002,document_upload,Desktop,13,Partner
EVT0002985,2026-04-09T15:13:00,CUST00013,P002,page_view,Desktop,4,Email
EVT0002986,2026-07-23T14:36:00,CUST00496,P005,calculator_use,Tablet,23,Search
EVT0002987,2026-04-13T12:33:00,CUST00355,P001,application_start,Tablet,5,Search
EVT0002988,2026-08-30T13:44:00,CUST00132,P001,page_view,Mobile,1,Email
EVT0002989,2026-07-21T09:15:00,CUST00030,P001,application_start,Desktop,32,Direct
EVT0002990,2025-10-10T16:52:00,CUST00002,P001,calculator_use,Mobile,7,Search
EVT0002991,2025-09-14T16:59:00,CUST00350,P002,page_view,Desktop,19,Email
EVT0002992,2025-12-01T22:15:00,CUST00085,P003,document_upload,Mobile,10,Email
EVT0002993,2026-03-18T09:17:00,CUST00432,P003,calculator_use,Desktop,10,Social
EVT0002994,2025-03-04T09:58:00,CUST00278,P004,page_view,Tablet,13,Search
EVT0002995,2025-05-30T17:16:00,CUST00063,P003,page_view,Mobile,28,Direct
EVT0002996,2025-11-12T16:14:00,CUST00057,P001,rate_check,Mobile,3,Social
EVT0002997,2025-05-19T22:43:00,CUST00208,P003,application_start,Desktop,9,Direct
EVT0002998,2026-08-01T12:33:00,CUST00199,P004,page_view,Tablet,4,Direct
EVT0002999,2025-06-18T19:13:00,CUST00040,P001,rate_check,Tablet,2,Direct
EVT0003000,2026-08-17T21:24:00,CUST00215,P004,calculator_use,Mobile,25,Partner
