transaction_id,transaction_date,customer_id,product_id,channel_id,region,segment,sales_amount,estimated_revenue,sales_stage,is_new_customer_sale,source_system
TXN0000001,2025-02-13,CUST00136,P003,C002,Northeast,Rate Shopper,11499.06,367.97,Approved,False,campaign_platform
TXN0000002,2025-11-28,CUST00452,P001,C001,West,Emerging Affluent,11364.07,68.18,Funded,False,loan_origination
TXN0000003,2026-07-12,CUST00428,P003,C005,Midwest,Mass Affluent,10037.42,321.2,Funded,False,marcus_web
TXN0000004,2025-08-17,CUST00265,P003,C004,Midwest,Digital Native,12394.58,396.63,Funded,False,loan_origination
TXN0000005,2025-01-07,CUST00250,P004,C005,Midwest,Rate Shopper,17788.11,142.3,Funded,True,loan_origination
TXN0000006,2025-06-11,CUST00109,P002,C002,Northeast,Borrower,26940.33,107.76,Funded,False,marcus_web
TXN0000007,2025-12-05,CUST00339,P002,C004,Southwest,Digital Native,24987.52,99.95,Funded,True,crm
TXN0000008,2025-09-07,CUST00332,P004,C001,Southwest,Mass Affluent,13328.21,106.63,Funded,False,crm
TXN0000009,2026-08-10,CUST00069,P005,C001,Southwest,Mass Affluent,3607.79,147.92,Abandoned,False,campaign_platform
TXN0000010,2025-10-18,CUST00307,P005,C001,Southeast,Digital Native,3738.64,153.28,Abandoned,True,campaign_platform
TXN0000011,2025-08-13,CUST00445,P004,C002,Northeast,Digital Native,27048.29,216.39,Approved,False,crm
TXN0000012,2025-06-21,CUST00320,P005,C003,Northeast,Borrower,1871.52,76.73,Approved,False,campaign_platform
TXN0000013,2025-08-24,CUST00306,P005,C001,Southwest,Mass Affluent,2769.81,113.56,Funded,False,campaign_platform
TXN0000014,2025-04-09,CUST00424,P002,C005,Southwest,Digital Native,30486.12,121.94,Funded,False,marcus_web
TXN0000015,2025-05-01,CUST00450,P005,C005,Southwest,Digital Native,4569.97,187.37,Application Started,False,marcus_web
TXN0000016,2026-03-07,CUST00460,P004,C005,West,Borrower,28245.42,225.96,Funded,True,campaign_platform
TXN0000017,2025-12-25,CUST00118,P004,C004,Northeast,Rate Shopper,11267.15,90.14,Approved,False,marcus_web
TXN0000018,2026-05-04,CUST00218,P002,C003,West,Borrower,18750.81,75.0,Approved,False,marcus_web
TXN0000019,2026-02-23,CUST00146,P005,C005,West,Rate Shopper,3194.25,130.96,Approved,True,marcus_web
TXN0000020,2025-07-30,CUST00267,P001,C004,West,Borrower,18659.02,111.95,Funded,False,loan_origination
TXN0000021,2026-08-23,CUST00055,P002,C004,Southwest,Rate Shopper,26576.16,106.3,Funded,False,loan_origination
TXN0000022,2026-02-28,CUST00349,P004,C002,Midwest,Rate Shopper,37127.54,297.02,Funded,False,crm
TXN0000023,2026-05-11,CUST00190,P005,C005,Midwest,Borrower,3177.25,130.27,Funded,False,crm
TXN0000024,2026-04-03,CUST00438,P001,C002,Midwest,Rate Shopper,23390.23,140.34,Approved,False,marcus_web
TXN0000025,2025-12-13,CUST00110,P005,C004,Midwest,Digital Native,3685.44,151.1,Funded,True,campaign_platform
TXN0000026,2025-05-29,CUST00494,P001,C001,Southeast,Emerging Affluent,9746.98,58.48,Funded,False,marcus_web
TXN0000027,2026-01-15,CUST00033,P003,C002,West,Borrower,15733.68,503.48,Funded,False,loan_origination
TXN0000028,2025-06-29,CUST00365,P005,C001,Northeast,Mass Affluent,3349.76,137.34,Funded,False,crm
TXN0000029,2025-07-19,CUST00436,P005,C003,West,Borrower,4681.51,191.94,Funded,True,crm
TXN0000030,2025-09-02,CUST00346,P001,C003,Northeast,Digital Native,19786.46,118.72,Funded,False,marcus_web
TXN0000031,2026-02-09,CUST00142,P004,C003,Southwest,Digital Native,17733.65,141.87,Funded,False,marcus_web
TXN0000032,2026-08-20,CUST00282,P003,C005,Midwest,Rate Shopper,16399.35,524.78,Funded,False,loan_origination
TXN0000033,2026-04-11,CUST00116,P005,C002,Midwest,Borrower,4524.42,185.5,Funded,False,marcus_web
TXN0000034,2025-10-29,CUST00287,P001,C005,Northeast,Borrower,14477.98,86.87,Funded,True,loan_origination
TXN0000035,2025-09-14,CUST00449,P005,C005,Midwest,Mass Affluent,2199.25,90.17,Funded,False,loan_origination
TXN0000036,2026-08-24,CUST00493,P004,C004,Southeast,Borrower,3189.83,25.52,Application Started,False,loan_origination
TXN0000037,2025-08-24,CUST00035,P004,C002,Northeast,Mass Affluent,24461.48,195.69,Funded,False,loan_origination
TXN0000038,2026-02-13,CUST00128,P003,C001,Midwest,Mass Affluent,9524.13,304.77,Funded,False,marcus_web
TXN0000039,2025-11-18,CUST00284,P002,C004,Southwest,Emerging Affluent,14866.68,59.47,Funded,False,crm
TXN0000040,2025-09-05,CUST00256,P002,C002,Midwest,Borrower,42942.47,171.77,Application Started,True,crm
TXN0000041,2025-12-31,CUST00428,P002,C005,Midwest,Mass Affluent,29499.87,118.0,Abandoned,False,campaign_platform
TXN0000042,2025-02-13,CUST00315,P001,C005,West,Mass Affluent,20485.6,122.91,Application Started,False,loan_origination
TXN0000043,2026-05-18,CUST00253,P005,C003,Midwest,Emerging Affluent,3979.48,163.16,Funded,False,crm
TXN0000044,2026-05-05,CUST00028,P005,C004,Southwest,Emerging Affluent,4937.16,202.42,Abandoned,True,loan_origination
TXN0000045,2025-05-04,CUST00202,P002,C004,Northeast,Digital Native,23648.01,94.59,Funded,True,crm
TXN0000046,2025-11-30,CUST00195,P005,C001,Midwest,Rate Shopper,2021.7,82.89,Funded,False,crm
TXN0000047,2025-10-03,CUST00281,P003,C002,Northeast,Mass Affluent,7619.31,243.82,Funded,False,crm
TXN0000048,2026-02-15,CUST00215,P003,C003,Northeast,Mass Affluent,15752.38,504.08,Funded,True,crm
TXN0000049,2025-10-04,CUST00295,P002,C001,Northeast,Rate Shopper,31010.46,124.04,Application Started,True,crm
TXN0000050,2026-03-08,CUST00243,P001,C002,Southwest,Borrower,10437.94,62.63,Funded,False,loan_origination
TXN0000051,2025-09-14,CUST00403,P004,C003,West,Borrower,12776.5,102.21,Funded,False,marcus_web
TXN0000052,2025-04-09,CUST00111,P003,C004,West,Mass Affluent,11998.11,383.94,Funded,False,loan_origination
TXN0000053,2025-09-21,CUST00185,P005,C005,Northeast,Borrower,2556.64,104.82,Funded,False,crm
TXN0000054,2025-06-28,CUST00296,P005,C005,Southeast,Digital Native,4157.76,170.47,Abandoned,False,loan_origination
TXN0000055,2026-04-03,CUST00345,P005,C004,West,Borrower,4043.71,165.79,Funded,False,crm
TXN0000056,2026-03-08,CUST00445,P002,C003,Northeast,Digital Native,21083.04,84.33,Funded,False,marcus_web
TXN0000057,2025-08-22,CUST00041,P002,C003,West,Mass Affluent,21660.03,86.64,Approved,False,campaign_platform
TXN0000058,2026-08-25,CUST00139,P004,C003,Southeast,Rate Shopper,32323.82,258.59,Funded,False,crm
TXN0000059,2025-08-29,CUST00095,P001,C002,West,Mass Affluent,10143.3,60.86,Approved,True,crm
TXN0000060,2025-03-07,CUST00204,P001,C001,West,Mass Affluent,5264.95,31.59,Abandoned,False,marcus_web
TXN0000061,2025-03-27,CUST00014,P004,C005,Southwest,Borrower,30485.82,243.89,Funded,False,campaign_platform
TXN0000062,2025-10-18,CUST00159,P002,C002,West,Rate Shopper,34966.52,139.87,Funded,True,crm
TXN0000063,2025-11-30,CUST00015,P001,C003,West,Mass Affluent,22649.79,135.9,Application Started,False,campaign_platform
TXN0000064,2026-08-29,CUST00070,P005,C002,Southeast,Digital Native,2253.31,92.39,Funded,False,campaign_platform
TXN0000065,2025-12-22,CUST00269,P005,C003,Midwest,Emerging Affluent,2401.36,98.46,Funded,False,campaign_platform
TXN0000066,2025-01-11,CUST00134,P002,C003,Southwest,Borrower,27780.31,111.12,Funded,False,crm
TXN0000067,2026-07-02,CUST00177,P003,C004,Southwest,Borrower,25950.21,830.41,Abandoned,False,marcus_web
TXN0000068,2026-09-04,CUST00393,P004,C003,West,Rate Shopper,22908.69,183.27,Funded,True,loan_origination
TXN0000069,2026-03-24,CUST00097,P004,C005,Northeast,Emerging Affluent,18371.63,146.97,Approved,False,campaign_platform
TXN0000070,2026-03-09,CUST00113,P003,C001,Midwest,Digital Native,16360.95,523.55,Funded,False,loan_origination
TXN0000071,2026-02-27,CUST00146,P005,C003,West,Rate Shopper,3360.19,137.77,Funded,True,campaign_platform
TXN0000072,2026-09-30,CUST00317,P004,C003,Midwest,Borrower,24682.69,197.46,Funded,False,crm
TXN0000073,2025-07-10,CUST00026,P005,C001,Southeast,Rate Shopper,4098.14,168.02,Funded,False,marcus_web
TXN0000074,2025-01-16,CUST00120,P001,C002,Midwest,Rate Shopper,17112.8,102.68,Funded,False,loan_origination
TXN0000075,2026-04-20,CUST00403,P004,C003,West,Borrower,21359.98,170.88,Funded,False,crm
TXN0000076,2025-03-15,CUST00029,P003,C004,Southwest,Digital Native,13282.06,425.03,Funded,True,loan_origination
TXN0000077,2025-05-05,CUST00419,P004,C001,Midwest,Emerging Affluent,34039.98,272.32,Funded,False,crm
TXN0000078,2026-04-17,CUST00378,P001,C002,West,Emerging Affluent,16414.29,98.49,Approved,True,crm
TXN0000079,2025-11-27,CUST00243,P004,C003,Southwest,Borrower,28751.29,230.01,Approved,False,marcus_web
TXN0000080,2025-07-23,CUST00130,P004,C003,Northeast,Emerging Affluent,32435.95,259.49,Funded,True,crm
TXN0000081,2026-03-21,CUST00499,P001,C002,West,Mass Affluent,16279.34,97.68,Funded,True,crm
TXN0000082,2026-05-02,CUST00005,P001,C005,Northeast,Rate Shopper,21402.66,128.42,Funded,True,marcus_web
TXN0000083,2025-04-04,CUST00128,P002,C004,Midwest,Mass Affluent,23635.38,94.54,Abandoned,False,marcus_web
TXN0000084,2026-07-04,CUST00031,P003,C002,Southeast,Mass Affluent,10255.5,328.18,Approved,True,crm
TXN0000085,2026-03-26,CUST00163,P005,C003,West,Emerging Affluent,3175.47,130.19,Funded,False,loan_origination
TXN0000086,2026-03-25,CUST00461,P001,C004,West,Rate Shopper,16698.35,100.19,Funded,False,campaign_platform
TXN0000087,2026-07-11,CUST00098,P005,C002,Southwest,Mass Affluent,2152.76,88.26,Funded,False,crm
TXN0000088,2026-04-06,CUST00036,P005,C002,Midwest,Digital Native,4686.8,192.16,Funded,True,loan_origination
TXN0000089,2026-01-24,CUST00233,P001,C005,Northeast,Borrower,16662.49,99.97,Funded,False,crm
TXN0000090,2026-02-01,CUST00165,P001,C005,Southwest,Digital Native,5019.96,30.12,Funded,False,crm
TXN0000091,2026-02-24,CUST00314,P003,C003,West,Rate Shopper,12945.55,414.26,Funded,True,crm
TXN0000092,2025-04-20,CUST00092,P001,C002,Midwest,Emerging Affluent,15640.28,93.84,Funded,True,campaign_platform
TXN0000093,2026-08-28,CUST00337,P004,C005,Southeast,Rate Shopper,21725.61,173.8,Funded,True,crm
TXN0000094,2026-04-25,CUST00336,P004,C001,Southeast,Borrower,29350.41,234.8,Approved,True,campaign_platform
TXN0000095,2026-09-24,CUST00421,P003,C001,West,Borrower,14354.94,459.36,Funded,False,crm
TXN0000096,2025-04-14,CUST00492,P005,C001,Southeast,Digital Native,3521.09,144.36,Approved,False,crm
TXN0000097,2026-08-07,CUST00099,P005,C002,West,Rate Shopper,2703.77,110.85,Approved,False,marcus_web
TXN0000098,2026-04-15,CUST00393,P005,C003,West,Rate Shopper,2701.74,110.77,Approved,False,marcus_web
TXN0000099,2026-02-16,CUST00086,P002,C005,West,Mass Affluent,13171.67,52.69,Funded,False,loan_origination
TXN0000100,2025-11-29,CUST00463,P003,C005,Southeast,Emerging Affluent,14280.97,456.99,Application Started,False,campaign_platform
TXN0000101,2025-09-04,CUST00423,P003,C005,West,Emerging Affluent,11252.28,360.07,Approved,False,loan_origination
TXN0000102,2026-02-11,CUST00185,P004,C004,Northeast,Borrower,19935.51,159.48,Funded,True,loan_origination
TXN0000103,2025-05-19,CUST00306,P001,C005,Southwest,Mass Affluent,23336.02,140.02,Funded,True,loan_origination
TXN0000104,2026-06-08,CUST00012,P003,C005,Southeast,Emerging Affluent,14321.97,458.3,Funded,False,crm
TXN0000105,2025-12-31,CUST00049,P001,C004,West,Emerging Affluent,20750.17,124.5,Application Started,True,loan_origination
TXN0000106,2026-08-08,CUST00416,P003,C001,West,Digital Native,17809.17,569.89,Funded,False,marcus_web
TXN0000107,2025-06-27,CUST00371,P003,C004,Southwest,Emerging Affluent,3661.69,117.17,Approved,False,marcus_web
TXN0000108,2026-08-14,CUST00305,P003,C001,Midwest,Borrower,15299.81,489.59,Funded,False,loan_origination
TXN0000109,2025-05-04,CUST00179,P004,C004,Southwest,Rate Shopper,25774.4,206.2,Funded,False,marcus_web
TXN0000110,2025-11-09,CUST00325,P004,C001,Northeast,Borrower,17969.85,143.76,Funded,False,crm
TXN0000111,2025-06-06,CUST00168,P005,C002,Southeast,Borrower,4925.72,201.95,Funded,False,marcus_web
TXN0000112,2026-02-08,CUST00114,P004,C003,Southeast,Emerging Affluent,25897.85,207.18,Funded,False,campaign_platform
TXN0000113,2026-02-13,CUST00293,P001,C005,Southeast,Rate Shopper,17499.28,105.0,Funded,False,crm
TXN0000114,2026-05-15,CUST00247,P005,C002,Southwest,Borrower,4325.83,177.36,Funded,False,crm
TXN0000115,2026-03-17,CUST00125,P001,C003,Midwest,Borrower,11632.02,69.79,Funded,False,campaign_platform
TXN0000116,2025-11-25,CUST00188,P003,C002,Midwest,Mass Affluent,24821.09,794.27,Funded,False,loan_origination
TXN0000117,2026-03-29,CUST00087,P003,C005,Southwest,Borrower,10588.93,338.85,Abandoned,True,loan_origination
TXN0000118,2025-02-25,CUST00080,P001,C001,Midwest,Digital Native,13254.53,79.53,Funded,False,crm
TXN0000119,2025-12-18,CUST00445,P003,C001,Northeast,Digital Native,13647.44,436.72,Funded,True,crm
TXN0000120,2025-07-28,CUST00379,P005,C002,West,Emerging Affluent,2689.55,110.27,Funded,False,campaign_platform
TXN0000121,2026-01-21,CUST00319,P002,C001,Southeast,Borrower,14906.4,59.63,Funded,True,loan_origination
TXN0000122,2025-02-24,CUST00103,P005,C003,West,Digital Native,2376.41,97.43,Funded,False,marcus_web
TXN0000123,2025-04-21,CUST00199,P003,C003,Southeast,Rate Shopper,24628.67,788.12,Funded,True,campaign_platform
TXN0000124,2026-05-12,CUST00261,P001,C003,Midwest,Emerging Affluent,19514.48,117.09,Application Started,False,crm
TXN0000125,2026-07-29,CUST00102,P005,C004,Northeast,Emerging Affluent,3408.9,139.76,Funded,False,loan_origination
TXN0000126,2025-01-19,CUST00251,P004,C002,Northeast,Emerging Affluent,21283.52,170.27,Funded,False,loan_origination
TXN0000127,2025-03-05,CUST00121,P005,C003,Southeast,Emerging Affluent,1581.49,64.84,Application Started,False,marcus_web
TXN0000128,2025-08-19,CUST00484,P005,C003,West,Mass Affluent,1565.3,64.18,Funded,False,crm
TXN0000129,2026-09-20,CUST00045,P004,C005,Midwest,Digital Native,30172.63,241.38,Funded,False,campaign_platform
TXN0000130,2025-12-04,CUST00497,P003,C005,Southwest,Borrower,8955.62,286.58,Funded,True,crm
TXN0000131,2025-05-22,CUST00298,P005,C002,West,Mass Affluent,2565.89,105.2,Funded,True,crm
TXN0000132,2025-11-22,CUST00336,P005,C002,Southeast,Borrower,4831.49,198.09,Funded,False,marcus_web
TXN0000133,2025-01-31,CUST00095,P003,C002,West,Mass Affluent,15512.2,496.39,Funded,False,campaign_platform
TXN0000134,2025-07-12,CUST00382,P003,C002,Southeast,Emerging Affluent,4095.7,131.06,Funded,True,loan_origination
TXN0000135,2025-08-25,CUST00311,P005,C005,West,Rate Shopper,2532.67,103.84,Funded,True,campaign_platform
TXN0000136,2026-04-26,CUST00069,P005,C005,Southwest,Mass Affluent,2738.09,112.26,Approved,False,campaign_platform
TXN0000137,2025-06-17,CUST00252,P004,C002,Southwest,Borrower,22687.88,181.5,Approved,True,loan_origination
TXN0000138,2025-07-27,CUST00487,P004,C002,West,Emerging Affluent,23847.04,190.78,Approved,True,campaign_platform
TXN0000139,2025-11-29,CUST00444,P005,C004,Northeast,Mass Affluent,4768.03,195.49,Funded,False,campaign_platform
TXN0000140,2026-09-19,CUST00369,P003,C004,Southeast,Digital Native,6619.73,211.83,Abandoned,False,marcus_web
TXN0000141,2026-04-13,CUST00267,P001,C004,West,Borrower,18862.89,113.18,Abandoned,False,campaign_platform
TXN0000142,2026-02-01,CUST00377,P001,C005,Northeast,Mass Affluent,16358.08,98.15,Funded,False,marcus_web
TXN0000143,2026-02-12,CUST00098,P003,C004,Southwest,Mass Affluent,21040.35,673.29,Funded,True,loan_origination
TXN0000144,2025-05-26,CUST00314,P001,C005,West,Rate Shopper,10787.29,64.72,Funded,False,marcus_web
TXN0000145,2025-07-04,CUST00370,P005,C001,Southwest,Rate Shopper,3674.0,150.63,Funded,True,campaign_platform
TXN0000146,2025-07-03,CUST00166,P004,C001,Southwest,Digital Native,4144.87,33.16,Funded,False,crm
TXN0000147,2025-09-14,CUST00452,P004,C001,West,Emerging Affluent,17002.21,136.02,Approved,True,marcus_web
TXN0000148,2026-01-07,CUST00047,P001,C004,West,Digital Native,26141.98,156.85,Funded,False,crm
TXN0000149,2025-02-14,CUST00194,P005,C004,Northeast,Emerging Affluent,3482.86,142.8,Funded,False,crm
TXN0000150,2025-02-22,CUST00084,P002,C002,Southeast,Rate Shopper,6290.03,25.16,Funded,False,campaign_platform
TXN0000151,2025-05-15,CUST00148,P002,C001,Southeast,Borrower,27770.61,111.08,Approved,True,campaign_platform
TXN0000152,2025-01-06,CUST00438,P004,C005,Midwest,Rate Shopper,21840.6,174.72,Funded,False,crm
TXN0000153,2026-02-24,CUST00302,P004,C004,Northeast,Emerging Affluent,12247.57,97.98,Funded,False,loan_origination
TXN0000154,2025-02-20,CUST00318,P005,C002,Midwest,Mass Affluent,3742.39,153.44,Funded,True,loan_origination
TXN0000155,2026-08-15,CUST00019,P002,C001,Southeast,Emerging Affluent,31179.19,124.72,Abandoned,True,campaign_platform
TXN0000156,2026-09-18,CUST00092,P002,C003,Midwest,Emerging Affluent,20229.4,80.92,Funded,False,crm
TXN0000157,2026-01-04,CUST00495,P004,C005,Southwest,Digital Native,25093.94,200.75,Funded,False,campaign_platform
TXN0000158,2026-07-18,CUST00420,P001,C004,Southeast,Mass Affluent,16837.44,101.02,Funded,False,marcus_web
TXN0000159,2026-06-24,CUST00356,P003,C003,Northeast,Emerging Affluent,11515.84,368.51,Funded,True,marcus_web
TXN0000160,2026-03-14,CUST00248,P005,C003,Southeast,Borrower,3596.45,147.45,Funded,False,loan_origination
TXN0000161,2026-07-31,CUST00475,P002,C005,Southeast,Emerging Affluent,11729.26,46.92,Funded,False,crm
TXN0000162,2025-01-02,CUST00363,P003,C002,Midwest,Rate Shopper,14685.69,469.94,Funded,False,marcus_web
TXN0000163,2026-03-01,CUST00378,P002,C005,West,Emerging Affluent,19695.22,78.78,Funded,False,marcus_web
TXN0000164,2025-09-18,CUST00328,P002,C003,Southeast,Digital Native,31379.65,125.52,Approved,False,loan_origination
TXN0000165,2025-12-08,CUST00393,P001,C001,West,Rate Shopper,12507.49,75.04,Funded,True,crm
TXN0000166,2026-05-06,CUST00100,P003,C003,Southwest,Mass Affluent,21341.85,682.94,Application Started,False,crm
TXN0000167,2026-07-04,CUST00247,P002,C004,Southwest,Borrower,35357.54,141.43,Approved,False,marcus_web
TXN0000168,2026-08-02,CUST00428,P005,C003,Midwest,Mass Affluent,2440.89,100.08,Approved,False,marcus_web
TXN0000169,2025-12-29,CUST00107,P005,C003,West,Rate Shopper,3782.6,155.09,Application Started,False,campaign_platform
TXN0000170,2026-08-08,CUST00321,P005,C002,Midwest,Borrower,3457.4,141.75,Funded,True,marcus_web
TXN0000171,2025-02-02,CUST00443,P003,C003,Northeast,Mass Affluent,14208.77,454.68,Application Started,False,loan_origination
TXN0000172,2025-06-29,CUST00111,P005,C003,West,Mass Affluent,3672.93,150.59,Funded,False,crm
TXN0000173,2026-06-03,CUST00468,P001,C004,Northeast,Borrower,25144.41,150.87,Funded,True,campaign_platform
TXN0000174,2025-12-02,CUST00376,P005,C003,West,Mass Affluent,3400.63,139.43,Funded,False,crm
TXN0000175,2026-02-01,CUST00106,P001,C004,Midwest,Digital Native,16267.32,97.6,Funded,False,marcus_web
TXN0000176,2025-04-16,CUST00171,P004,C001,Southeast,Emerging Affluent,12882.43,103.06,Funded,False,loan_origination
TXN0000177,2025-08-03,CUST00012,P005,C003,Southeast,Emerging Affluent,2884.46,118.26,Funded,False,campaign_platform
TXN0000178,2025-06-02,CUST00344,P001,C003,Midwest,Emerging Affluent,21718.4,130.31,Funded,True,marcus_web
TXN0000179,2026-07-17,CUST00106,P005,C003,Midwest,Digital Native,2941.86,120.62,Approved,False,crm
TXN0000180,2026-09-20,CUST00088,P001,C003,Southwest,Digital Native,21163.51,126.98,Application Started,False,marcus_web
TXN0000181,2025-02-21,CUST00067,P001,C004,Midwest,Rate Shopper,19648.02,117.89,Funded,True,campaign_platform
TXN0000182,2025-12-07,CUST00316,P003,C003,Southeast,Rate Shopper,15542.21,497.35,Approved,False,marcus_web
TXN0000183,2025-05-15,CUST00499,P004,C005,West,Mass Affluent,33568.85,268.55,Funded,True,loan_origination
TXN0000184,2025-08-26,CUST00351,P004,C004,Northeast,Emerging Affluent,29642.69,237.14,Abandoned,True,loan_origination
TXN0000185,2025-07-07,CUST00468,P003,C004,Northeast,Borrower,12162.79,389.21,Approved,False,campaign_platform
TXN0000186,2026-05-02,CUST00250,P001,C001,Midwest,Rate Shopper,9143.54,54.86,Funded,False,crm
TXN0000187,2026-08-12,CUST00145,P003,C005,Northeast,Emerging Affluent,16147.28,516.71,Approved,False,loan_origination
TXN0000188,2026-06-30,CUST00285,P001,C003,Southwest,Digital Native,20107.36,120.64,Funded,False,crm
TXN0000189,2025-06-12,CUST00318,P002,C005,Midwest,Mass Affluent,36174.75,144.7,Funded,False,campaign_platform
TXN0000190,2025-12-17,CUST00402,P004,C005,Midwest,Borrower,20762.54,166.1,Funded,True,marcus_web
TXN0000191,2025-04-28,CUST00379,P005,C004,West,Emerging Affluent,2154.82,88.35,Funded,False,crm
TXN0000192,2026-09-05,CUST00158,P004,C001,Midwest,Emerging Affluent,17301.66,138.41,Funded,False,campaign_platform
TXN0000193,2025-04-03,CUST00168,P004,C001,Southeast,Borrower,22851.11,182.81,Funded,False,marcus_web
TXN0000194,2026-04-09,CUST00388,P002,C002,Midwest,Mass Affluent,32061.8,128.25,Funded,False,campaign_platform
TXN0000195,2025-11-03,CUST00101,P002,C003,Northeast,Mass Affluent,8110.31,32.44,Funded,False,campaign_platform
TXN0000196,2026-08-20,CUST00368,P003,C001,Southwest,Rate Shopper,9704.84,310.55,Funded,False,campaign_platform
TXN0000197,2025-03-05,CUST00434,P002,C003,Southeast,Emerging Affluent,18880.18,75.52,Funded,False,loan_origination
TXN0000198,2025-08-29,CUST00057,P003,C001,Southeast,Mass Affluent,19189.29,614.06,Funded,False,loan_origination
TXN0000199,2026-01-26,CUST00365,P004,C004,Northeast,Mass Affluent,17129.53,137.04,Funded,True,campaign_platform
TXN0000200,2025-06-07,CUST00432,P003,C004,West,Borrower,15884.58,508.31,Funded,False,crm
TXN0000201,2025-01-17,CUST00069,P001,C001,Southwest,Mass Affluent,26094.18,156.57,Funded,False,crm
TXN0000202,2026-04-12,CUST00044,P002,C004,Midwest,Emerging Affluent,42450.17,169.8,Application Started,False,campaign_platform
TXN0000203,2026-06-06,CUST00320,P002,C004,Northeast,Borrower,11448.97,45.8,Funded,True,campaign_platform
TXN0000204,2026-05-26,CUST00310,P001,C005,Midwest,Mass Affluent,23354.45,140.13,Application Started,True,loan_origination
TXN0000205,2026-01-11,CUST00211,P005,C005,West,Mass Affluent,3504.34,143.68,Funded,False,campaign_platform
TXN0000206,2026-06-24,CUST00493,P001,C002,Southeast,Borrower,18365.32,110.19,Abandoned,False,loan_origination
TXN0000207,2026-06-20,CUST00239,P005,C001,Northeast,Emerging Affluent,3571.23,146.42,Funded,False,marcus_web
TXN0000208,2025-11-16,CUST00351,P005,C005,Northeast,Emerging Affluent,2892.56,118.59,Funded,False,marcus_web
TXN0000209,2026-04-26,CUST00241,P004,C005,Southeast,Mass Affluent,15822.31,126.58,Funded,False,loan_origination
TXN0000210,2026-09-04,CUST00149,P002,C001,Southwest,Digital Native,23198.81,92.8,Approved,False,loan_origination
TXN0000211,2025-06-23,CUST00032,P004,C005,Southwest,Mass Affluent,11904.98,95.24,Funded,False,marcus_web
TXN0000212,2025-05-10,CUST00147,P004,C001,Southwest,Digital Native,17026.15,136.21,Funded,False,loan_origination
TXN0000213,2025-10-15,CUST00130,P002,C005,Northeast,Emerging Affluent,25850.84,103.4,Approved,False,crm
TXN0000214,2025-06-29,CUST00338,P004,C003,Southwest,Borrower,27860.16,222.88,Funded,False,campaign_platform
TXN0000215,2025-12-18,CUST00093,P005,C001,Southwest,Digital Native,6115.28,250.73,Funded,False,campaign_platform
TXN0000216,2025-09-01,CUST00386,P004,C004,Southeast,Rate Shopper,19987.4,159.9,Funded,False,crm
TXN0000217,2025-02-25,CUST00108,P005,C003,Southwest,Emerging Affluent,2022.48,82.92,Funded,True,campaign_platform
TXN0000218,2026-06-30,CUST00244,P003,C004,West,Rate Shopper,7860.48,251.54,Funded,False,campaign_platform
TXN0000219,2026-06-28,CUST00243,P003,C002,Southwest,Borrower,15037.72,481.21,Abandoned,False,loan_origination
TXN0000220,2025-04-10,CUST00493,P005,C001,Southeast,Borrower,3074.07,126.04,Application Started,False,campaign_platform
TXN0000221,2025-10-04,CUST00313,P003,C003,West,Mass Affluent,14252.63,456.08,Funded,False,crm
TXN0000222,2026-06-17,CUST00376,P005,C002,West,Mass Affluent,3706.51,151.97,Funded,False,crm
TXN0000223,2025-01-09,CUST00161,P005,C001,Southwest,Mass Affluent,3285.32,134.7,Funded,True,campaign_platform
TXN0000224,2025-09-15,CUST00180,P002,C003,West,Borrower,25722.88,102.89,Funded,True,marcus_web
TXN0000225,2026-09-06,CUST00030,P005,C002,West,Borrower,2063.46,84.6,Funded,False,crm
TXN0000226,2025-04-24,CUST00193,P005,C002,West,Rate Shopper,1859.38,76.23,Funded,True,campaign_platform
TXN0000227,2025-10-11,CUST00339,P001,C004,Southwest,Digital Native,19173.52,115.04,Funded,False,loan_origination
TXN0000228,2025-03-05,CUST00083,P001,C003,Midwest,Mass Affluent,8399.88,50.4,Funded,False,marcus_web
TXN0000229,2026-03-28,CUST00133,P003,C002,Midwest,Emerging Affluent,27320.31,874.25,Funded,False,campaign_platform
TXN0000230,2026-03-18,CUST00056,P002,C005,Northeast,Mass Affluent,38123.45,152.49,Funded,False,campaign_platform
TXN0000231,2025-02-05,CUST00367,P003,C001,Southeast,Mass Affluent,20424.42,653.58,Funded,False,campaign_platform
TXN0000232,2026-02-04,CUST00077,P001,C001,West,Digital Native,21626.98,129.76,Funded,False,campaign_platform
TXN0000233,2026-05-18,CUST00295,P001,C005,Northeast,Rate Shopper,11651.87,69.91,Approved,False,marcus_web
TXN0000234,2026-01-29,CUST00277,P002,C001,Southwest,Digital Native,28316.2,113.26,Abandoned,False,campaign_platform
TXN0000235,2026-01-03,CUST00063,P005,C005,Southwest,Rate Shopper,2723.8,111.68,Funded,False,marcus_web
TXN0000236,2025-03-24,CUST00188,P005,C003,Midwest,Mass Affluent,4023.54,164.97,Application Started,False,loan_origination
TXN0000237,2026-07-22,CUST00332,P002,C002,Southwest,Mass Affluent,36022.31,144.09,Funded,False,marcus_web
TXN0000238,2025-03-28,CUST00323,P003,C004,Midwest,Rate Shopper,15722.39,503.12,Application Started,False,crm
TXN0000239,2025-01-26,CUST00072,P001,C002,Midwest,Borrower,16403.64,98.42,Funded,True,loan_origination
TXN0000240,2025-01-17,CUST00256,P005,C004,Midwest,Borrower,1725.42,70.74,Funded,True,marcus_web
TXN0000241,2026-06-20,CUST00208,P001,C002,Southwest,Borrower,8837.23,53.02,Application Started,True,crm
TXN0000242,2025-05-25,CUST00474,P001,C001,West,Emerging Affluent,20452.87,122.72,Funded,True,marcus_web
TXN0000243,2025-06-26,CUST00125,P002,C001,Midwest,Borrower,13226.33,52.91,Application Started,True,crm
TXN0000244,2025-04-19,CUST00428,P005,C001,Midwest,Mass Affluent,1402.32,57.5,Funded,False,crm
TXN0000245,2025-12-12,CUST00033,P002,C004,West,Borrower,37111.91,148.45,Funded,False,crm
TXN0000246,2026-08-31,CUST00165,P002,C001,Southwest,Digital Native,2156.55,8.63,Funded,True,loan_origination
TXN0000247,2026-01-14,CUST00073,P004,C002,Southwest,Mass Affluent,14186.78,113.49,Abandoned,True,marcus_web
TXN0000248,2025-06-11,CUST00406,P005,C004,Northeast,Rate Shopper,2803.64,114.95,Funded,False,marcus_web
TXN0000249,2026-08-31,CUST00004,P002,C001,Northeast,Emerging Affluent,34432.08,137.73,Approved,False,crm
TXN0000250,2026-06-20,CUST00106,P002,C003,Midwest,Digital Native,20605.03,82.42,Funded,True,crm
TXN0000251,2025-07-04,CUST00313,P001,C005,West,Mass Affluent,16225.84,97.36,Funded,False,loan_origination
TXN0000252,2026-07-26,CUST00179,P004,C001,Southwest,Rate Shopper,11627.98,93.02,Funded,True,marcus_web
TXN0000253,2026-06-04,CUST00317,P003,C005,Midwest,Borrower,16170.05,517.44,Funded,True,crm
TXN0000254,2026-05-25,CUST00058,P002,C004,Southwest,Borrower,42908.44,171.63,Funded,False,marcus_web
TXN0000255,2025-08-03,CUST00028,P003,C003,Southwest,Emerging Affluent,10302.05,329.67,Approved,False,marcus_web
TXN0000256,2025-06-30,CUST00054,P001,C005,Midwest,Emerging Affluent,20267.88,121.61,Funded,True,marcus_web
TXN0000257,2026-08-30,CUST00037,P002,C004,Midwest,Mass Affluent,18362.12,73.45,Approved,False,crm
TXN0000258,2025-08-22,CUST00399,P001,C003,Northeast,Borrower,14845.41,89.07,Funded,False,crm
TXN0000259,2026-04-28,CUST00193,P002,C001,West,Rate Shopper,24281.9,97.13,Funded,True,campaign_platform
TXN0000260,2025-05-20,CUST00092,P004,C003,Midwest,Emerging Affluent,20688.47,165.51,Funded,True,loan_origination
TXN0000261,2025-12-10,CUST00500,P003,C002,West,Emerging Affluent,19931.89,637.82,Funded,True,campaign_platform
TXN0000262,2025-12-18,CUST00235,P004,C002,Southwest,Rate Shopper,30473.8,243.79,Funded,False,crm
TXN0000263,2026-08-15,CUST00405,P005,C002,Midwest,Rate Shopper,5362.41,219.86,Funded,False,campaign_platform
TXN0000264,2026-04-30,CUST00442,P002,C005,West,Mass Affluent,23535.65,94.14,Application Started,True,campaign_platform
TXN0000265,2025-12-02,CUST00377,P002,C002,Northeast,Mass Affluent,20861.05,83.44,Abandoned,False,marcus_web
TXN0000266,2026-04-27,CUST00214,P001,C001,Southwest,Mass Affluent,19794.02,118.76,Approved,False,campaign_platform
TXN0000267,2025-04-11,CUST00272,P004,C004,Northeast,Mass Affluent,16541.5,132.33,Funded,True,campaign_platform
TXN0000268,2026-01-03,CUST00487,P002,C002,West,Emerging Affluent,29063.61,116.25,Funded,False,marcus_web
TXN0000269,2025-06-15,CUST00009,P004,C003,West,Emerging Affluent,17600.71,140.81,Approved,True,campaign_platform
TXN0000270,2025-07-09,CUST00238,P002,C004,Midwest,Borrower,9128.92,36.52,Approved,False,campaign_platform
TXN0000271,2026-01-30,CUST00361,P001,C001,Midwest,Emerging Affluent,22444.82,134.67,Funded,False,loan_origination
TXN0000272,2026-08-13,CUST00358,P005,C005,Northeast,Rate Shopper,2574.52,105.56,Approved,False,marcus_web
TXN0000273,2026-06-12,CUST00318,P003,C001,Midwest,Mass Affluent,21660.85,693.15,Application Started,True,loan_origination
TXN0000274,2026-01-10,CUST00239,P005,C001,Northeast,Emerging Affluent,2634.66,108.02,Funded,False,marcus_web
TXN0000275,2025-12-09,CUST00288,P002,C002,Northeast,Borrower,27331.11,109.32,Funded,False,crm
TXN0000276,2025-12-28,CUST00386,P002,C003,Southeast,Rate Shopper,31628.1,126.51,Application Started,False,campaign_platform
TXN0000277,2026-01-17,CUST00142,P001,C001,Southwest,Digital Native,13904.63,83.43,Funded,True,loan_origination
TXN0000278,2025-03-09,CUST00232,P005,C003,Southeast,Emerging Affluent,4268.04,174.99,Funded,False,marcus_web
TXN0000279,2025-10-23,CUST00042,P004,C002,Northeast,Digital Native,24975.95,199.81,Funded,True,crm
TXN0000280,2026-06-18,CUST00255,P002,C002,Southwest,Rate Shopper,26019.48,104.08,Abandoned,True,campaign_platform
TXN0000281,2026-05-01,CUST00497,P005,C002,Southwest,Borrower,2507.37,102.8,Funded,False,marcus_web
TXN0000282,2025-12-10,CUST00012,P002,C005,Southeast,Emerging Affluent,35404.78,141.62,Funded,False,loan_origination
TXN0000283,2026-07-16,CUST00249,P005,C005,Northeast,Rate Shopper,2302.18,94.39,Funded,False,crm
TXN0000284,2026-05-11,CUST00405,P003,C002,Midwest,Rate Shopper,15957.26,510.63,Funded,False,marcus_web
TXN0000285,2026-04-12,CUST00076,P003,C003,Southwest,Digital Native,21281.71,681.01,Funded,False,crm
TXN0000286,2025-06-15,CUST00499,P002,C002,West,Mass Affluent,23435.44,93.74,Funded,True,loan_origination
TXN0000287,2025-09-24,CUST00295,P002,C004,Northeast,Rate Shopper,22625.89,90.5,Approved,False,loan_origination
TXN0000288,2026-07-07,CUST00076,P003,C004,Southwest,Digital Native,17011.84,544.38,Abandoned,False,marcus_web
TXN0000289,2026-05-27,CUST00472,P001,C004,Midwest,Emerging Affluent,19777.24,118.66,Abandoned,True,loan_origination
TXN0000290,2025-10-24,CUST00332,P003,C004,Southwest,Mass Affluent,2251.11,72.04,Abandoned,False,crm
TXN0000291,2025-12-13,CUST00410,P005,C004,West,Mass Affluent,2522.21,103.41,Application Started,True,marcus_web
TXN0000292,2026-09-25,CUST00158,P001,C004,Midwest,Emerging Affluent,8519.33,51.12,Application Started,False,marcus_web
TXN0000293,2025-07-19,CUST00168,P001,C005,Southeast,Borrower,14134.08,84.8,Abandoned,True,marcus_web
TXN0000294,2025-03-31,CUST00043,P005,C004,Southeast,Emerging Affluent,2802.64,114.91,Abandoned,False,campaign_platform
TXN0000295,2026-06-08,CUST00163,P005,C005,West,Emerging Affluent,5495.87,225.33,Funded,True,campaign_platform
TXN0000296,2025-01-13,CUST00190,P004,C003,Midwest,Borrower,16137.7,129.1,Funded,False,campaign_platform
TXN0000297,2025-08-09,CUST00448,P005,C001,Southeast,Rate Shopper,3031.62,124.3,Abandoned,False,loan_origination
TXN0000298,2025-05-23,CUST00084,P004,C004,Southeast,Rate Shopper,13734.9,109.88,Application Started,False,crm
TXN0000299,2026-06-22,CUST00107,P003,C004,West,Rate Shopper,16370.49,523.86,Abandoned,False,marcus_web
TXN0000300,2026-03-01,CUST00004,P004,C003,Northeast,Emerging Affluent,21761.18,174.09,Funded,False,crm
TXN0000301,2025-10-24,CUST00103,P002,C004,West,Digital Native,24381.36,97.53,Application Started,False,loan_origination
TXN0000302,2025-08-18,CUST00253,P005,C004,Midwest,Emerging Affluent,3090.75,126.72,Funded,True,loan_origination
TXN0000303,2025-10-22,CUST00154,P004,C001,Southwest,Digital Native,14226.51,113.81,Funded,True,marcus_web
TXN0000304,2025-03-10,CUST00392,P003,C004,West,Rate Shopper,17437.02,557.98,Funded,False,campaign_platform
TXN0000305,2026-05-03,CUST00290,P004,C003,Southwest,Mass Affluent,36034.6,288.28,Funded,False,marcus_web
TXN0000306,2026-08-19,CUST00433,P003,C002,West,Borrower,12990.74,415.7,Funded,False,crm
TXN0000307,2025-10-07,CUST00183,P002,C001,Southwest,Emerging Affluent,18357.88,73.43,Abandoned,True,loan_origination
TXN0000308,2025-07-18,CUST00272,P001,C005,Northeast,Mass Affluent,24861.6,149.17,Approved,True,marcus_web
TXN0000309,2025-11-27,CUST00307,P002,C005,Southeast,Digital Native,39310.8,157.24,Funded,False,loan_origination
TXN0000310,2025-12-27,CUST00050,P005,C005,Midwest,Borrower,1693.29,69.42,Application Started,True,loan_origination
TXN0000311,2025-12-15,CUST00191,P004,C004,West,Digital Native,26038.15,208.31,Funded,False,crm
TXN0000312,2026-06-23,CUST00408,P005,C005,West,Mass Affluent,2881.44,118.14,Application Started,False,marcus_web
TXN0000313,2025-04-30,CUST00214,P004,C001,Southwest,Mass Affluent,29317.01,234.54,Funded,False,loan_origination
TXN0000314,2026-06-20,CUST00072,P004,C005,Midwest,Borrower,6153.0,49.22,Approved,False,loan_origination
TXN0000315,2025-05-12,CUST00015,P001,C002,West,Mass Affluent,20171.27,121.03,Funded,True,crm
TXN0000316,2025-03-21,CUST00041,P004,C001,West,Mass Affluent,18658.18,149.27,Funded,False,campaign_platform
TXN0000317,2025-02-03,CUST00022,P002,C001,Northeast,Emerging Affluent,30031.46,120.13,Funded,True,loan_origination
TXN0000318,2025-01-11,CUST00023,P001,C003,Southeast,Borrower,10712.54,64.28,Approved,False,crm
TXN0000319,2025-12-26,CUST00301,P002,C002,West,Emerging Affluent,32211.2,128.84,Approved,True,loan_origination
TXN0000320,2026-09-20,CUST00181,P002,C005,Southeast,Rate Shopper,27968.97,111.88,Funded,False,marcus_web
TXN0000321,2026-06-26,CUST00420,P005,C001,Southeast,Mass Affluent,3350.37,137.37,Funded,False,marcus_web
TXN0000322,2026-06-01,CUST00499,P001,C002,West,Mass Affluent,22020.38,132.12,Application Started,False,crm
TXN0000323,2025-12-30,CUST00226,P001,C002,Southwest,Borrower,24572.72,147.44,Funded,False,loan_origination
TXN0000324,2026-06-17,CUST00064,P004,C001,Northeast,Rate Shopper,21051.81,168.41,Funded,False,loan_origination
TXN0000325,2025-12-02,CUST00286,P001,C001,West,Borrower,11795.09,70.77,Funded,False,campaign_platform
TXN0000326,2025-10-25,CUST00116,P005,C004,Midwest,Borrower,3243.6,132.99,Abandoned,False,marcus_web
TXN0000327,2025-07-03,CUST00459,P004,C003,Southwest,Emerging Affluent,33494.03,267.95,Funded,False,marcus_web
TXN0000328,2026-02-15,CUST00062,P002,C004,Southeast,Rate Shopper,28135.69,112.54,Funded,False,crm
TXN0000329,2025-12-13,CUST00034,P003,C002,Southeast,Digital Native,17507.79,560.25,Funded,True,campaign_platform
TXN0000330,2026-08-19,CUST00372,P004,C003,Southwest,Digital Native,36124.67,289.0,Funded,False,campaign_platform
TXN0000331,2026-02-19,CUST00183,P004,C005,Southwest,Emerging Affluent,31187.54,249.5,Funded,False,marcus_web
TXN0000332,2025-08-25,CUST00129,P004,C004,Midwest,Borrower,21278.27,170.23,Funded,True,marcus_web
TXN0000333,2026-05-26,CUST00378,P001,C001,West,Emerging Affluent,10643.4,63.86,Funded,False,crm
TXN0000334,2025-04-09,CUST00156,P005,C005,Southwest,Digital Native,504.37,20.68,Approved,False,campaign_platform
TXN0000335,2025-10-28,CUST00406,P004,C002,Northeast,Rate Shopper,17309.99,138.48,Funded,False,marcus_web
TXN0000336,2025-05-02,CUST00488,P001,C004,Northeast,Digital Native,11773.9,70.64,Funded,False,campaign_platform
TXN0000337,2025-02-03,CUST00227,P004,C001,Midwest,Borrower,27012.08,216.1,Approved,False,crm
TXN0000338,2025-11-16,CUST00252,P004,C002,Southwest,Borrower,32129.12,257.03,Approved,False,marcus_web
TXN0000339,2026-07-07,CUST00292,P004,C005,Midwest,Rate Shopper,14132.63,113.06,Application Started,False,campaign_platform
TXN0000340,2026-01-22,CUST00135,P004,C005,Northeast,Rate Shopper,18163.56,145.31,Funded,False,loan_origination
TXN0000341,2026-08-28,CUST00165,P001,C001,Southwest,Digital Native,29519.58,177.12,Funded,False,marcus_web
TXN0000342,2025-04-10,CUST00392,P003,C004,West,Rate Shopper,17203.48,550.51,Funded,False,campaign_platform
TXN0000343,2025-09-11,CUST00180,P001,C002,West,Borrower,18525.72,111.15,Funded,False,loan_origination
TXN0000344,2025-01-21,CUST00059,P003,C002,West,Rate Shopper,18869.39,603.82,Funded,True,campaign_platform
TXN0000345,2025-10-01,CUST00291,P005,C004,Southeast,Digital Native,4451.14,182.5,Funded,False,campaign_platform
TXN0000346,2026-05-16,CUST00166,P005,C001,Southwest,Digital Native,3361.27,137.81,Funded,False,loan_origination
TXN0000347,2025-06-20,CUST00255,P005,C003,Southwest,Rate Shopper,2400.89,98.44,Funded,False,marcus_web
TXN0000348,2025-10-22,CUST00431,P005,C002,Northeast,Mass Affluent,2497.02,102.38,Funded,False,campaign_platform
TXN0000349,2025-04-05,CUST00412,P002,C005,Northeast,Emerging Affluent,24497.86,97.99,Funded,True,campaign_platform
TXN0000350,2025-03-20,CUST00219,P002,C003,Midwest,Emerging Affluent,14838.07,59.35,Funded,False,loan_origination
TXN0000351,2025-07-24,CUST00222,P005,C003,Midwest,Digital Native,2468.49,101.21,Funded,False,crm
TXN0000352,2025-07-11,CUST00452,P001,C005,West,Emerging Affluent,20457.45,122.74,Funded,True,campaign_platform
TXN0000353,2026-03-21,CUST00138,P005,C005,Midwest,Rate Shopper,4853.78,199.0,Funded,True,campaign_platform
TXN0000354,2025-11-04,CUST00076,P002,C002,Southwest,Digital Native,20923.74,83.69,Application Started,False,marcus_web
TXN0000355,2025-10-01,CUST00325,P002,C004,Northeast,Borrower,33084.69,132.34,Funded,False,campaign_platform
TXN0000356,2025-07-16,CUST00123,P001,C002,Northeast,Rate Shopper,9876.73,59.26,Funded,False,loan_origination
TXN0000357,2026-03-23,CUST00238,P004,C005,Midwest,Borrower,7236.97,57.9,Funded,True,marcus_web
TXN0000358,2025-06-30,CUST00133,P003,C005,Midwest,Emerging Affluent,19689.56,630.07,Funded,True,campaign_platform
TXN0000359,2025-03-27,CUST00401,P001,C001,West,Digital Native,15928.86,95.57,Funded,False,loan_origination
TXN0000360,2025-05-24,CUST00344,P001,C004,Midwest,Emerging Affluent,22877.95,137.27,Funded,False,marcus_web
TXN0000361,2025-09-15,CUST00268,P005,C005,West,Emerging Affluent,2712.99,111.23,Funded,False,loan_origination
TXN0000362,2025-08-30,CUST00169,P005,C004,Southeast,Digital Native,3210.86,131.65,Abandoned,True,marcus_web
TXN0000363,2026-03-27,CUST00090,P002,C003,Midwest,Mass Affluent,11197.83,44.79,Funded,False,marcus_web
TXN0000364,2026-05-02,CUST00163,P005,C004,West,Emerging Affluent,4415.54,181.04,Funded,False,crm
TXN0000365,2025-11-12,CUST00186,P004,C003,Southwest,Rate Shopper,41919.06,335.35,Funded,False,marcus_web
TXN0000366,2026-07-20,CUST00354,P002,C003,Southeast,Emerging Affluent,30256.04,121.02,Funded,False,loan_origination
TXN0000367,2025-08-31,CUST00463,P001,C005,Southeast,Emerging Affluent,21911.07,131.47,Application Started,False,loan_origination
TXN0000368,2025-11-01,CUST00155,P001,C002,Midwest,Mass Affluent,13127.42,78.76,Funded,False,campaign_platform
TXN0000369,2025-02-04,CUST00324,P003,C004,Midwest,Rate Shopper,14188.0,454.02,Approved,False,campaign_platform
TXN0000370,2025-04-13,CUST00475,P003,C004,Southeast,Emerging Affluent,16550.13,529.6,Application Started,False,marcus_web
TXN0000371,2026-07-15,CUST00181,P004,C005,Southeast,Rate Shopper,21351.25,170.81,Funded,True,crm
TXN0000372,2025-01-04,CUST00323,P004,C002,Midwest,Rate Shopper,13563.42,108.51,Funded,False,loan_origination
TXN0000373,2025-06-11,CUST00295,P001,C001,Northeast,Rate Shopper,18024.81,108.15,Approved,False,crm
TXN0000374,2025-11-24,CUST00434,P005,C004,Southeast,Emerging Affluent,4971.04,203.81,Funded,False,crm
TXN0000375,2025-12-02,CUST00134,P002,C005,Southwest,Borrower,28925.81,115.7,Funded,True,campaign_platform
TXN0000376,2025-01-22,CUST00484,P005,C002,West,Mass Affluent,2490.39,102.11,Abandoned,False,crm
TXN0000377,2025-07-23,CUST00465,P001,C004,Midwest,Borrower,17089.35,102.54,Funded,False,loan_origination
TXN0000378,2025-06-24,CUST00077,P001,C003,West,Digital Native,30277.58,181.67,Abandoned,True,campaign_platform
TXN0000379,2025-05-02,CUST00396,P004,C004,Northeast,Digital Native,22828.38,182.63,Abandoned,False,loan_origination
TXN0000380,2025-05-14,CUST00148,P004,C004,Southeast,Borrower,27122.63,216.98,Funded,True,crm
TXN0000381,2026-03-05,CUST00422,P003,C002,West,Digital Native,18313.05,586.02,Funded,False,crm
TXN0000382,2026-01-14,CUST00317,P004,C002,Midwest,Borrower,34368.95,274.95,Funded,False,marcus_web
TXN0000383,2025-11-28,CUST00006,P004,C002,West,Mass Affluent,29651.79,237.21,Funded,False,campaign_platform
TXN0000384,2025-03-16,CUST00377,P005,C003,Northeast,Mass Affluent,3019.41,123.8,Funded,True,loan_origination
TXN0000385,2025-12-29,CUST00477,P002,C004,Northeast,Digital Native,49366.76,197.47,Abandoned,False,marcus_web
TXN0000386,2026-09-27,CUST00003,P003,C005,West,Mass Affluent,14253.88,456.12,Funded,False,loan_origination
TXN0000387,2026-08-18,CUST00068,P005,C001,Northeast,Mass Affluent,3493.42,143.23,Funded,False,campaign_platform
TXN0000388,2026-06-28,CUST00068,P001,C003,Northeast,Mass Affluent,21471.88,128.83,Funded,True,loan_origination
TXN0000389,2025-10-15,CUST00023,P002,C004,Southeast,Borrower,26704.91,106.82,Funded,False,loan_origination
TXN0000390,2025-06-18,CUST00265,P003,C004,Midwest,Digital Native,2912.96,93.21,Funded,False,crm
TXN0000391,2025-07-13,CUST00285,P004,C001,Southwest,Digital Native,25310.02,202.48,Funded,True,campaign_platform
TXN0000392,2025-02-11,CUST00224,P001,C004,Northeast,Borrower,21660.39,129.96,Funded,False,campaign_platform
TXN0000393,2025-06-01,CUST00235,P004,C001,Southwest,Rate Shopper,24433.88,195.47,Application Started,True,crm
TXN0000394,2026-07-31,CUST00384,P005,C003,Southeast,Mass Affluent,3548.08,145.47,Application Started,False,marcus_web
TXN0000395,2026-03-03,CUST00270,P005,C002,Northeast,Mass Affluent,3938.88,161.49,Funded,True,loan_origination
TXN0000396,2026-02-08,CUST00014,P003,C001,Southwest,Borrower,12670.71,405.46,Funded,False,marcus_web
TXN0000397,2025-01-30,CUST00429,P003,C002,Southwest,Mass Affluent,22850.85,731.23,Funded,False,loan_origination
TXN0000398,2025-02-14,CUST00305,P001,C003,Midwest,Borrower,23789.59,142.74,Funded,False,loan_origination
TXN0000399,2025-08-05,CUST00486,P005,C002,Southeast,Rate Shopper,4515.66,185.14,Funded,False,marcus_web
TXN0000400,2025-04-05,CUST00281,P005,C004,Northeast,Mass Affluent,1674.74,68.66,Funded,True,campaign_platform
TXN0000401,2025-06-16,CUST00046,P001,C002,Northeast,Digital Native,13112.86,78.68,Funded,False,crm
TXN0000402,2026-03-19,CUST00062,P003,C004,Southeast,Rate Shopper,17819.72,570.23,Approved,False,crm
TXN0000403,2026-06-09,CUST00184,P001,C003,Northeast,Rate Shopper,20119.29,120.72,Funded,True,campaign_platform
TXN0000404,2026-09-21,CUST00047,P004,C003,West,Digital Native,29950.07,239.6,Funded,False,marcus_web
TXN0000405,2026-04-20,CUST00021,P005,C003,Southeast,Mass Affluent,2478.68,101.63,Approved,False,marcus_web
TXN0000406,2025-03-23,CUST00149,P004,C004,Southwest,Digital Native,12045.66,96.37,Application Started,False,crm
TXN0000407,2026-06-20,CUST00066,P003,C002,Northeast,Digital Native,8586.6,274.77,Funded,False,marcus_web
TXN0000408,2025-04-07,CUST00262,P004,C004,Northeast,Digital Native,26379.17,211.03,Funded,False,loan_origination
TXN0000409,2025-03-25,CUST00182,P003,C005,West,Emerging Affluent,14607.45,467.44,Approved,False,crm
TXN0000410,2025-03-27,CUST00432,P004,C001,West,Borrower,20614.93,164.92,Funded,False,loan_origination
TXN0000411,2025-09-29,CUST00301,P004,C004,West,Emerging Affluent,12648.24,101.19,Approved,True,marcus_web
TXN0000412,2025-04-19,CUST00383,P005,C003,West,Mass Affluent,5304.22,217.47,Funded,True,campaign_platform
TXN0000413,2026-05-04,CUST00060,P001,C002,Midwest,Digital Native,11779.35,70.68,Funded,False,campaign_platform
TXN0000414,2026-01-05,CUST00156,P005,C005,Southwest,Digital Native,3482.74,142.79,Funded,False,campaign_platform
TXN0000415,2025-05-09,CUST00412,P003,C001,Northeast,Emerging Affluent,16682.11,533.83,Approved,False,crm
TXN0000416,2026-05-08,CUST00440,P001,C002,Southeast,Digital Native,21077.0,126.46,Funded,False,campaign_platform
TXN0000417,2025-03-30,CUST00432,P005,C002,West,Borrower,2806.96,115.09,Funded,True,crm
TXN0000418,2026-05-12,CUST00463,P002,C004,Southeast,Emerging Affluent,37009.64,148.04,Funded,False,crm
TXN0000419,2026-02-06,CUST00104,P003,C005,Southwest,Emerging Affluent,15105.75,483.38,Funded,False,campaign_platform
TXN0000420,2026-09-03,CUST00435,P004,C005,West,Borrower,22304.52,178.44,Approved,False,marcus_web
TXN0000421,2026-06-10,CUST00250,P004,C004,Midwest,Rate Shopper,13097.27,104.78,Funded,False,campaign_platform
TXN0000422,2025-01-20,CUST00119,P001,C005,West,Digital Native,13310.4,79.86,Funded,False,marcus_web
TXN0000423,2025-04-30,CUST00138,P004,C004,Midwest,Rate Shopper,3800.28,30.4,Funded,False,marcus_web
TXN0000424,2026-04-26,CUST00083,P003,C002,Midwest,Mass Affluent,14892.9,476.57,Funded,True,crm
TXN0000425,2026-04-25,CUST00301,P003,C005,West,Emerging Affluent,17372.79,555.93,Approved,False,loan_origination
TXN0000426,2026-09-29,CUST00408,P004,C002,West,Mass Affluent,26709.81,213.68,Funded,False,marcus_web
TXN0000427,2025-06-27,CUST00342,P004,C002,West,Emerging Affluent,25278.81,202.23,Funded,False,campaign_platform
TXN0000428,2026-07-25,CUST00156,P002,C002,Southwest,Digital Native,39249.37,157.0,Funded,True,loan_origination
TXN0000429,2026-05-31,CUST00183,P002,C002,Southwest,Emerging Affluent,30358.77,121.44,Funded,False,marcus_web
TXN0000430,2025-09-22,CUST00288,P002,C004,Northeast,Borrower,27683.91,110.74,Abandoned,False,marcus_web
TXN0000431,2025-06-04,CUST00395,P005,C003,Northeast,Borrower,4578.34,187.71,Funded,True,marcus_web
TXN0000432,2025-04-24,CUST00475,P004,C004,Southeast,Emerging Affluent,9527.9,76.22,Abandoned,False,marcus_web
TXN0000433,2026-06-04,CUST00422,P005,C001,West,Digital Native,4445.31,182.26,Application Started,False,crm
TXN0000434,2026-06-03,CUST00373,P003,C004,West,Emerging Affluent,18900.4,604.81,Funded,False,crm
TXN0000435,2025-05-22,CUST00332,P003,C003,Southwest,Mass Affluent,16940.35,542.09,Abandoned,False,marcus_web
TXN0000436,2025-10-21,CUST00126,P004,C003,Northeast,Mass Affluent,25609.94,204.88,Funded,True,loan_origination
TXN0000437,2025-09-09,CUST00367,P004,C003,Southeast,Mass Affluent,29468.57,235.75,Funded,True,campaign_platform
TXN0000438,2026-06-13,CUST00212,P004,C004,Southeast,Mass Affluent,32501.55,260.01,Approved,False,marcus_web
TXN0000439,2026-06-14,CUST00227,P002,C001,Midwest,Borrower,30730.95,122.92,Funded,False,crm
TXN0000440,2025-02-07,CUST00223,P001,C004,West,Emerging Affluent,17080.48,102.48,Funded,False,marcus_web
TXN0000441,2026-03-06,CUST00324,P005,C003,Midwest,Rate Shopper,1818.11,74.54,Funded,False,loan_origination
TXN0000442,2025-10-14,CUST00466,P003,C001,Northeast,Rate Shopper,18930.06,605.76,Application Started,False,crm
TXN0000443,2025-07-30,CUST00359,P004,C004,Midwest,Rate Shopper,30197.01,241.58,Funded,False,loan_origination
TXN0000444,2025-11-05,CUST00455,P004,C002,Southeast,Rate Shopper,15006.19,120.05,Funded,False,campaign_platform
TXN0000445,2026-07-08,CUST00372,P002,C005,Southwest,Digital Native,26117.53,104.47,Funded,False,crm
TXN0000446,2026-08-30,CUST00012,P001,C005,Southeast,Emerging Affluent,20717.83,124.31,Funded,False,loan_origination
TXN0000447,2025-04-24,CUST00372,P004,C005,Southwest,Digital Native,20330.56,162.64,Funded,False,marcus_web
TXN0000448,2025-11-02,CUST00025,P001,C004,Northeast,Rate Shopper,5983.59,35.9,Funded,True,loan_origination
TXN0000449,2026-07-01,CUST00121,P005,C005,Southeast,Emerging Affluent,3657.34,149.95,Funded,False,crm
TXN0000450,2025-09-11,CUST00366,P004,C005,West,Borrower,17341.77,138.73,Funded,False,crm
TXN0000451,2025-04-11,CUST00422,P003,C004,West,Digital Native,17734.54,567.51,Funded,True,campaign_platform
TXN0000452,2025-08-08,CUST00455,P002,C004,Southeast,Rate Shopper,34923.18,139.69,Funded,False,campaign_platform
TXN0000453,2026-02-09,CUST00302,P005,C005,Northeast,Emerging Affluent,4229.47,173.41,Funded,False,campaign_platform
TXN0000454,2025-05-28,CUST00375,P004,C002,Southwest,Digital Native,14651.76,117.21,Funded,False,campaign_platform
TXN0000455,2025-05-01,CUST00067,P005,C005,Midwest,Rate Shopper,2777.86,113.89,Funded,True,loan_origination
TXN0000456,2026-02-23,CUST00472,P001,C005,Midwest,Emerging Affluent,11472.68,68.84,Funded,False,loan_origination
TXN0000457,2025-05-01,CUST00021,P005,C002,Southeast,Mass Affluent,823.16,33.75,Funded,False,crm
TXN0000458,2025-02-19,CUST00073,P005,C004,Southwest,Mass Affluent,5684.76,233.08,Abandoned,False,loan_origination
TXN0000459,2025-01-03,CUST00111,P002,C004,West,Mass Affluent,33290.46,133.16,Application Started,False,loan_origination
TXN0000460,2026-01-22,CUST00290,P004,C003,Southwest,Mass Affluent,26956.28,215.65,Funded,False,crm
TXN0000461,2026-04-17,CUST00391,P002,C005,West,Digital Native,28027.74,112.11,Funded,False,marcus_web
TXN0000462,2026-02-24,CUST00410,P005,C005,West,Mass Affluent,1543.03,63.26,Funded,False,loan_origination
TXN0000463,2025-10-12,CUST00277,P001,C004,Southwest,Digital Native,10316.52,61.9,Approved,False,loan_origination
TXN0000464,2025-03-29,CUST00288,P001,C005,Northeast,Borrower,7975.84,47.86,Funded,False,marcus_web
TXN0000465,2025-07-13,CUST00491,P005,C005,Southwest,Digital Native,3204.65,131.39,Funded,False,crm
TXN0000466,2025-07-30,CUST00493,P001,C003,Southeast,Borrower,10554.1,63.32,Funded,False,campaign_platform
TXN0000467,2025-11-25,CUST00044,P005,C005,Midwest,Emerging Affluent,2922.85,119.84,Application Started,True,campaign_platform
TXN0000468,2026-06-25,CUST00093,P004,C001,Southwest,Digital Native,23351.75,186.81,Funded,True,marcus_web
TXN0000469,2025-10-20,CUST00051,P005,C002,Southeast,Rate Shopper,3731.5,152.99,Funded,False,campaign_platform
TXN0000470,2026-09-22,CUST00348,P002,C001,West,Mass Affluent,32709.5,130.84,Abandoned,True,marcus_web
TXN0000471,2025-11-24,CUST00153,P004,C001,Northeast,Rate Shopper,32181.93,257.46,Funded,False,marcus_web
TXN0000472,2026-09-04,CUST00027,P002,C002,Northeast,Mass Affluent,42589.65,170.36,Funded,False,campaign_platform
TXN0000473,2025-03-04,CUST00487,P001,C003,West,Emerging Affluent,14671.22,88.03,Funded,True,crm
TXN0000474,2026-07-22,CUST00468,P001,C003,Northeast,Borrower,25270.3,151.62,Abandoned,False,crm
TXN0000475,2025-11-08,CUST00391,P005,C002,West,Digital Native,2092.99,85.81,Application Started,False,crm
TXN0000476,2025-09-09,CUST00192,P005,C002,West,Rate Shopper,2693.91,110.45,Funded,False,campaign_platform
TXN0000477,2026-09-28,CUST00022,P001,C004,Northeast,Emerging Affluent,13885.59,83.31,Funded,False,campaign_platform
TXN0000478,2026-01-25,CUST00140,P005,C003,Midwest,Digital Native,6105.63,250.33,Abandoned,False,crm
TXN0000479,2025-02-16,CUST00300,P005,C003,West,Borrower,3931.28,161.18,Funded,True,marcus_web
TXN0000480,2025-10-14,CUST00426,P002,C005,West,Digital Native,36916.66,147.67,Application Started,True,loan_origination
TXN0000481,2026-04-09,CUST00453,P003,C003,West,Rate Shopper,13422.51,429.52,Funded,True,loan_origination
TXN0000482,2026-09-16,CUST00009,P002,C001,West,Emerging Affluent,40778.81,163.12,Funded,False,crm
TXN0000483,2026-02-07,CUST00212,P005,C004,Southeast,Mass Affluent,1285.66,52.71,Funded,True,marcus_web
TXN0000484,2025-12-28,CUST00457,P004,C001,Northeast,Digital Native,18785.03,150.28,Abandoned,False,loan_origination
TXN0000485,2025-05-08,CUST00199,P002,C001,Southeast,Rate Shopper,5433.1,21.73,Funded,True,marcus_web
TXN0000486,2025-07-16,CUST00389,P003,C003,West,Mass Affluent,17265.83,552.51,Funded,False,loan_origination
TXN0000487,2026-05-21,CUST00414,P002,C002,Southeast,Borrower,29533.21,118.13,Funded,False,crm
TXN0000488,2025-04-24,CUST00004,P002,C004,Northeast,Emerging Affluent,26472.02,105.89,Application Started,False,campaign_platform
TXN0000489,2026-08-03,CUST00088,P005,C002,Southwest,Digital Native,2484.91,101.88,Funded,False,marcus_web
TXN0000490,2025-08-22,CUST00066,P003,C005,Northeast,Digital Native,8410.31,269.13,Application Started,False,loan_origination
TXN0000491,2026-09-22,CUST00099,P001,C005,West,Rate Shopper,17851.82,107.11,Funded,False,marcus_web
TXN0000492,2026-02-21,CUST00438,P003,C004,Midwest,Rate Shopper,21003.0,672.1,Funded,False,campaign_platform
TXN0000493,2025-02-14,CUST00254,P003,C005,Northeast,Mass Affluent,17196.84,550.3,Funded,False,campaign_platform
TXN0000494,2025-07-19,CUST00162,P001,C004,Southwest,Rate Shopper,15003.45,90.02,Funded,False,marcus_web
TXN0000495,2025-03-18,CUST00378,P002,C004,West,Emerging Affluent,32425.76,129.7,Funded,True,marcus_web
TXN0000496,2025-01-25,CUST00015,P004,C004,West,Mass Affluent,19459.69,155.68,Funded,False,loan_origination
TXN0000497,2025-04-21,CUST00431,P003,C002,Northeast,Mass Affluent,1858.72,59.48,Application Started,False,crm
TXN0000498,2026-09-27,CUST00484,P001,C005,West,Mass Affluent,20629.55,123.78,Funded,True,campaign_platform
TXN0000499,2025-03-04,CUST00297,P001,C001,West,Rate Shopper,23312.25,139.87,Application Started,False,crm
TXN0000500,2025-11-05,CUST00032,P004,C001,Southwest,Mass Affluent,18254.0,146.03,Funded,False,marcus_web
TXN0000501,2025-02-23,CUST00347,P001,C005,West,Digital Native,16280.28,97.68,Funded,False,crm
TXN0000502,2025-01-11,CUST00443,P005,C005,Northeast,Mass Affluent,4254.38,174.43,Funded,False,campaign_platform
TXN0000503,2025-04-14,CUST00451,P005,C005,Southwest,Emerging Affluent,1791.84,73.47,Approved,False,loan_origination
TXN0000504,2025-04-16,CUST00301,P002,C001,West,Emerging Affluent,45822.16,183.29,Funded,False,crm
TXN0000505,2026-06-06,CUST00464,P005,C002,West,Digital Native,3153.77,129.3,Approved,False,crm
TXN0000506,2025-05-11,CUST00071,P001,C001,Northeast,Borrower,24581.09,147.49,Funded,False,loan_origination
TXN0000507,2025-05-30,CUST00160,P005,C005,Southwest,Digital Native,3778.25,154.91,Funded,False,marcus_web
TXN0000508,2025-02-28,CUST00266,P005,C002,Midwest,Digital Native,3969.24,162.74,Funded,False,marcus_web
TXN0000509,2025-07-25,CUST00217,P003,C002,West,Emerging Affluent,12340.44,394.89,Funded,True,campaign_platform
TXN0000510,2025-12-06,CUST00356,P004,C005,Northeast,Emerging Affluent,18011.07,144.09,Application Started,False,loan_origination
TXN0000511,2025-12-03,CUST00316,P003,C004,Southeast,Rate Shopper,17425.09,557.6,Approved,True,crm
TXN0000512,2025-08-24,CUST00472,P001,C002,Midwest,Emerging Affluent,23907.15,143.44,Funded,True,campaign_platform
TXN0000513,2025-07-30,CUST00377,P003,C004,Northeast,Mass Affluent,6809.67,217.91,Funded,True,loan_origination
TXN0000514,2025-05-26,CUST00016,P005,C001,Southwest,Mass Affluent,4427.99,181.55,Funded,True,loan_origination
TXN0000515,2025-07-22,CUST00023,P001,C002,Southeast,Borrower,17058.29,102.35,Funded,True,crm
TXN0000516,2025-06-30,CUST00092,P002,C001,Midwest,Emerging Affluent,33491.51,133.97,Application Started,False,marcus_web
TXN0000517,2025-04-24,CUST00426,P002,C004,West,Digital Native,23576.91,94.31,Funded,False,loan_origination
TXN0000518,2026-03-21,CUST00339,P002,C005,Southwest,Digital Native,32517.01,130.07,Application Started,True,crm
TXN0000519,2025-07-16,CUST00452,P002,C002,West,Emerging Affluent,12753.23,51.01,Funded,False,crm
TXN0000520,2026-08-25,CUST00472,P001,C005,Midwest,Emerging Affluent,16029.68,96.18,Funded,False,crm
TXN0000521,2025-10-14,CUST00168,P002,C001,Southeast,Borrower,39873.18,159.49,Abandoned,False,crm
TXN0000522,2026-09-22,CUST00373,P001,C004,West,Emerging Affluent,9182.98,55.1,Funded,False,loan_origination
TXN0000523,2025-07-03,CUST00256,P005,C004,Midwest,Borrower,2727.33,111.82,Funded,False,campaign_platform
TXN0000524,2026-02-15,CUST00243,P003,C005,Southwest,Borrower,18919.38,605.42,Funded,False,marcus_web
TXN0000525,2026-04-08,CUST00107,P002,C002,West,Rate Shopper,33192.12,132.77,Funded,False,crm
TXN0000526,2026-07-18,CUST00479,P003,C003,Midwest,Borrower,10639.4,340.46,Funded,False,loan_origination
TXN0000527,2025-08-24,CUST00228,P005,C003,Midwest,Emerging Affluent,2117.21,86.81,Funded,False,campaign_platform
TXN0000528,2026-05-25,CUST00222,P004,C003,Midwest,Digital Native,17662.81,141.3,Funded,False,crm
TXN0000529,2025-03-19,CUST00227,P002,C003,Midwest,Borrower,24518.87,98.08,Application Started,False,marcus_web
TXN0000530,2025-04-11,CUST00403,P003,C002,West,Borrower,16129.49,516.14,Funded,False,crm
TXN0000531,2025-09-14,CUST00171,P002,C003,Southeast,Emerging Affluent,21349.36,85.4,Funded,True,crm
TXN0000532,2025-01-09,CUST00438,P005,C003,Midwest,Rate Shopper,5147.44,211.05,Approved,False,loan_origination
TXN0000533,2026-08-17,CUST00401,P004,C004,West,Digital Native,22058.39,176.47,Funded,False,crm
TXN0000534,2025-08-21,CUST00444,P004,C002,Northeast,Mass Affluent,20810.44,166.48,Approved,True,crm
TXN0000535,2026-04-25,CUST00265,P005,C005,Midwest,Digital Native,2985.86,122.42,Approved,False,crm
TXN0000536,2026-03-26,CUST00220,P004,C002,Southwest,Borrower,13561.51,108.49,Funded,False,loan_origination
TXN0000537,2025-11-09,CUST00072,P005,C002,Midwest,Borrower,3346.43,137.2,Approved,False,loan_origination
TXN0000538,2026-02-18,CUST00116,P004,C004,Midwest,Borrower,21625.75,173.01,Approved,False,loan_origination
TXN0000539,2026-08-05,CUST00167,P005,C001,Southwest,Emerging Affluent,3757.62,154.06,Funded,False,loan_origination
TXN0000540,2026-08-11,CUST00291,P005,C005,Southeast,Digital Native,731.44,29.99,Application Started,False,crm
TXN0000541,2026-07-02,CUST00486,P004,C001,Southeast,Rate Shopper,15393.52,123.15,Funded,False,loan_origination
TXN0000542,2026-07-21,CUST00048,P002,C001,Northeast,Rate Shopper,34019.32,136.08,Funded,False,campaign_platform
TXN0000543,2025-03-13,CUST00014,P002,C002,Southwest,Borrower,34921.23,139.68,Funded,False,marcus_web
TXN0000544,2026-06-15,CUST00233,P001,C003,Northeast,Borrower,14710.97,88.27,Funded,False,campaign_platform
TXN0000545,2025-05-13,CUST00201,P002,C001,Northeast,Digital Native,16502.14,66.01,Funded,False,crm
TXN0000546,2026-03-19,CUST00067,P002,C003,Midwest,Rate Shopper,24552.61,98.21,Approved,False,crm
TXN0000547,2026-08-25,CUST00310,P005,C003,Midwest,Mass Affluent,3718.05,152.44,Funded,True,crm
TXN0000548,2026-09-12,CUST00229,P001,C004,West,Borrower,27573.23,165.44,Approved,False,campaign_platform
TXN0000549,2025-02-10,CUST00236,P004,C005,Midwest,Digital Native,21493.83,171.95,Application Started,False,loan_origination
TXN0000550,2026-03-02,CUST00201,P005,C002,Northeast,Digital Native,2279.97,93.48,Funded,False,campaign_platform
TXN0000551,2026-08-06,CUST00235,P004,C002,Southwest,Rate Shopper,31841.32,254.73,Funded,False,crm
TXN0000552,2025-03-10,CUST00141,P005,C003,Southwest,Mass Affluent,4179.86,171.37,Funded,False,crm
TXN0000553,2026-07-21,CUST00466,P004,C004,Northeast,Rate Shopper,27344.75,218.76,Approved,False,loan_origination
TXN0000554,2025-09-16,CUST00210,P004,C002,West,Emerging Affluent,27097.39,216.78,Funded,True,marcus_web
TXN0000555,2025-12-18,CUST00038,P004,C004,West,Emerging Affluent,21615.15,172.92,Funded,True,marcus_web
TXN0000556,2026-04-21,CUST00364,P002,C003,Southwest,Borrower,8409.09,33.64,Funded,True,crm
TXN0000557,2026-04-28,CUST00366,P004,C002,West,Borrower,28329.18,226.63,Funded,True,marcus_web
TXN0000558,2026-07-02,CUST00091,P003,C001,Midwest,Borrower,5696.44,182.29,Approved,True,marcus_web
TXN0000559,2026-03-28,CUST00347,P003,C002,West,Digital Native,12272.24,392.71,Funded,False,crm
TXN0000560,2025-04-16,CUST00227,P001,C005,Midwest,Borrower,21425.93,128.56,Funded,False,marcus_web
TXN0000561,2026-01-22,CUST00307,P001,C001,Southeast,Digital Native,19554.42,117.33,Funded,True,marcus_web
TXN0000562,2025-01-15,CUST00009,P004,C001,West,Emerging Affluent,4400.45,35.2,Funded,True,marcus_web
TXN0000563,2025-06-21,CUST00113,P001,C002,Midwest,Digital Native,25265.01,151.59,Approved,False,crm
TXN0000564,2026-02-09,CUST00320,P002,C005,Northeast,Borrower,30092.83,120.37,Abandoned,True,crm
TXN0000565,2025-06-27,CUST00055,P003,C003,Southwest,Rate Shopper,21861.04,699.55,Funded,True,crm
TXN0000566,2026-01-13,CUST00034,P003,C005,Southeast,Digital Native,15195.57,486.26,Funded,False,campaign_platform
TXN0000567,2025-04-15,CUST00155,P005,C004,Midwest,Mass Affluent,2737.56,112.24,Abandoned,False,loan_origination
TXN0000568,2025-11-29,CUST00492,P001,C005,Southeast,Digital Native,7155.85,42.94,Abandoned,False,crm
TXN0000569,2026-05-09,CUST00171,P002,C003,Southeast,Emerging Affluent,28625.28,114.5,Application Started,False,crm
TXN0000570,2025-08-27,CUST00258,P005,C001,West,Rate Shopper,3286.99,134.77,Funded,False,marcus_web
TXN0000571,2025-09-07,CUST00159,P002,C004,West,Rate Shopper,24574.92,98.3,Funded,False,crm
TXN0000572,2025-09-01,CUST00193,P002,C001,West,Rate Shopper,24729.4,98.92,Abandoned,False,campaign_platform
TXN0000573,2025-10-12,CUST00379,P003,C002,West,Emerging Affluent,10825.31,346.41,Funded,False,campaign_platform
TXN0000574,2025-08-23,CUST00332,P003,C001,Southwest,Mass Affluent,22633.26,724.26,Application Started,False,crm
TXN0000575,2025-09-12,CUST00106,P005,C001,Midwest,Digital Native,3749.28,153.72,Funded,False,loan_origination
TXN0000576,2025-03-08,CUST00094,P004,C001,Southwest,Digital Native,10728.6,85.83,Application Started,True,crm
TXN0000577,2025-05-09,CUST00027,P002,C002,Northeast,Mass Affluent,37617.45,150.47,Application Started,False,crm
TXN0000578,2026-04-24,CUST00260,P001,C004,Midwest,Emerging Affluent,22602.57,135.62,Funded,False,crm
TXN0000579,2025-09-12,CUST00218,P002,C005,West,Borrower,22943.6,91.77,Abandoned,True,campaign_platform
TXN0000580,2026-01-22,CUST00041,P003,C004,West,Mass Affluent,20785.18,665.13,Funded,False,campaign_platform
TXN0000581,2025-01-21,CUST00390,P002,C004,Southeast,Mass Affluent,27747.28,110.99,Funded,False,loan_origination
TXN0000582,2026-07-21,CUST00305,P005,C002,Midwest,Borrower,2020.61,82.85,Approved,True,campaign_platform
TXN0000583,2026-01-20,CUST00157,P004,C003,West,Borrower,13846.81,110.77,Funded,False,crm
TXN0000584,2025-01-14,CUST00080,P002,C001,Midwest,Digital Native,22881.64,91.53,Application Started,False,loan_origination
TXN0000585,2026-02-09,CUST00252,P004,C004,Southwest,Borrower,29314.35,234.51,Funded,False,marcus_web
TXN0000586,2026-01-30,CUST00210,P001,C001,West,Emerging Affluent,16877.59,101.27,Abandoned,True,campaign_platform
TXN0000587,2026-06-06,CUST00491,P003,C003,Southwest,Digital Native,12669.98,405.44,Funded,True,campaign_platform
TXN0000588,2025-09-06,CUST00475,P004,C002,Southeast,Emerging Affluent,11426.65,91.41,Funded,False,loan_origination
TXN0000589,2025-09-25,CUST00324,P001,C002,Midwest,Rate Shopper,6063.48,36.38,Funded,True,crm
TXN0000590,2026-01-29,CUST00007,P001,C001,Northeast,Mass Affluent,8688.64,52.13,Funded,False,marcus_web
TXN0000591,2025-06-19,CUST00266,P002,C004,Midwest,Digital Native,30466.24,121.86,Funded,False,campaign_platform
TXN0000592,2025-04-02,CUST00301,P003,C004,West,Emerging Affluent,11101.29,355.24,Funded,False,loan_origination
TXN0000593,2025-08-03,CUST00417,P002,C003,Southwest,Digital Native,35614.5,142.46,Funded,False,campaign_platform
TXN0000594,2026-03-04,CUST00001,P001,C001,Northeast,Mass Affluent,15298.29,91.79,Funded,False,campaign_platform
TXN0000595,2025-07-10,CUST00088,P002,C003,Southwest,Digital Native,25212.44,100.85,Funded,False,campaign_platform
TXN0000596,2025-07-25,CUST00291,P002,C002,Southeast,Digital Native,20981.88,83.93,Funded,True,crm
TXN0000597,2025-04-22,CUST00133,P004,C004,Midwest,Emerging Affluent,25142.28,201.14,Funded,False,loan_origination
TXN0000598,2026-08-23,CUST00033,P003,C001,West,Borrower,12248.56,391.95,Funded,False,marcus_web
TXN0000599,2025-01-08,CUST00005,P001,C003,Northeast,Rate Shopper,12360.43,74.16,Funded,True,marcus_web
TXN0000600,2025-09-30,CUST00193,P005,C005,West,Rate Shopper,1496.85,61.37,Abandoned,False,loan_origination
TXN0000601,2026-01-15,CUST00310,P004,C003,Midwest,Mass Affluent,19069.37,152.55,Funded,True,loan_origination
TXN0000602,2026-09-18,CUST00341,P004,C004,Southwest,Rate Shopper,15578.36,124.63,Funded,False,loan_origination
TXN0000603,2026-04-13,CUST00413,P001,C001,Midwest,Digital Native,22387.76,134.33,Application Started,False,marcus_web
TXN0000604,2025-10-14,CUST00309,P001,C005,Midwest,Digital Native,13359.25,80.16,Abandoned,False,crm
TXN0000605,2026-05-02,CUST00189,P004,C005,Midwest,Rate Shopper,10735.71,85.89,Funded,False,loan_origination
TXN0000606,2025-11-30,CUST00009,P003,C001,West,Emerging Affluent,13802.25,441.67,Funded,True,campaign_platform
TXN0000607,2025-12-23,CUST00205,P005,C001,Midwest,Borrower,868.15,35.59,Abandoned,False,marcus_web
TXN0000608,2026-09-14,CUST00376,P004,C003,West,Mass Affluent,29801.79,238.41,Funded,True,marcus_web
TXN0000609,2025-11-05,CUST00066,P004,C001,Northeast,Digital Native,34747.82,277.98,Abandoned,False,campaign_platform
TXN0000610,2026-07-08,CUST00489,P001,C004,Southeast,Borrower,250,1.5,Funded,True,marcus_web
TXN0000611,2025-06-14,CUST00055,P004,C001,Southwest,Rate Shopper,28176.29,225.41,Funded,False,loan_origination
TXN0000612,2025-05-20,CUST00341,P004,C001,Southwest,Rate Shopper,19046.29,152.37,Abandoned,False,campaign_platform
TXN0000613,2026-08-13,CUST00047,P003,C002,West,Digital Native,15204.64,486.55,Funded,False,campaign_platform
TXN0000614,2025-08-27,CUST00335,P005,C004,Southwest,Digital Native,1690.41,69.31,Funded,True,marcus_web
TXN0000615,2026-08-30,CUST00058,P001,C003,Southwest,Borrower,27609.67,165.66,Funded,False,loan_origination
TXN0000616,2025-01-02,CUST00489,P004,C005,Southeast,Borrower,17109.96,136.88,Funded,False,crm
TXN0000617,2025-11-24,CUST00434,P004,C004,Southeast,Emerging Affluent,23834.63,190.68,Abandoned,True,crm
TXN0000618,2026-07-06,CUST00055,P004,C001,Southwest,Rate Shopper,8361.13,66.89,Application Started,False,loan_origination
TXN0000619,2026-04-12,CUST00429,P002,C004,Southwest,Mass Affluent,31634.94,126.54,Approved,False,marcus_web
TXN0000620,2026-05-30,CUST00307,P003,C003,Southeast,Digital Native,17811.98,569.98,Abandoned,True,campaign_platform
TXN0000621,2025-10-26,CUST00324,P002,C004,Midwest,Rate Shopper,24388.79,97.56,Abandoned,False,crm
TXN0000622,2025-07-03,CUST00435,P002,C001,West,Borrower,18190.03,72.76,Application Started,False,loan_origination
TXN0000623,2026-07-16,CUST00418,P002,C001,Midwest,Mass Affluent,19280.78,77.12,Funded,False,campaign_platform
TXN0000624,2025-10-17,CUST00201,P001,C005,Northeast,Digital Native,22134.24,132.81,Funded,False,campaign_platform
TXN0000625,2026-08-18,CUST00050,P002,C003,Midwest,Borrower,29097.45,116.39,Abandoned,False,crm
TXN0000626,2026-05-10,CUST00296,P002,C004,Southeast,Digital Native,24646.53,98.59,Funded,True,crm
TXN0000627,2026-01-06,CUST00412,P002,C001,Northeast,Emerging Affluent,25137.86,100.55,Funded,False,crm
TXN0000628,2025-02-27,CUST00193,P004,C002,West,Rate Shopper,12032.39,96.26,Funded,False,crm
TXN0000629,2026-06-12,CUST00484,P001,C001,West,Mass Affluent,13036.3,78.22,Abandoned,False,campaign_platform
TXN0000630,2025-09-04,CUST00126,P001,C001,Northeast,Mass Affluent,11159.22,66.96,Funded,False,crm
TXN0000631,2026-04-20,CUST00335,P004,C001,Southwest,Digital Native,29376.17,235.01,Funded,False,loan_origination
TXN0000632,2025-03-26,CUST00006,P001,C001,West,Mass Affluent,11145.54,66.87,Funded,False,crm
TXN0000633,2026-08-10,CUST00012,P005,C005,Southeast,Emerging Affluent,1491.31,61.14,Funded,False,campaign_platform
TXN0000634,2026-08-09,CUST00248,P004,C003,Southeast,Borrower,23521.65,188.17,Funded,False,crm
TXN0000635,2026-07-24,CUST00208,P001,C004,Southwest,Borrower,22532.82,135.2,Funded,True,marcus_web
TXN0000636,2025-07-05,CUST00386,P002,C001,Southeast,Rate Shopper,11932.0,47.73,Application Started,False,marcus_web
TXN0000637,2025-05-06,CUST00285,P004,C003,Southwest,Digital Native,31770.95,254.17,Funded,True,loan_origination
TXN0000638,2025-05-08,CUST00436,P001,C001,West,Borrower,20006.8,120.04,Funded,False,crm
TXN0000639,2025-11-04,CUST00217,P001,C002,West,Emerging Affluent,32576.05,195.46,Application Started,False,campaign_platform
TXN0000640,2025-11-17,CUST00072,P005,C004,Midwest,Borrower,3973.48,162.91,Funded,False,loan_origination
TXN0000641,2025-08-03,CUST00311,P005,C005,West,Rate Shopper,2572.3,105.46,Funded,True,crm
TXN0000642,2026-09-09,CUST00154,P002,C002,Southwest,Digital Native,14115.46,56.46,Funded,False,loan_origination
TXN0000643,2025-03-18,CUST00066,P005,C004,Northeast,Digital Native,2371.89,97.25,Funded,True,campaign_platform
TXN0000644,2025-05-27,CUST00043,P003,C004,Southeast,Emerging Affluent,13284.72,425.11,Funded,True,loan_origination
TXN0000645,2026-08-01,CUST00325,P002,C003,Northeast,Borrower,17367.12,69.47,Funded,False,crm
TXN0000646,2025-01-27,CUST00162,P004,C004,Southwest,Rate Shopper,10080.73,80.65,Abandoned,True,loan_origination
TXN0000647,2026-07-16,CUST00064,P005,C001,Northeast,Rate Shopper,2365.72,96.99,Funded,False,loan_origination
TXN0000648,2025-01-11,CUST00075,P002,C003,Northeast,Digital Native,31669.57,126.68,Funded,False,crm
TXN0000649,2025-06-29,CUST00194,P001,C001,Northeast,Emerging Affluent,5317.06,31.9,Funded,False,marcus_web
TXN0000650,2025-10-16,CUST00271,P003,C005,Northeast,Emerging Affluent,12784.56,409.11,Funded,False,marcus_web
TXN0000651,2025-07-05,CUST00088,P003,C004,Southwest,Digital Native,9801.65,313.65,Abandoned,False,campaign_platform
TXN0000652,2025-09-23,CUST00245,P005,C002,West,Emerging Affluent,4722.16,193.61,Funded,False,crm
TXN0000653,2026-01-23,CUST00337,P002,C002,Southeast,Rate Shopper,20207.3,80.83,Application Started,False,loan_origination
TXN0000654,2026-03-05,CUST00363,P002,C005,Midwest,Rate Shopper,23929.85,95.72,Approved,True,loan_origination
TXN0000655,2025-10-21,CUST00409,P004,C005,Northeast,Borrower,20685.74,165.49,Abandoned,False,crm
TXN0000656,2026-02-21,CUST00157,P001,C003,West,Borrower,24569.18,147.42,Approved,False,marcus_web
TXN0000657,2025-06-19,CUST00040,P002,C001,Southeast,Rate Shopper,23463.63,93.85,Funded,False,marcus_web
TXN0000658,2025-05-20,CUST00493,P004,C005,Southeast,Borrower,20524.58,164.2,Funded,False,marcus_web
TXN0000659,2025-07-14,CUST00208,P001,C005,Southwest,Borrower,26836.24,161.02,Approved,False,loan_origination
TXN0000660,2025-02-13,CUST00126,P005,C005,Northeast,Mass Affluent,2215.31,90.83,Funded,False,crm
TXN0000661,2025-05-17,CUST00090,P001,C003,Midwest,Mass Affluent,2506.07,15.04,Funded,False,loan_origination
TXN0000662,2025-09-13,CUST00497,P001,C003,Southwest,Borrower,16664.51,99.99,Application Started,False,marcus_web
TXN0000663,2025-10-28,CUST00149,P003,C004,Southwest,Digital Native,14468.58,462.99,Funded,False,loan_origination
TXN0000664,2026-04-20,CUST00476,P005,C001,Southwest,Borrower,3274.59,134.26,Application Started,False,marcus_web
TXN0000665,2026-04-17,CUST00183,P001,C005,Southwest,Emerging Affluent,15210.35,91.26,Funded,False,crm
TXN0000666,2025-04-14,CUST00206,P003,C001,West,Borrower,18677.27,597.67,Funded,True,crm
TXN0000667,2025-01-08,CUST00211,P001,C004,West,Mass Affluent,23147.48,138.88,Funded,False,loan_origination
TXN0000668,2026-07-04,CUST00187,P004,C002,Northeast,Emerging Affluent,31336.79,250.69,Approved,True,campaign_platform
TXN0000669,2025-05-24,CUST00337,P004,C002,Southeast,Rate Shopper,17016.73,136.13,Funded,False,crm
TXN0000670,2025-02-11,CUST00057,P002,C003,Southeast,Mass Affluent,35014.93,140.06,Funded,False,loan_origination
TXN0000671,2025-07-23,CUST00462,P001,C002,West,Rate Shopper,33133.6,198.8,Abandoned,True,campaign_platform
TXN0000672,2025-11-29,CUST00282,P004,C002,Midwest,Rate Shopper,15780.7,126.25,Approved,False,campaign_platform
TXN0000673,2025-04-23,CUST00257,P004,C002,Southeast,Rate Shopper,35180.17,281.44,Funded,False,marcus_web
TXN0000674,2025-12-17,CUST00393,P002,C001,West,Rate Shopper,22594.34,90.38,Funded,False,marcus_web
TXN0000675,2025-10-16,CUST00223,P004,C003,West,Emerging Affluent,9025.02,72.2,Funded,True,crm
TXN0000676,2025-09-27,CUST00128,P003,C001,Midwest,Mass Affluent,15258.02,488.26,Abandoned,True,campaign_platform
TXN0000677,2026-05-30,CUST00102,P004,C001,Northeast,Emerging Affluent,18185.48,145.48,Application Started,False,crm
TXN0000678,2026-02-15,CUST00118,P001,C002,Northeast,Rate Shopper,15381.55,92.29,Funded,False,crm
TXN0000679,2025-07-24,CUST00219,P001,C005,Midwest,Emerging Affluent,19713.9,118.28,Funded,False,crm
TXN0000680,2026-05-06,CUST00114,P003,C004,Southeast,Emerging Affluent,15387.61,492.4,Funded,False,marcus_web
TXN0000681,2026-01-08,CUST00156,P001,C003,Southwest,Digital Native,16882.15,101.29,Funded,False,marcus_web
TXN0000682,2025-02-23,CUST00094,P001,C001,Southwest,Digital Native,23750.75,142.5,Funded,False,loan_origination
TXN0000683,2025-04-14,CUST00242,P003,C005,Midwest,Mass Affluent,10989.26,351.66,Funded,False,marcus_web
TXN0000684,2025-05-14,CUST00050,P001,C005,Midwest,Borrower,20020.52,120.12,Funded,False,loan_origination
TXN0000685,2026-09-12,CUST00381,P005,C005,Southeast,Borrower,2076.89,85.15,Funded,False,marcus_web
TXN0000686,2025-02-12,CUST00067,P005,C001,Midwest,Rate Shopper,4372.26,179.26,Funded,False,crm
TXN0000687,2025-03-18,CUST00099,P004,C001,West,Rate Shopper,31990.23,255.92,Funded,False,crm
TXN0000688,2025-05-11,CUST00274,P002,C001,West,Borrower,22306.91,89.23,Funded,False,loan_origination
TXN0000689,2026-01-10,CUST00457,P005,C003,Northeast,Digital Native,1512.08,62.0,Application Started,True,campaign_platform
TXN0000690,2025-06-20,CUST00269,P005,C001,Midwest,Emerging Affluent,3766.29,154.42,Funded,False,crm
TXN0000691,2025-03-04,CUST00149,P001,C005,Southwest,Digital Native,20668.5,124.01,Approved,False,marcus_web
TXN0000692,2026-01-29,CUST00085,P004,C005,Southeast,Mass Affluent,10611.18,84.89,Funded,False,loan_origination
TXN0000693,2025-06-13,CUST00106,P002,C001,Midwest,Digital Native,15613.86,62.46,Funded,False,campaign_platform
TXN0000694,2025-11-07,CUST00258,P005,C003,West,Rate Shopper,2545.22,104.35,Application Started,False,loan_origination
TXN0000695,2025-08-18,CUST00283,P001,C002,West,Rate Shopper,22457.89,134.75,Funded,True,loan_origination
TXN0000696,2025-02-22,CUST00475,P002,C003,Southeast,Emerging Affluent,28970.64,115.88,Funded,True,crm
TXN0000697,2025-12-22,CUST00274,P001,C001,West,Borrower,6663.56,39.98,Funded,False,loan_origination
TXN0000698,2026-09-19,CUST00370,P002,C004,Southwest,Rate Shopper,8268.93,33.08,Funded,False,marcus_web
TXN0000699,2025-10-14,CUST00422,P003,C002,West,Digital Native,20517.22,656.55,Funded,False,marcus_web
TXN0000700,2026-09-11,CUST00370,P004,C003,Southwest,Rate Shopper,40411.33,323.29,Funded,False,crm
TXN0000701,2026-08-19,CUST00167,P003,C002,Southwest,Emerging Affluent,7623.96,243.97,Funded,False,campaign_platform
TXN0000702,2025-04-06,CUST00189,P002,C004,Midwest,Rate Shopper,13399.67,53.6,Funded,False,crm
TXN0000703,2025-07-04,CUST00097,P005,C004,Northeast,Emerging Affluent,3061.37,125.52,Funded,True,campaign_platform
TXN0000704,2025-03-13,CUST00352,P005,C002,Midwest,Mass Affluent,3015.21,123.62,Funded,False,campaign_platform
TXN0000705,2026-06-24,CUST00466,P004,C001,Northeast,Rate Shopper,30344.92,242.76,Funded,True,campaign_platform
TXN0000706,2025-02-14,CUST00011,P001,C001,Southeast,Borrower,25972.97,155.84,Funded,False,loan_origination
TXN0000707,2025-01-10,CUST00074,P005,C001,Midwest,Borrower,3712.37,152.21,Approved,False,marcus_web
TXN0000708,2026-07-31,CUST00104,P002,C004,Southwest,Emerging Affluent,25820.75,103.28,Application Started,False,loan_origination
TXN0000709,2025-09-07,CUST00170,P004,C002,Northeast,Borrower,33097.03,264.78,Funded,True,marcus_web
TXN0000710,2025-04-16,CUST00053,P005,C003,West,Rate Shopper,3791.17,155.44,Funded,False,crm
TXN0000711,2025-08-21,CUST00001,P002,C001,Northeast,Mass Affluent,22213.23,88.85,Funded,True,campaign_platform
TXN0000712,2025-06-23,CUST00352,P001,C004,Midwest,Mass Affluent,19572.42,117.43,Abandoned,True,loan_origination
TXN0000713,2025-12-08,CUST00183,P001,C005,Southwest,Emerging Affluent,28508.8,171.05,Application Started,False,crm
TXN0000714,2025-12-09,CUST00092,P004,C005,Midwest,Emerging Affluent,33813.37,270.51,Funded,False,crm
TXN0000715,2025-10-21,CUST00458,P003,C005,Southeast,Rate Shopper,13122.15,419.91,Application Started,False,loan_origination
TXN0000716,2025-06-02,CUST00416,P001,C001,West,Digital Native,20405.13,122.43,Approved,True,crm
TXN0000717,2025-03-10,CUST00200,P004,C004,Southeast,Digital Native,28161.44,225.29,Approved,True,loan_origination
TXN0000718,2025-12-28,CUST00066,P002,C004,Northeast,Digital Native,33513.12,134.05,Funded,False,campaign_platform
TXN0000719,2025-09-09,CUST00309,P003,C002,Midwest,Digital Native,9742.26,311.75,Funded,False,crm
TXN0000720,2026-03-08,CUST00197,P001,C005,Northeast,Emerging Affluent,23327.89,139.97,Funded,False,crm
TXN0000721,2026-01-06,CUST00360,P001,C002,Southeast,Mass Affluent,38117.99,228.71,Funded,False,crm
TXN0000722,2025-12-24,CUST00472,P001,C001,Midwest,Emerging Affluent,18362.33,110.17,Funded,False,crm
TXN0000723,2026-07-19,CUST00151,P004,C002,Midwest,Emerging Affluent,38748.43,309.99,Funded,False,marcus_web
TXN0000724,2025-05-27,CUST00383,P002,C001,West,Mass Affluent,23321.98,93.29,Funded,True,campaign_platform
TXN0000725,2026-08-19,CUST00191,P001,C001,West,Digital Native,28741.64,172.45,Application Started,True,loan_origination
TXN0000726,2025-03-20,CUST00073,P001,C002,Southwest,Mass Affluent,23369.0,140.21,Funded,False,campaign_platform
TXN0000727,2025-05-24,CUST00077,P002,C004,West,Digital Native,26825.95,107.3,Funded,False,loan_origination
TXN0000728,2025-04-24,CUST00228,P001,C003,Midwest,Emerging Affluent,8244.04,49.46,Funded,False,marcus_web
TXN0000729,2025-06-14,CUST00310,P002,C005,Midwest,Mass Affluent,44827.84,179.31,Funded,False,loan_origination
TXN0000730,2025-11-10,CUST00471,P005,C005,Southeast,Emerging Affluent,3344.5,137.12,Approved,False,crm
TXN0000731,2026-01-22,CUST00140,P001,C005,Midwest,Digital Native,21226.3,127.36,Funded,False,crm
TXN0000732,2026-09-12,CUST00201,P002,C005,Northeast,Digital Native,26324.46,105.3,Application Started,False,campaign_platform
TXN0000733,2026-01-25,CUST00245,P003,C004,West,Emerging Affluent,19167.78,613.37,Funded,True,marcus_web
TXN0000734,2026-09-10,CUST00054,P001,C003,Midwest,Emerging Affluent,27773.31,166.64,Approved,False,crm
TXN0000735,2025-04-20,CUST00145,P002,C005,Northeast,Emerging Affluent,38684.22,154.74,Approved,False,crm
TXN0000736,2025-10-03,CUST00327,P001,C002,Southwest,Mass Affluent,21389.37,128.34,Funded,False,marcus_web
TXN0000737,2025-02-19,CUST00289,P004,C001,Midwest,Rate Shopper,14713.47,117.71,Funded,False,loan_origination
TXN0000738,2025-07-19,CUST00491,P004,C005,Southwest,Digital Native,38960.75,311.69,Funded,False,loan_origination
TXN0000739,2025-12-06,CUST00499,P002,C001,West,Mass Affluent,14020.26,56.08,Funded,False,crm
TXN0000740,2026-05-04,CUST00013,P005,C004,Southeast,Borrower,4213.46,172.75,Funded,False,loan_origination
TXN0000741,2025-03-22,CUST00083,P002,C004,Midwest,Mass Affluent,30140.71,120.56,Approved,False,crm
TXN0000742,2026-06-13,CUST00394,P002,C005,Northeast,Rate Shopper,24238.23,96.95,Abandoned,False,loan_origination
TXN0000743,2025-10-25,CUST00230,P002,C003,Northeast,Digital Native,15113.61,60.45,Funded,False,campaign_platform
TXN0000744,2026-09-14,CUST00123,P002,C005,Northeast,Rate Shopper,41310.17,165.24,Funded,True,campaign_platform
TXN0000745,2025-11-13,CUST00050,P001,C002,Midwest,Borrower,2121.21,12.73,Approved,True,marcus_web
TXN0000746,2025-10-30,CUST00233,P003,C002,Northeast,Borrower,10596.89,339.1,Funded,False,loan_origination
TXN0000747,2025-07-03,CUST00181,P001,C001,Southeast,Rate Shopper,16286.71,97.72,Abandoned,False,campaign_platform
TXN0000748,2026-08-06,CUST00333,P002,C001,Southeast,Emerging Affluent,16816.94,67.27,Funded,False,loan_origination
TXN0000749,2025-05-13,CUST00206,P004,C005,West,Borrower,13400.73,107.21,Funded,False,marcus_web
TXN0000750,2026-04-06,CUST00350,P004,C005,Southeast,Rate Shopper,25353.07,202.82,Funded,False,marcus_web
TXN0000751,2026-07-29,CUST00318,P001,C002,Midwest,Mass Affluent,30322.76,181.94,Funded,True,campaign_platform
TXN0000752,2026-02-02,CUST00438,P001,C002,Midwest,Rate Shopper,18615.5,111.69,Application Started,False,loan_origination
TXN0000753,2026-04-22,CUST00239,P004,C005,Northeast,Emerging Affluent,25757.98,206.06,Funded,False,campaign_platform
TXN0000754,2026-02-16,CUST00394,P004,C002,Northeast,Rate Shopper,25073.99,200.59,Funded,False,campaign_platform
TXN0000755,2025-10-13,CUST00109,P004,C001,Northeast,Borrower,12726.64,101.81,Abandoned,True,crm
TXN0000756,2026-09-08,CUST00164,P005,C001,Northeast,Emerging Affluent,3595.75,147.43,Approved,True,loan_origination
TXN0000757,2025-08-07,CUST00405,P004,C004,Midwest,Rate Shopper,36610.42,292.88,Abandoned,False,loan_origination
TXN0000758,2025-05-26,CUST00130,P002,C001,Northeast,Emerging Affluent,33338.39,133.35,Funded,False,loan_origination
TXN0000759,2026-06-22,CUST00448,P004,C004,Southeast,Rate Shopper,25641.09,205.13,Funded,True,campaign_platform
TXN0000760,2025-07-23,CUST00176,P003,C002,Southeast,Rate Shopper,24959.45,798.7,Funded,False,campaign_platform
TXN0000761,2025-12-30,CUST00275,P002,C004,Southwest,Borrower,37476.81,149.91,Application Started,False,crm
TXN0000762,2025-05-29,CUST00040,P005,C005,Southeast,Rate Shopper,2440.14,100.05,Funded,False,loan_origination
TXN0000763,2025-06-01,CUST00008,P002,C004,Southwest,Digital Native,18757.46,75.03,Approved,False,loan_origination
TXN0000764,2025-05-09,CUST00267,P001,C004,West,Borrower,18019.14,108.11,Funded,False,marcus_web
TXN0000765,2026-03-07,CUST00019,P002,C002,Southeast,Emerging Affluent,21615.72,86.46,Funded,True,crm
TXN0000766,2025-01-15,CUST00488,P002,C005,Northeast,Digital Native,11607.19,46.43,Funded,False,loan_origination
TXN0000767,2025-05-08,CUST00460,P003,C005,West,Borrower,12200.99,390.43,Funded,False,loan_origination
TXN0000768,2026-06-20,CUST00425,P005,C004,West,Borrower,1660.98,68.1,Abandoned,False,crm
TXN0000769,2025-07-01,CUST00235,P004,C003,Southwest,Rate Shopper,17661.65,141.29,Funded,False,campaign_platform
TXN0000770,2025-04-12,CUST00325,P003,C005,Northeast,Borrower,13515.93,432.51,Abandoned,False,marcus_web
TXN0000771,2026-02-26,CUST00046,P001,C005,Northeast,Digital Native,26341.42,158.05,Funded,False,campaign_platform
TXN0000772,2025-10-24,CUST00258,P005,C001,West,Rate Shopper,4330.63,177.56,Application Started,True,campaign_platform
TXN0000773,2025-07-20,CUST00283,P004,C001,West,Rate Shopper,33698.68,269.59,Funded,False,campaign_platform
TXN0000774,2026-01-19,CUST00212,P004,C001,Southeast,Mass Affluent,7178.05,57.42,Approved,False,loan_origination
TXN0000775,2026-03-01,CUST00451,P003,C003,Southwest,Emerging Affluent,14285.29,457.13,Application Started,True,marcus_web
TXN0000776,2026-09-07,CUST00079,P003,C005,Southeast,Rate Shopper,14089.5,450.86,Funded,True,campaign_platform
TXN0000777,2025-07-17,CUST00124,P005,C004,West,Rate Shopper,2366.01,97.01,Funded,False,campaign_platform
TXN0000778,2026-02-17,CUST00066,P004,C002,Northeast,Digital Native,16863.33,134.91,Application Started,False,campaign_platform
TXN0000779,2026-06-01,CUST00119,P001,C002,West,Digital Native,24081.32,144.49,Funded,False,loan_origination
TXN0000780,2025-11-27,CUST00429,P005,C002,Southwest,Mass Affluent,4194.64,171.98,Funded,True,campaign_platform
TXN0000781,2025-01-29,CUST00006,P005,C002,West,Mass Affluent,2165.9,88.8,Abandoned,False,marcus_web
TXN0000782,2026-01-02,CUST00381,P002,C004,Southeast,Borrower,19000.36,76.0,Funded,False,crm
TXN0000783,2025-09-09,CUST00153,P002,C005,Northeast,Rate Shopper,24457.87,97.83,Funded,True,marcus_web
TXN0000784,2025-01-24,CUST00141,P001,C002,Southwest,Mass Affluent,6697.21,40.18,Funded,False,marcus_web
TXN0000785,2025-05-06,CUST00057,P004,C005,Southeast,Mass Affluent,26906.67,215.25,Application Started,True,campaign_platform
TXN0000786,2026-02-05,CUST00433,P003,C002,West,Borrower,17076.78,546.46,Funded,False,campaign_platform
TXN0000787,2025-08-04,CUST00038,P004,C001,West,Emerging Affluent,19134.77,153.08,Funded,False,crm
TXN0000788,2025-07-02,CUST00093,P003,C001,Southwest,Digital Native,9954.1,318.53,Funded,False,marcus_web
TXN0000789,2026-05-11,CUST00061,P003,C003,Southeast,Mass Affluent,21366.6,683.73,Funded,False,loan_origination
TXN0000790,2026-09-13,CUST00475,P001,C002,Southeast,Emerging Affluent,17727.62,106.37,Funded,True,crm
TXN0000791,2025-08-11,CUST00111,P003,C001,West,Mass Affluent,17224.39,551.18,Funded,False,crm
TXN0000792,2025-07-24,CUST00138,P003,C004,Midwest,Rate Shopper,15010.8,480.35,Abandoned,False,loan_origination
TXN0000793,2026-06-09,CUST00240,P004,C004,Southeast,Rate Shopper,38427.99,307.42,Funded,True,loan_origination
TXN0000794,2026-08-21,CUST00493,P004,C001,Southeast,Borrower,16241.99,129.94,Approved,False,crm
TXN0000795,2026-03-20,CUST00407,P002,C004,Southwest,Mass Affluent,34353.58,137.41,Approved,False,marcus_web
TXN0000796,2025-07-24,CUST00311,P004,C004,West,Rate Shopper,16572.42,132.58,Funded,False,marcus_web
TXN0000797,2026-06-08,CUST00231,P002,C001,West,Digital Native,26813.2,107.25,Funded,False,loan_origination
TXN0000798,2025-07-04,CUST00204,P001,C001,West,Mass Affluent,24468.55,146.81,Approved,False,crm
TXN0000799,2025-08-09,CUST00184,P002,C001,Northeast,Rate Shopper,21969.69,87.88,Approved,True,loan_origination
TXN0000800,2025-08-07,CUST00353,P001,C003,Midwest,Borrower,12932.65,77.6,Funded,False,crm
TXN0000801,2025-10-18,CUST00288,P001,C004,Northeast,Borrower,11812.7,70.88,Funded,True,marcus_web
TXN0000802,2025-11-22,CUST00294,P004,C004,Midwest,Rate Shopper,16373.8,130.99,Approved,True,marcus_web
TXN0000803,2025-02-17,CUST00411,P004,C004,Northeast,Digital Native,30037.69,240.3,Funded,True,loan_origination
TXN0000804,2026-08-14,CUST00303,P004,C002,Midwest,Rate Shopper,21507.48,172.06,Funded,True,marcus_web
TXN0000805,2025-05-15,CUST00467,P004,C003,Midwest,Emerging Affluent,26257.33,210.06,Application Started,False,marcus_web
TXN0000806,2026-04-27,CUST00173,P001,C001,Southeast,Digital Native,12634.47,75.81,Funded,False,loan_origination
TXN0000807,2026-02-14,CUST00141,P003,C003,Southwest,Mass Affluent,22183.16,709.86,Funded,True,loan_origination
TXN0000808,2025-05-05,CUST00357,P004,C004,Southwest,Mass Affluent,28386.42,227.09,Application Started,False,marcus_web
TXN0000809,2025-01-11,CUST00015,P002,C001,West,Mass Affluent,46311.92,185.25,Application Started,False,crm
TXN0000810,2026-01-13,CUST00088,P001,C002,Southwest,Digital Native,33313.16,199.88,Approved,False,marcus_web
TXN0000811,2025-02-14,CUST00479,P001,C003,Midwest,Borrower,29721.97,178.33,Funded,False,campaign_platform
TXN0000812,2026-08-21,CUST00139,P002,C002,Southeast,Rate Shopper,41696.05,166.78,Funded,True,crm
TXN0000813,2026-04-03,CUST00386,P005,C004,Southeast,Rate Shopper,2531.46,103.79,Funded,False,campaign_platform
TXN0000814,2026-05-10,CUST00500,P003,C003,West,Emerging Affluent,9131.53,292.21,Funded,True,loan_origination
TXN0000815,2026-07-26,CUST00365,P001,C003,Northeast,Mass Affluent,20403.17,122.42,Funded,False,marcus_web
TXN0000816,2025-08-06,CUST00039,P004,C001,Northeast,Rate Shopper,17071.83,136.57,Funded,True,campaign_platform
TXN0000817,2025-12-15,CUST00097,P004,C001,Northeast,Emerging Affluent,24642.66,197.14,Funded,False,loan_origination
TXN0000818,2026-06-01,CUST00363,P004,C002,Midwest,Rate Shopper,31944.52,255.56,Funded,True,loan_origination
TXN0000819,2026-06-10,CUST00198,P004,C005,Southeast,Borrower,24264.9,194.12,Funded,False,loan_origination
TXN0000820,2025-05-31,CUST00488,P005,C001,Northeast,Digital Native,4283.46,175.62,Funded,True,marcus_web
TXN0000821,2025-07-11,CUST00124,P001,C004,West,Rate Shopper,17247.03,103.48,Funded,False,marcus_web
TXN0000822,2025-12-29,CUST00475,P005,C001,Southeast,Emerging Affluent,4466.72,183.14,Funded,True,campaign_platform
TXN0000823,2026-03-28,CUST00261,P003,C001,Midwest,Emerging Affluent,14174.28,453.58,Funded,False,campaign_platform
TXN0000824,2026-02-17,CUST00100,P003,C002,Southwest,Mass Affluent,16779.5,536.94,Funded,True,campaign_platform
TXN0000825,2025-02-21,CUST00266,P004,C001,Midwest,Digital Native,10203.29,81.63,Funded,True,marcus_web
TXN0000826,2025-03-09,CUST00295,P003,C002,Northeast,Rate Shopper,4299.58,137.59,Funded,True,campaign_platform
TXN0000827,2025-08-14,CUST00201,P004,C001,Northeast,Digital Native,20402.62,163.22,Funded,True,crm
TXN0000828,2025-10-22,CUST00178,P003,C005,Midwest,Mass Affluent,4112.19,131.59,Approved,True,campaign_platform
TXN0000829,2025-06-24,CUST00379,P003,C002,West,Emerging Affluent,13734.0,439.49,Funded,False,crm
TXN0000830,2026-03-15,CUST00493,P001,C004,Southeast,Borrower,20193.15,121.16,Funded,True,loan_origination
TXN0000831,2025-01-10,CUST00452,P001,C002,West,Emerging Affluent,4172.77,25.04,Funded,False,crm
TXN0000832,2025-01-18,CUST00242,P001,C001,Midwest,Mass Affluent,8728.84,52.37,Funded,False,crm
TXN0000833,2025-05-31,CUST00269,P005,C002,Midwest,Emerging Affluent,3281.24,134.53,Approved,False,campaign_platform
TXN0000834,2025-09-21,CUST00377,P003,C005,Northeast,Mass Affluent,12199.72,390.39,Funded,True,campaign_platform
TXN0000835,2025-12-08,CUST00007,P003,C003,Northeast,Mass Affluent,21297.2,681.51,Application Started,False,campaign_platform
TXN0000836,2025-01-22,CUST00058,P003,C005,Southwest,Borrower,8974.9,287.2,Funded,False,crm
TXN0000837,2026-05-25,CUST00338,P002,C003,Southwest,Borrower,39173.11,156.69,Funded,False,crm
TXN0000838,2026-01-22,CUST00382,P001,C002,Southeast,Emerging Affluent,19595.96,117.58,Funded,False,campaign_platform
TXN0000839,2025-09-29,CUST00491,P005,C002,Southwest,Digital Native,4077.09,167.16,Funded,False,loan_origination
TXN0000840,2026-08-17,CUST00159,P002,C001,West,Rate Shopper,22324.88,89.3,Funded,False,marcus_web
TXN0000841,2025-12-22,CUST00222,P004,C005,Midwest,Digital Native,17138.81,137.11,Funded,False,campaign_platform
TXN0000842,2025-10-24,CUST00349,P002,C005,Midwest,Rate Shopper,51239.78,204.96,Funded,False,loan_origination
TXN0000843,2025-10-29,CUST00250,P003,C001,Midwest,Rate Shopper,15960.6,510.74,Funded,False,marcus_web
TXN0000844,2026-03-17,CUST00251,P003,C001,Northeast,Emerging Affluent,14643.55,468.59,Funded,False,marcus_web
TXN0000845,2025-10-18,CUST00129,P002,C003,Midwest,Borrower,29452.17,117.81,Abandoned,False,marcus_web
TXN0000846,2025-07-21,CUST00366,P003,C002,West,Borrower,8653.94,276.93,Funded,False,loan_origination
TXN0000847,2025-12-30,CUST00113,P001,C004,Midwest,Digital Native,18075.82,108.45,Funded,False,marcus_web
TXN0000848,2026-09-04,CUST00458,P003,C003,Southeast,Rate Shopper,22145.2,708.65,Funded,False,loan_origination
TXN0000849,2025-07-24,CUST00412,P005,C002,Northeast,Emerging Affluent,3199.85,131.19,Funded,False,loan_origination
TXN0000850,2025-07-07,CUST00291,P004,C005,Southeast,Digital Native,29990.13,239.92,Funded,False,campaign_platform
TXN0000851,2026-03-29,CUST00050,P002,C005,Midwest,Borrower,23153.0,92.61,Funded,False,loan_origination
TXN0000852,2026-02-25,CUST00219,P004,C004,Midwest,Emerging Affluent,13439.86,107.52,Funded,False,marcus_web
TXN0000853,2025-05-24,CUST00491,P004,C001,Southwest,Digital Native,17104.04,136.83,Funded,False,crm
TXN0000854,2025-10-28,CUST00318,P005,C005,Midwest,Mass Affluent,2570.5,105.39,Funded,False,crm
TXN0000855,2026-06-15,CUST00207,P001,C004,Northeast,Mass Affluent,15959.34,95.76,Funded,False,marcus_web
TXN0000856,2025-10-25,CUST00171,P005,C001,Southeast,Emerging Affluent,3292.61,135.0,Funded,False,marcus_web
TXN0000857,2025-02-24,CUST00063,P005,C005,Southwest,Rate Shopper,2795.6,114.62,Funded,False,crm
TXN0000858,2025-11-15,CUST00115,P002,C003,Midwest,Rate Shopper,16134.32,64.54,Approved,False,campaign_platform
TXN0000859,2025-03-10,CUST00320,P002,C001,Northeast,Borrower,39859.03,159.44,Funded,True,crm
TXN0000860,2026-06-02,CUST00054,P004,C001,Midwest,Emerging Affluent,22002.35,176.02,Funded,True,marcus_web
TXN0000861,2025-07-08,CUST00154,P004,C004,Southwest,Digital Native,28317.82,226.54,Funded,False,campaign_platform
TXN0000862,2026-03-19,CUST00440,P005,C001,Southeast,Digital Native,1255.72,51.48,Funded,True,crm
TXN0000863,2026-06-08,CUST00420,P002,C002,Southeast,Mass Affluent,26377.73,105.51,Funded,False,marcus_web
TXN0000864,2026-01-12,CUST00492,P005,C004,Southeast,Digital Native,1793.08,73.52,Funded,False,marcus_web
TXN0000865,2025-06-01,CUST00238,P004,C004,Midwest,Borrower,30379.4,243.04,Funded,True,loan_origination
TXN0000866,2025-02-13,CUST00018,P005,C004,Midwest,Emerging Affluent,3416.43,140.07,Application Started,False,crm
TXN0000867,2025-01-10,CUST00240,P004,C003,Southeast,Rate Shopper,29198.41,233.59,Application Started,False,loan_origination
TXN0000868,2026-06-10,CUST00463,P005,C004,Southeast,Emerging Affluent,3079.43,126.26,Funded,False,loan_origination
TXN0000869,2026-04-16,CUST00336,P005,C003,Southeast,Borrower,2772.72,113.68,Funded,False,loan_origination
TXN0000870,2026-05-11,CUST00473,P004,C001,Northeast,Emerging Affluent,8787.06,70.3,Funded,False,crm
TXN0000871,2025-09-23,CUST00295,P005,C005,Northeast,Rate Shopper,3881.2,159.13,Abandoned,False,campaign_platform
TXN0000872,2025-06-12,CUST00035,P001,C001,Northeast,Mass Affluent,22050.8,132.3,Funded,False,campaign_platform
TXN0000873,2025-08-26,CUST00479,P004,C003,Midwest,Borrower,35904.88,287.24,Approved,True,crm
TXN0000874,2025-03-07,CUST00373,P004,C004,West,Emerging Affluent,20361.19,162.89,Funded,True,marcus_web
TXN0000875,2026-01-19,CUST00434,P001,C004,Southeast,Emerging Affluent,8530.54,51.18,Abandoned,False,campaign_platform
TXN0000876,2026-07-24,CUST00194,P002,C005,Northeast,Emerging Affluent,15761.26,63.05,Funded,True,campaign_platform
TXN0000877,2025-07-26,CUST00348,P003,C002,West,Mass Affluent,14233.15,455.46,Funded,False,marcus_web
TXN0000878,2025-07-28,CUST00299,P001,C001,Midwest,Rate Shopper,11285.9,67.72,Funded,True,marcus_web
TXN0000879,2026-07-14,CUST00185,P004,C005,Northeast,Borrower,26631.15,213.05,Funded,False,campaign_platform
TXN0000880,2026-05-01,CUST00098,P002,C005,Southwest,Mass Affluent,20511.43,82.05,Funded,False,crm
TXN0000881,2026-03-14,CUST00411,P001,C004,Northeast,Digital Native,8959.91,53.76,Funded,True,loan_origination
TXN0000882,2025-08-25,CUST00052,P001,C004,Southeast,Rate Shopper,8906.28,53.44,Funded,False,marcus_web
TXN0000883,2026-02-04,CUST00115,P003,C003,Midwest,Rate Shopper,13949.02,446.37,Application Started,False,marcus_web
TXN0000884,2026-06-15,CUST00274,P005,C002,West,Borrower,2797.8,114.71,Abandoned,False,campaign_platform
TXN0000885,2025-04-24,CUST00317,P001,C005,Midwest,Borrower,5147.35,30.88,Abandoned,False,marcus_web
TXN0000886,2025-07-25,CUST00174,P004,C003,Southwest,Emerging Affluent,13004.18,104.03,Funded,False,crm
TXN0000887,2025-03-05,CUST00105,P005,C003,Midwest,Mass Affluent,3239.33,132.81,Abandoned,False,marcus_web
TXN0000888,2026-09-05,CUST00178,P001,C004,Midwest,Mass Affluent,20441.44,122.65,Approved,False,campaign_platform
TXN0000889,2025-02-12,CUST00485,P002,C003,Midwest,Rate Shopper,35788.43,143.15,Funded,False,campaign_platform
TXN0000890,2025-02-26,CUST00156,P002,C001,Southwest,Digital Native,33734.35,134.94,Funded,False,crm
TXN0000891,2025-01-19,CUST00274,P005,C004,West,Borrower,2853.23,116.98,Approved,False,campaign_platform
TXN0000892,2025-05-22,CUST00360,P004,C005,Southeast,Mass Affluent,21183.83,169.47,Funded,True,loan_origination
TXN0000893,2026-03-24,CUST00181,P002,C003,Southeast,Rate Shopper,33067.0,132.27,Funded,True,campaign_platform
TXN0000894,2025-02-16,CUST00383,P005,C005,West,Mass Affluent,2793.26,114.52,Abandoned,True,crm
TXN0000895,2025-02-28,CUST00417,P001,C001,Southwest,Digital Native,20781.15,124.69,Funded,False,crm
TXN0000896,2026-02-12,CUST00150,P002,C005,Southwest,Borrower,31262.67,125.05,Funded,True,marcus_web
TXN0000897,2025-07-30,CUST00040,P003,C005,Southeast,Rate Shopper,6230.7,199.38,Funded,False,crm
TXN0000898,2026-07-19,CUST00228,P003,C003,Midwest,Emerging Affluent,14763.55,472.43,Funded,False,loan_origination
TXN0000899,2025-04-17,CUST00164,P005,C005,Northeast,Emerging Affluent,5468.57,224.21,Approved,False,loan_origination
TXN0000900,2026-06-18,CUST00041,P002,C002,West,Mass Affluent,33755.32,135.02,Funded,False,crm
TXN0000901,2025-02-06,CUST00063,P003,C002,Southwest,Rate Shopper,22281.55,713.01,Funded,False,marcus_web
TXN0000902,2025-10-04,CUST00011,P004,C001,Southeast,Borrower,20350.68,162.81,Funded,False,marcus_web
TXN0000903,2026-01-29,CUST00031,P003,C005,Southeast,Mass Affluent,4389.59,140.47,Funded,True,crm
TXN0000904,2026-06-30,CUST00195,P002,C004,Midwest,Rate Shopper,27549.31,110.2,Funded,False,loan_origination
TXN0000905,2025-12-11,CUST00480,P001,C005,Southeast,Emerging Affluent,30155.36,180.93,Approved,False,marcus_web
TXN0000906,2026-03-14,CUST00175,P005,C004,Northeast,Borrower,2059.29,84.43,Approved,False,marcus_web
TXN0000907,2026-02-02,CUST00414,P001,C005,Southeast,Borrower,31979.6,191.88,Funded,False,campaign_platform
TXN0000908,2026-06-16,CUST00218,P005,C005,West,Borrower,2434.98,99.83,Funded,False,campaign_platform
TXN0000909,2025-01-16,CUST00382,P002,C002,Southeast,Emerging Affluent,24255.5,97.02,Funded,False,loan_origination
TXN0000910,2025-02-09,CUST00173,P005,C004,Southeast,Digital Native,4865.31,199.48,Funded,False,loan_origination
TXN0000911,2025-05-08,CUST00401,P005,C001,West,Digital Native,2623.72,107.57,Application Started,False,campaign_platform
TXN0000912,2025-01-10,CUST00237,P001,C004,Northeast,Digital Native,26678.12,160.07,Funded,False,campaign_platform
TXN0000913,2026-02-23,CUST00327,P005,C002,Southwest,Mass Affluent,5670.28,232.48,Funded,False,loan_origination
TXN0000914,2025-07-04,CUST00489,P001,C004,Southeast,Borrower,23359.13,140.15,Funded,False,loan_origination
TXN0000915,2025-08-21,CUST00445,P004,C002,Northeast,Digital Native,19035.44,152.28,Funded,True,marcus_web
TXN0000916,2026-06-03,CUST00336,P001,C002,Southeast,Borrower,15406.03,92.44,Application Started,False,marcus_web
TXN0000917,2025-09-23,CUST00284,P002,C001,Southwest,Emerging Affluent,28683.09,114.73,Application Started,False,marcus_web
TXN0000918,2025-04-22,CUST00308,P002,C003,Northeast,Digital Native,26736.48,106.95,Funded,False,marcus_web
TXN0000919,2026-08-08,CUST00122,P002,C003,Midwest,Mass Affluent,14858.46,59.43,Funded,False,loan_origination
TXN0000920,2026-09-14,CUST00074,P001,C003,Midwest,Borrower,26473.41,158.84,Approved,False,campaign_platform
TXN0000921,2025-10-29,CUST00460,P003,C004,West,Borrower,12337.94,394.81,Funded,False,marcus_web
TXN0000922,2025-11-17,CUST00055,P005,C002,Southwest,Rate Shopper,2741.0,112.38,Funded,False,loan_origination
TXN0000923,2026-08-20,CUST00482,P002,C004,Midwest,Borrower,41893.73,167.57,Funded,False,marcus_web
TXN0000924,2026-08-02,CUST00490,P001,C002,West,Mass Affluent,20062.7,120.38,Funded,False,campaign_platform
TXN0000925,2025-02-22,CUST00276,P001,C005,Southwest,Rate Shopper,10771.39,64.63,Funded,False,crm
TXN0000926,2025-09-07,CUST00429,P005,C003,Southwest,Mass Affluent,2175.72,89.2,Funded,False,loan_origination
TXN0000927,2025-04-29,CUST00119,P004,C003,West,Digital Native,19074.59,152.6,Abandoned,False,marcus_web
TXN0000928,2025-03-20,CUST00181,P005,C005,Southeast,Rate Shopper,2061.53,84.52,Application Started,False,crm
TXN0000929,2026-08-07,CUST00230,P004,C002,Northeast,Digital Native,32635.28,261.08,Abandoned,True,campaign_platform
TXN0000930,2026-09-13,CUST00346,P005,C002,Northeast,Digital Native,292.52,11.99,Funded,False,loan_origination
TXN0000931,2026-03-08,CUST00061,P001,C004,Southeast,Mass Affluent,14430.88,86.59,Funded,False,crm
TXN0000932,2025-01-16,CUST00461,P002,C004,West,Rate Shopper,26830.88,107.32,Funded,False,campaign_platform
TXN0000933,2025-02-04,CUST00381,P001,C002,Southeast,Borrower,18697.28,112.18,Funded,True,campaign_platform
TXN0000934,2025-05-11,CUST00463,P004,C003,Southeast,Emerging Affluent,20535.08,164.28,Funded,False,loan_origination
TXN0000935,2026-08-29,CUST00061,P003,C003,Southeast,Mass Affluent,12620.55,403.86,Approved,True,loan_origination
TXN0000936,2026-04-06,CUST00487,P004,C004,West,Emerging Affluent,19678.23,157.43,Approved,False,campaign_platform
TXN0000937,2026-08-27,CUST00359,P002,C002,Midwest,Rate Shopper,46200.44,184.8,Funded,False,loan_origination
TXN0000938,2025-11-25,CUST00346,P004,C004,Northeast,Digital Native,12924.85,103.4,Funded,False,loan_origination
TXN0000939,2025-11-01,CUST00484,P001,C002,West,Mass Affluent,16019.66,96.12,Funded,False,campaign_platform
TXN0000940,2025-11-23,CUST00147,P003,C004,Southwest,Digital Native,14567.26,466.15,Approved,False,marcus_web
TXN0000941,2026-06-16,CUST00417,P002,C004,Southwest,Digital Native,23566.03,94.26,Funded,False,crm
TXN0000942,2026-05-14,CUST00061,P003,C003,Southeast,Mass Affluent,24778.04,792.9,Funded,False,loan_origination
TXN0000943,2025-04-19,CUST00481,P003,C005,Southeast,Mass Affluent,21190.22,678.09,Funded,True,crm
TXN0000944,2026-07-07,CUST00015,P005,C001,West,Mass Affluent,2442.04,100.12,Funded,True,campaign_platform
TXN0000945,2025-07-28,CUST00427,P001,C003,West,Rate Shopper,14957.05,89.74,Funded,False,crm
TXN0000946,2025-04-23,CUST00426,P004,C003,West,Digital Native,40343.31,322.75,Approved,False,marcus_web
TXN0000947,2025-09-27,CUST00228,P004,C004,Midwest,Emerging Affluent,25570.1,204.56,Funded,False,loan_origination
TXN0000948,2025-03-18,CUST00412,P001,C002,Northeast,Emerging Affluent,19773.97,118.64,Funded,False,loan_origination
TXN0000949,2025-11-19,CUST00233,P005,C001,Northeast,Borrower,3444.19,141.21,Funded,False,loan_origination
TXN0000950,2025-01-09,CUST00098,P005,C001,Southwest,Mass Affluent,3003.8,123.16,Funded,False,crm
TXN0000951,2026-04-27,CUST00345,P002,C003,West,Borrower,37059.0,148.24,Approved,False,crm
TXN0000952,2025-08-08,CUST00326,P001,C005,Midwest,Digital Native,27406.99,164.44,Funded,True,crm
TXN0000953,2026-03-05,CUST00364,P002,C001,Southwest,Borrower,22050.83,88.2,Funded,True,loan_origination
TXN0000954,2025-11-04,CUST00248,P005,C002,Southeast,Borrower,1771.69,72.64,Application Started,False,campaign_platform
TXN0000955,2026-01-01,CUST00251,P004,C005,Northeast,Emerging Affluent,15794.58,126.36,Funded,False,loan_origination
TXN0000956,2025-09-11,CUST00215,P004,C003,Northeast,Mass Affluent,20264.05,162.11,Funded,True,campaign_platform
TXN0000957,2025-12-22,CUST00490,P003,C001,West,Mass Affluent,11906.97,381.02,Approved,False,campaign_platform
TXN0000958,2025-01-30,CUST00308,P004,C002,Northeast,Digital Native,10632.99,85.06,Funded,False,campaign_platform
TXN0000959,2025-09-25,CUST00032,P005,C003,Southwest,Mass Affluent,2676.57,109.74,Approved,False,loan_origination
TXN0000960,2026-05-13,CUST00468,P001,C003,Northeast,Borrower,12222.45,73.33,Approved,False,marcus_web
TXN0000961,2025-08-15,CUST00158,P004,C004,Midwest,Emerging Affluent,17826.32,142.61,Funded,False,loan_origination
TXN0000962,2025-01-21,CUST00067,P005,C005,Midwest,Rate Shopper,2902.57,119.01,Abandoned,True,campaign_platform
TXN0000963,2026-07-21,CUST00047,P003,C003,West,Digital Native,15985.84,511.55,Funded,False,crm
TXN0000964,2025-08-23,CUST00430,P005,C004,Northeast,Mass Affluent,3338.16,136.86,Funded,True,loan_origination
TXN0000965,2026-07-21,CUST00170,P004,C002,Northeast,Borrower,20090.81,160.73,Funded,True,marcus_web
TXN0000966,2025-02-13,CUST00257,P004,C004,Southeast,Rate Shopper,3834.19,30.67,Funded,False,crm
TXN0000967,2025-10-06,CUST00324,P002,C001,Midwest,Rate Shopper,26990.8,107.96,Funded,False,loan_origination
TXN0000968,2025-03-17,CUST00442,P001,C001,West,Mass Affluent,6463.52,38.78,Funded,False,campaign_platform
TXN0000969,2026-09-12,CUST00011,P001,C005,Southeast,Borrower,20465.5,122.79,Funded,False,loan_origination
TXN0000970,2026-06-09,CUST00402,P003,C004,Midwest,Borrower,13391.41,428.53,Approved,False,campaign_platform
TXN0000971,2026-08-14,CUST00104,P001,C003,Southwest,Emerging Affluent,12856.79,77.14,Funded,False,loan_origination
TXN0000972,2026-06-03,CUST00248,P003,C005,Southeast,Borrower,15252.63,488.08,Funded,True,campaign_platform
TXN0000973,2026-07-14,CUST00373,P004,C003,West,Emerging Affluent,20135.14,161.08,Funded,True,crm
TXN0000974,2026-07-31,CUST00229,P003,C004,West,Borrower,9068.82,290.2,Funded,False,crm
TXN0000975,2026-07-29,CUST00415,P001,C001,West,Mass Affluent,24123.51,144.74,Funded,True,crm
TXN0000976,2026-06-20,CUST00207,P005,C004,Northeast,Mass Affluent,5158.45,211.5,Approved,False,crm
TXN0000977,2026-02-26,CUST00031,P004,C003,Southeast,Mass Affluent,19366.71,154.93,Funded,False,campaign_platform
TXN0000978,2025-08-03,CUST00447,P001,C003,Southwest,Borrower,23299.6,139.8,Approved,False,campaign_platform
TXN0000979,2026-04-18,CUST00161,P002,C003,Southwest,Mass Affluent,24096.92,96.39,Application Started,False,marcus_web
TXN0000980,2025-03-21,CUST00472,P001,C004,Midwest,Emerging Affluent,10678.72,64.07,Funded,False,crm
TXN0000981,2025-07-22,CUST00267,P001,C002,West,Borrower,2437.65,14.63,Funded,False,crm
TXN0000982,2025-05-24,CUST00321,P005,C004,Midwest,Borrower,4343.92,178.1,Approved,False,campaign_platform
TXN0000983,2026-03-22,CUST00005,P003,C001,Northeast,Rate Shopper,22594.12,723.01,Application Started,True,loan_origination
TXN0000984,2025-06-19,CUST00315,P003,C005,West,Mass Affluent,14283.52,457.07,Funded,False,crm
TXN0000985,2026-06-16,CUST00412,P005,C003,Northeast,Emerging Affluent,2197.31,90.09,Funded,False,crm
TXN0000986,2025-01-11,CUST00085,P005,C004,Southeast,Mass Affluent,2427.09,99.51,Funded,True,campaign_platform
TXN0000987,2025-07-12,CUST00035,P001,C003,Northeast,Mass Affluent,18876.53,113.26,Funded,True,campaign_platform
TXN0000988,2025-12-25,CUST00305,P002,C001,Midwest,Borrower,30984.03,123.94,Funded,False,loan_origination
TXN0000989,2025-10-09,CUST00322,P001,C002,Southeast,Emerging Affluent,15042.65,90.26,Funded,False,loan_origination
TXN0000990,2026-07-29,CUST00320,P004,C003,Northeast,Borrower,38567.34,308.54,Funded,False,marcus_web
TXN0000991,2025-08-10,CUST00304,P002,C001,Northeast,Mass Affluent,25617.47,102.47,Funded,False,campaign_platform
TXN0000992,2026-09-12,CUST00170,P005,C005,Northeast,Borrower,4059.39,166.43,Funded,False,campaign_platform
TXN0000993,2025-08-26,CUST00108,P002,C001,Southwest,Emerging Affluent,31126.37,124.51,Approved,True,crm
TXN0000994,2025-03-21,CUST00244,P001,C003,West,Rate Shopper,17811.08,106.87,Application Started,True,campaign_platform
TXN0000995,2025-11-06,CUST00218,P004,C003,West,Borrower,18153.62,145.23,Funded,False,campaign_platform
TXN0000996,2025-11-16,CUST00362,P004,C003,Midwest,Borrower,21990.93,175.93,Application Started,False,marcus_web
TXN0000997,2025-06-20,CUST00453,P005,C002,West,Rate Shopper,5197.95,213.12,Approved,False,campaign_platform
TXN0000998,2026-07-26,CUST00251,P003,C001,Northeast,Emerging Affluent,11272.09,360.71,Application Started,False,crm
TXN0000999,2025-12-21,CUST00013,P003,C004,Southeast,Borrower,14025.77,448.82,Funded,False,crm
TXN0001000,2025-01-11,CUST00196,P003,C002,Northeast,Borrower,11012.23,352.39,Funded,False,crm
TXN0001001,2025-12-03,CUST00003,P005,C003,West,Mass Affluent,4092.11,167.78,Funded,False,loan_origination
TXN0001002,2026-02-12,CUST00018,P003,C004,Midwest,Emerging Affluent,17214.2,550.85,Funded,False,loan_origination
TXN0001003,2025-02-01,CUST00141,P001,C005,Southwest,Mass Affluent,27422.4,164.53,Abandoned,False,campaign_platform
TXN0001004,2025-04-17,CUST00089,P004,C005,Southeast,Emerging Affluent,8633.17,69.07,Funded,True,crm
TXN0001005,2025-03-26,CUST00362,P002,C002,Midwest,Borrower,11010.85,44.04,Funded,False,marcus_web
TXN0001006,2025-10-12,CUST00161,P001,C005,Southwest,Mass Affluent,23897.41,143.38,Abandoned,True,marcus_web
TXN0001007,2026-08-24,CUST00171,P003,C002,Southeast,Emerging Affluent,13655.7,436.98,Funded,False,campaign_platform
TXN0001008,2025-07-17,CUST00429,P001,C001,Southwest,Mass Affluent,12074.83,72.45,Application Started,False,loan_origination
TXN0001009,2025-02-15,CUST00043,P002,C004,Southeast,Emerging Affluent,25995.56,103.98,Funded,True,marcus_web
TXN0001010,2025-12-26,CUST00160,P003,C005,Southwest,Digital Native,17834.48,570.7,Funded,False,marcus_web
TXN0001011,2025-04-30,CUST00290,P004,C001,Southwest,Mass Affluent,26253.8,210.03,Funded,False,marcus_web
TXN0001012,2025-08-11,CUST00393,P002,C001,West,Rate Shopper,24044.41,96.18,Funded,False,crm
TXN0001013,2025-11-14,CUST00158,P002,C002,Midwest,Emerging Affluent,40962.4,163.85,Funded,True,loan_origination
TXN0001014,2025-10-07,CUST00212,P002,C002,Southeast,Mass Affluent,31862.41,127.45,Application Started,True,loan_origination
TXN0001015,2025-04-05,CUST00133,P004,C003,Midwest,Emerging Affluent,11896.18,95.17,Funded,False,campaign_platform
TXN0001016,2026-08-23,CUST00425,P002,C001,West,Borrower,27789.1,111.16,Funded,False,crm
TXN0001017,2025-10-23,CUST00360,P004,C003,Southeast,Mass Affluent,25155.22,201.24,Funded,False,loan_origination
TXN0001018,2025-09-22,CUST00047,P005,C002,West,Digital Native,4875.41,199.89,Funded,True,marcus_web
TXN0001019,2025-05-24,CUST00265,P002,C004,Midwest,Digital Native,18829.35,75.32,Funded,False,marcus_web
TXN0001020,2025-01-09,CUST00166,P001,C003,Southwest,Digital Native,19137.08,114.82,Funded,False,loan_origination
TXN0001021,2026-01-02,CUST00332,P001,C002,Southwest,Mass Affluent,15553.35,93.32,Funded,True,campaign_platform
TXN0001022,2026-02-13,CUST00304,P005,C004,Northeast,Mass Affluent,4378.42,179.52,Funded,True,loan_origination
TXN0001023,2026-02-15,CUST00308,P003,C004,Northeast,Digital Native,10317.64,330.16,Application Started,False,marcus_web
TXN0001024,2026-08-15,CUST00216,P004,C003,Southeast,Digital Native,41457.8,331.66,Funded,True,crm
TXN0001025,2026-06-21,CUST00473,P003,C005,Northeast,Emerging Affluent,18827.58,602.48,Approved,True,loan_origination
TXN0001026,2025-11-13,CUST00404,P001,C001,Midwest,Rate Shopper,34005.91,204.04,Approved,True,loan_origination
TXN0001027,2026-04-17,CUST00235,P004,C002,Southwest,Rate Shopper,26349.88,210.8,Application Started,False,marcus_web
TXN0001028,2026-03-24,CUST00095,P002,C002,West,Mass Affluent,27028.28,108.11,Funded,True,loan_origination
TXN0001029,2025-12-19,CUST00003,P004,C002,West,Mass Affluent,29873.56,238.99,Funded,True,campaign_platform
TXN0001030,2025-09-06,CUST00343,P004,C004,Southeast,Mass Affluent,27713.94,221.71,Approved,True,crm
TXN0001031,2025-12-01,CUST00163,P002,C004,West,Emerging Affluent,41024.57,164.1,Approved,False,campaign_platform
TXN0001032,2026-05-16,CUST00274,P001,C003,West,Borrower,11027.81,66.17,Funded,False,marcus_web
TXN0001033,2025-08-29,CUST00114,P005,C002,Southeast,Emerging Affluent,2505.33,102.72,Application Started,False,campaign_platform
TXN0001034,2025-05-22,CUST00469,P001,C002,Southwest,Rate Shopper,22206.79,133.24,Funded,True,loan_origination
TXN0001035,2026-01-29,CUST00223,P001,C003,West,Emerging Affluent,14237.6,85.43,Funded,False,campaign_platform
TXN0001036,2025-07-03,CUST00018,P003,C004,Midwest,Emerging Affluent,10097.34,323.11,Funded,False,marcus_web
TXN0001037,2025-04-14,CUST00239,P001,C003,Northeast,Emerging Affluent,14423.63,86.54,Approved,True,crm
TXN0001038,2026-04-11,CUST00295,P005,C004,Northeast,Rate Shopper,2253.38,92.39,Funded,False,campaign_platform
TXN0001039,2026-03-12,CUST00217,P001,C003,West,Emerging Affluent,17514.75,105.09,Funded,False,campaign_platform
TXN0001040,2025-12-10,CUST00258,P003,C004,West,Rate Shopper,21686.01,693.95,Application Started,False,marcus_web
TXN0001041,2026-06-29,CUST00403,P002,C004,West,Borrower,28152.7,112.61,Funded,True,loan_origination
TXN0001042,2026-04-11,CUST00102,P005,C005,Northeast,Emerging Affluent,940.37,38.56,Funded,False,marcus_web
TXN0001043,2026-01-11,CUST00063,P004,C004,Southwest,Rate Shopper,31902.97,255.22,Funded,False,loan_origination
TXN0001044,2025-10-01,CUST00393,P001,C005,West,Rate Shopper,20636.78,123.82,Funded,False,marcus_web
TXN0001045,2025-02-06,CUST00229,P003,C003,West,Borrower,10566.73,338.14,Funded,False,crm
TXN0001046,2025-04-07,CUST00090,P001,C005,Midwest,Mass Affluent,14646.69,87.88,Funded,True,campaign_platform
TXN0001047,2026-04-15,CUST00221,P003,C003,West,Digital Native,13079.99,418.56,Application Started,False,campaign_platform
TXN0001048,2026-01-17,CUST00021,P001,C003,Southeast,Mass Affluent,13628.85,81.77,Funded,False,marcus_web
TXN0001049,2025-12-12,CUST00196,P005,C001,Northeast,Borrower,4872.68,199.78,Funded,True,loan_origination
TXN0001050,2025-04-30,CUST00370,P001,C004,Southwest,Rate Shopper,13386.32,80.32,Approved,False,loan_origination
TXN0001051,2025-09-07,CUST00316,P005,C005,Southeast,Rate Shopper,3078.4,126.21,Funded,True,campaign_platform
TXN0001052,2026-05-29,CUST00141,P002,C003,Southwest,Mass Affluent,24191.28,96.77,Funded,False,crm
TXN0001053,2025-01-06,CUST00348,P003,C003,West,Mass Affluent,13676.48,437.65,Funded,True,loan_origination
TXN0001054,2025-04-10,CUST00237,P005,C003,Northeast,Digital Native,3319.9,136.12,Funded,True,loan_origination
TXN0001055,2025-10-22,CUST00114,P001,C005,Southeast,Emerging Affluent,16818.66,100.91,Funded,False,loan_origination
TXN0001056,2026-07-26,CUST00278,P004,C004,Southwest,Digital Native,11542.3,92.34,Funded,False,loan_origination
TXN0001057,2026-04-19,CUST00422,P004,C002,West,Digital Native,27519.44,220.16,Funded,True,campaign_platform
TXN0001058,2026-08-09,CUST00131,P004,C001,Southeast,Mass Affluent,14824.61,118.6,Abandoned,False,loan_origination
TXN0001059,2026-01-14,CUST00043,P002,C005,Southeast,Emerging Affluent,21753.45,87.01,Funded,False,crm
TXN0001060,2025-12-27,CUST00320,P005,C002,Northeast,Borrower,4960.65,203.39,Funded,False,marcus_web
TXN0001061,2026-05-18,CUST00385,P003,C005,Midwest,Digital Native,19412.45,621.2,Funded,False,marcus_web
TXN0001062,2025-08-05,CUST00050,P004,C002,Midwest,Borrower,21516.04,172.13,Abandoned,False,crm
TXN0001063,2026-07-18,CUST00443,P002,C004,Northeast,Mass Affluent,13769.0,55.08,Funded,False,loan_origination
TXN0001064,2025-11-22,CUST00395,P003,C001,Northeast,Borrower,19102.79,611.29,Funded,False,crm
TXN0001065,2026-04-21,CUST00440,P004,C004,Southeast,Digital Native,18043.64,144.35,Funded,False,campaign_platform
TXN0001066,2025-12-09,CUST00148,P001,C005,Southeast,Borrower,31952.15,191.71,Approved,False,marcus_web
TXN0001067,2026-03-05,CUST00197,P005,C004,Northeast,Emerging Affluent,1853.25,75.98,Funded,True,marcus_web
TXN0001068,2025-01-24,CUST00307,P005,C004,Southeast,Digital Native,4051.19,166.1,Funded,True,campaign_platform
TXN0001069,2025-01-24,CUST00351,P001,C003,Northeast,Emerging Affluent,17422.77,104.54,Funded,False,crm
TXN0001070,2026-01-13,CUST00436,P002,C004,West,Borrower,7423.33,29.69,Approved,True,campaign_platform
TXN0001071,2025-05-16,CUST00480,P002,C003,Southeast,Emerging Affluent,21653.5,86.61,Funded,False,crm
TXN0001072,2025-09-05,CUST00351,P005,C004,Northeast,Emerging Affluent,5489.01,225.05,Approved,False,marcus_web
TXN0001073,2025-06-13,CUST00412,P005,C003,Northeast,Emerging Affluent,3257.83,133.57,Funded,False,campaign_platform
TXN0001074,2026-01-30,CUST00444,P005,C004,Northeast,Mass Affluent,4991.28,204.64,Funded,False,loan_origination
TXN0001075,2026-09-14,CUST00453,P005,C001,West,Rate Shopper,2365.92,97.0,Funded,False,marcus_web
TXN0001076,2026-01-08,CUST00150,P004,C001,Southwest,Borrower,14403.57,115.23,Funded,False,campaign_platform
TXN0001077,2025-05-30,CUST00220,P001,C001,Southwest,Borrower,24078.27,144.47,Funded,False,crm
TXN0001078,2025-05-26,CUST00188,P004,C003,Midwest,Mass Affluent,11368.72,90.95,Application Started,False,crm
TXN0001079,2025-03-17,CUST00136,P001,C003,Northeast,Rate Shopper,8438.72,50.63,Approved,False,loan_origination
TXN0001080,2026-04-07,CUST00152,P004,C003,Southwest,Emerging Affluent,25138.44,201.11,Funded,False,marcus_web
TXN0001081,2026-06-19,CUST00390,P002,C002,Southeast,Mass Affluent,25402.85,101.61,Funded,False,loan_origination
TXN0001082,2025-11-09,CUST00158,P002,C005,Midwest,Emerging Affluent,33485.34,133.94,Funded,False,loan_origination
TXN0001083,2026-09-15,CUST00080,P002,C002,Midwest,Digital Native,24553.83,98.22,Funded,True,crm
TXN0001084,2026-08-22,CUST00299,P003,C002,Midwest,Rate Shopper,19321.91,618.3,Funded,False,campaign_platform
TXN0001085,2025-12-19,CUST00245,P005,C002,West,Emerging Affluent,2278.45,93.42,Funded,False,campaign_platform
TXN0001086,2026-06-22,CUST00444,P004,C002,Northeast,Mass Affluent,13952.68,111.62,Funded,False,campaign_platform
TXN0001087,2025-08-19,CUST00008,P001,C003,Southwest,Digital Native,16365.17,98.19,Funded,False,marcus_web
TXN0001088,2026-05-26,CUST00333,P002,C003,Southeast,Emerging Affluent,33273.17,133.09,Funded,False,marcus_web
TXN0001089,2025-07-27,CUST00431,P005,C002,Northeast,Mass Affluent,3010.56,123.43,Funded,False,marcus_web
TXN0001090,2026-07-05,CUST00139,P005,C005,Southeast,Rate Shopper,3418.83,140.17,Application Started,False,marcus_web
TXN0001091,2025-09-11,CUST00229,P005,C005,West,Borrower,3266.72,133.94,Funded,False,crm
TXN0001092,2025-02-11,CUST00117,P004,C002,Southwest,Mass Affluent,35748.78,285.99,Abandoned,True,loan_origination
TXN0001093,2025-05-16,CUST00047,P002,C001,West,Digital Native,23684.6,94.74,Funded,False,campaign_platform
TXN0001094,2025-02-22,CUST00238,P001,C005,Midwest,Borrower,17684.61,106.11,Funded,False,crm
TXN0001095,2025-03-27,CUST00245,P001,C004,West,Emerging Affluent,15142.62,90.86,Funded,False,loan_origination
TXN0001096,2026-03-17,CUST00292,P001,C005,Midwest,Rate Shopper,18433.52,110.6,Application Started,True,campaign_platform
TXN0001097,2026-09-22,CUST00399,P002,C005,Northeast,Borrower,28025.74,112.1,Funded,False,loan_origination
TXN0001098,2026-06-04,CUST00253,P002,C003,Midwest,Emerging Affluent,250,1.0,Funded,False,loan_origination
TXN0001099,2025-12-16,CUST00136,P005,C002,Northeast,Rate Shopper,2972.53,121.87,Funded,False,crm
TXN0001100,2026-06-06,CUST00250,P001,C003,Midwest,Rate Shopper,25985.03,155.91,Funded,True,marcus_web
TXN0001101,2025-04-07,CUST00390,P004,C003,Southeast,Mass Affluent,29431.51,235.45,Funded,False,crm
TXN0001102,2025-08-07,CUST00100,P001,C002,Southwest,Mass Affluent,14916.12,89.5,Funded,False,campaign_platform
TXN0001103,2025-08-04,CUST00053,P003,C005,West,Rate Shopper,11846.67,379.09,Funded,False,crm
TXN0001104,2025-06-10,CUST00437,P002,C005,Southwest,Rate Shopper,24636.74,98.55,Funded,False,campaign_platform
TXN0001105,2025-10-03,CUST00335,P005,C004,Southwest,Digital Native,3316.59,135.98,Abandoned,False,loan_origination
TXN0001106,2025-12-29,CUST00075,P003,C003,Northeast,Digital Native,18428.15,589.7,Application Started,False,loan_origination
TXN0001107,2026-03-04,CUST00218,P005,C004,West,Borrower,5854.96,240.05,Funded,False,crm
TXN0001108,2025-01-20,CUST00500,P004,C003,West,Emerging Affluent,22650.83,181.21,Approved,True,loan_origination
TXN0001109,2025-11-26,CUST00151,P003,C001,Midwest,Emerging Affluent,10025.67,320.82,Funded,False,crm
TXN0001110,2025-10-08,CUST00317,P005,C004,Midwest,Borrower,3683.75,151.03,Funded,True,loan_origination
TXN0001111,2026-04-27,CUST00371,P004,C005,Southwest,Emerging Affluent,39805.98,318.45,Approved,False,campaign_platform
TXN0001112,2026-08-24,CUST00128,P003,C005,Midwest,Mass Affluent,10852.88,347.29,Funded,True,loan_origination
TXN0001113,2026-03-25,CUST00142,P005,C003,Southwest,Digital Native,3681.98,150.96,Funded,False,loan_origination
TXN0001114,2025-06-04,CUST00397,P004,C002,Southeast,Mass Affluent,20274.91,162.2,Funded,False,marcus_web
TXN0001115,2026-08-10,CUST00225,P002,C003,Southwest,Emerging Affluent,13696.92,54.79,Funded,False,marcus_web
TXN0001116,2026-01-05,CUST00072,P001,C003,Midwest,Borrower,15327.33,91.96,Application Started,False,crm
TXN0001117,2025-08-22,CUST00095,P003,C004,West,Mass Affluent,10070.41,322.25,Funded,False,loan_origination
TXN0001118,2025-05-03,CUST00310,P001,C002,Midwest,Mass Affluent,19382.29,116.29,Funded,False,campaign_platform
TXN0001119,2025-03-03,CUST00409,P001,C005,Northeast,Borrower,24448.82,146.69,Funded,False,marcus_web
TXN0001120,2026-07-06,CUST00492,P005,C003,Southeast,Digital Native,2502.22,102.59,Funded,False,marcus_web
TXN0001121,2025-04-05,CUST00377,P001,C005,Northeast,Mass Affluent,28829.32,172.98,Funded,False,marcus_web
TXN0001122,2025-07-15,CUST00294,P004,C005,Midwest,Rate Shopper,19837.75,158.7,Approved,False,campaign_platform
TXN0001123,2026-04-08,CUST00419,P003,C004,Midwest,Emerging Affluent,27039.2,865.25,Funded,False,crm
TXN0001124,2026-04-10,CUST00332,P005,C003,Southwest,Mass Affluent,891.78,36.56,Funded,False,campaign_platform
TXN0001125,2026-08-12,CUST00456,P001,C004,West,Borrower,15605.75,93.63,Funded,True,loan_origination
TXN0001126,2025-08-17,CUST00219,P002,C003,Midwest,Emerging Affluent,39714.56,158.86,Funded,False,campaign_platform
TXN0001127,2025-12-30,CUST00335,P002,C005,Southwest,Digital Native,38727.59,154.91,Funded,True,crm
TXN0001128,2025-04-14,CUST00106,P003,C002,Midwest,Digital Native,9502.36,304.08,Funded,False,marcus_web
TXN0001129,2025-12-23,CUST00400,P002,C005,Southeast,Emerging Affluent,35078.1,140.31,Funded,True,crm
TXN0001130,2026-03-11,CUST00104,P003,C002,Southwest,Emerging Affluent,13229.59,423.35,Abandoned,True,crm
TXN0001131,2025-05-21,CUST00396,P003,C001,Northeast,Digital Native,23268.27,744.58,Funded,False,marcus_web
TXN0001132,2025-02-20,CUST00228,P002,C004,Midwest,Emerging Affluent,11205.26,44.82,Funded,False,crm
TXN0001133,2025-05-08,CUST00395,P004,C005,Northeast,Borrower,25987.34,207.9,Application Started,False,marcus_web
TXN0001134,2026-05-16,CUST00084,P002,C001,Southeast,Rate Shopper,30229.97,120.92,Approved,False,loan_origination
TXN0001135,2025-04-03,CUST00213,P002,C002,Midwest,Borrower,29747.08,118.99,Funded,True,campaign_platform
TXN0001136,2026-03-07,CUST00009,P001,C004,West,Emerging Affluent,12338.31,74.03,Funded,False,loan_origination
TXN0001137,2026-03-21,CUST00185,P003,C001,Northeast,Borrower,21452.52,686.48,Funded,False,campaign_platform
TXN0001138,2025-10-09,CUST00449,P004,C001,Midwest,Mass Affluent,18272.53,146.18,Approved,False,marcus_web
TXN0001139,2026-08-02,CUST00073,P002,C002,Southwest,Mass Affluent,38407.7,153.63,Funded,False,marcus_web
TXN0001140,2025-10-28,CUST00032,P005,C002,Southwest,Mass Affluent,3278.87,134.43,Funded,False,crm
TXN0001141,2026-06-16,CUST00215,P002,C002,Northeast,Mass Affluent,42186.51,168.75,Approved,True,marcus_web
TXN0001142,2026-05-25,CUST00403,P002,C001,West,Borrower,23635.47,94.54,Funded,False,loan_origination
TXN0001143,2025-11-25,CUST00466,P003,C005,Northeast,Rate Shopper,15642.51,500.56,Funded,False,crm
TXN0001144,2026-07-07,CUST00468,P004,C001,Northeast,Borrower,22313.53,178.51,Funded,False,crm
TXN0001145,2025-12-24,CUST00081,P001,C001,Midwest,Mass Affluent,20211.72,121.27,Abandoned,True,campaign_platform
TXN0001146,2026-03-27,CUST00238,P004,C005,Midwest,Borrower,19962.09,159.7,Funded,False,marcus_web
TXN0001147,2025-09-21,CUST00160,P004,C004,Southwest,Digital Native,29796.71,238.37,Funded,False,marcus_web
TXN0001148,2025-07-20,CUST00245,P004,C005,West,Emerging Affluent,30116.57,240.93,Funded,False,crm
TXN0001149,2026-02-18,CUST00116,P001,C001,Midwest,Borrower,16245.52,97.47,Funded,True,loan_origination
TXN0001150,2026-06-17,CUST00169,P004,C005,Southeast,Digital Native,32420.76,259.37,Funded,False,loan_origination
TXN0001151,2026-03-09,CUST00390,P002,C003,Southeast,Mass Affluent,23262.05,93.05,Approved,False,campaign_platform
TXN0001152,2025-07-06,CUST00324,P001,C002,Midwest,Rate Shopper,20499.16,122.99,Funded,False,crm
TXN0001153,2025-01-12,CUST00083,P004,C003,Midwest,Mass Affluent,14037.29,112.3,Funded,False,campaign_platform
TXN0001154,2026-09-29,CUST00232,P002,C004,Southeast,Emerging Affluent,22243.97,88.98,Funded,False,loan_origination
TXN0001155,2025-12-12,CUST00336,P005,C003,Southeast,Borrower,3919.07,160.68,Funded,False,campaign_platform
TXN0001156,2026-06-16,CUST00340,P001,C003,Northeast,Digital Native,17915.76,107.49,Funded,False,campaign_platform
TXN0001157,2025-05-10,CUST00329,P001,C005,Southeast,Mass Affluent,32184.96,193.11,Application Started,True,loan_origination
TXN0001158,2026-04-09,CUST00065,P003,C003,Northeast,Rate Shopper,22221.99,711.1,Funded,False,marcus_web
TXN0001159,2026-02-12,CUST00495,P005,C002,Southwest,Digital Native,4193.41,171.93,Funded,True,crm
TXN0001160,2025-12-29,CUST00398,P001,C002,Southwest,Borrower,6130.2,36.78,Funded,False,marcus_web
TXN0001161,2026-07-07,CUST00410,P005,C003,West,Mass Affluent,3533.25,144.86,Funded,False,marcus_web
TXN0001162,2025-08-20,CUST00349,P002,C005,Midwest,Rate Shopper,49744.04,198.98,Application Started,False,crm
TXN0001163,2025-07-27,CUST00277,P005,C004,Southwest,Digital Native,2697.05,110.58,Abandoned,False,campaign_platform
TXN0001164,2025-11-26,CUST00458,P004,C004,Southeast,Rate Shopper,41156.58,329.25,Funded,False,marcus_web
TXN0001165,2025-11-16,CUST00039,P003,C005,Northeast,Rate Shopper,16614.88,531.68,Funded,True,campaign_platform
TXN0001166,2025-06-14,CUST00072,P002,C004,Midwest,Borrower,41854.26,167.42,Approved,False,crm
TXN0001167,2026-02-05,CUST00201,P002,C004,Northeast,Digital Native,21002.12,84.01,Funded,True,loan_origination
TXN0001168,2026-08-23,CUST00072,P004,C001,Midwest,Borrower,18837.15,150.7,Abandoned,True,campaign_platform
TXN0001169,2025-01-12,CUST00073,P003,C003,Southwest,Mass Affluent,10481.35,335.4,Funded,False,campaign_platform
TXN0001170,2025-05-08,CUST00119,P004,C003,West,Digital Native,14928.17,119.43,Funded,False,crm
TXN0001171,2025-02-11,CUST00037,P003,C003,Midwest,Mass Affluent,6640.38,212.49,Funded,False,crm
TXN0001172,2025-08-19,CUST00449,P004,C003,Midwest,Mass Affluent,32988.38,263.91,Funded,True,loan_origination
TXN0001173,2026-03-08,CUST00124,P004,C004,West,Rate Shopper,25402.78,203.22,Approved,False,loan_origination
TXN0001174,2025-12-03,CUST00464,P003,C005,West,Digital Native,15333.84,490.68,Funded,False,loan_origination
TXN0001175,2026-05-13,CUST00043,P001,C001,Southeast,Emerging Affluent,18335.6,110.01,Funded,False,marcus_web
TXN0001176,2026-09-14,CUST00400,P004,C005,Southeast,Emerging Affluent,30991.09,247.93,Application Started,False,campaign_platform
TXN0001177,2026-08-28,CUST00022,P005,C001,Northeast,Emerging Affluent,4045.62,165.87,Funded,True,crm
TXN0001178,2026-03-08,CUST00185,P005,C005,Northeast,Borrower,1833.7,75.18,Approved,False,marcus_web
TXN0001179,2026-08-11,CUST00178,P004,C004,Midwest,Mass Affluent,23387.63,187.1,Funded,False,campaign_platform
TXN0001180,2026-08-04,CUST00343,P001,C002,Southeast,Mass Affluent,16686.01,100.12,Funded,False,loan_origination
TXN0001181,2025-01-30,CUST00051,P003,C004,Southeast,Rate Shopper,13204.25,422.54,Funded,False,loan_origination
TXN0001182,2026-04-02,CUST00181,P002,C003,Southeast,Rate Shopper,8769.91,35.08,Approved,False,loan_origination
TXN0001183,2026-07-26,CUST00394,P002,C002,Northeast,Rate Shopper,28551.07,114.2,Funded,False,loan_origination
TXN0001184,2025-04-02,CUST00400,P002,C004,Southeast,Emerging Affluent,15204.47,60.82,Funded,False,crm
TXN0001185,2025-04-03,CUST00163,P003,C001,West,Emerging Affluent,11685.66,373.94,Funded,True,campaign_platform
TXN0001186,2025-12-26,CUST00104,P003,C004,Southwest,Emerging Affluent,11121.8,355.9,Funded,False,loan_origination
TXN0001187,2025-11-27,CUST00387,P002,C002,West,Emerging Affluent,33100.35,132.4,Funded,False,loan_origination
TXN0001188,2025-07-02,CUST00388,P005,C005,Midwest,Mass Affluent,3272.6,134.18,Funded,False,crm
TXN0001189,2026-02-19,CUST00048,P001,C005,Northeast,Rate Shopper,20118.16,120.71,Funded,False,crm
TXN0001190,2025-10-28,CUST00472,P004,C001,Midwest,Emerging Affluent,18538.79,148.31,Funded,False,loan_origination
TXN0001191,2025-09-09,CUST00116,P004,C001,Midwest,Borrower,11088.43,88.71,Funded,False,crm
TXN0001192,2025-08-10,CUST00126,P002,C004,Northeast,Mass Affluent,22835.33,91.34,Funded,False,marcus_web
TXN0001193,2026-03-26,CUST00440,P005,C004,Southeast,Digital Native,1981.8,81.25,Funded,False,campaign_platform
TXN0001194,2025-09-25,CUST00322,P005,C004,Southeast,Emerging Affluent,3925.35,160.94,Approved,False,loan_origination
TXN0001195,2025-08-29,CUST00221,P003,C003,West,Digital Native,12464.8,398.87,Abandoned,True,crm
TXN0001196,2025-05-12,CUST00408,P005,C005,West,Mass Affluent,4152.09,170.24,Funded,False,campaign_platform
TXN0001197,2026-09-11,CUST00275,P003,C001,Southwest,Borrower,15152.29,484.87,Approved,False,crm
TXN0001198,2025-02-24,CUST00239,P003,C005,Northeast,Emerging Affluent,19151.18,612.84,Funded,False,campaign_platform
TXN0001199,2026-07-28,CUST00034,P002,C001,Southeast,Digital Native,14013.42,56.05,Application Started,False,crm
TXN0001200,2025-10-10,CUST00033,P003,C001,West,Borrower,16840.52,538.9,Funded,False,marcus_web
TXN0001201,2026-03-18,CUST00366,P005,C004,West,Borrower,2440.01,100.04,Abandoned,True,campaign_platform
TXN0001202,2025-12-05,CUST00159,P005,C003,West,Rate Shopper,631.28,25.88,Funded,False,campaign_platform
TXN0001203,2025-11-19,CUST00074,P005,C005,Midwest,Borrower,5137.84,210.65,Funded,False,marcus_web
TXN0001204,2025-03-07,CUST00397,P001,C005,Southeast,Mass Affluent,5275.25,31.65,Funded,False,crm
TXN0001205,2025-07-05,CUST00128,P005,C002,Midwest,Mass Affluent,5730.78,234.96,Approved,False,marcus_web
TXN0001206,2026-02-01,CUST00485,P004,C005,Midwest,Rate Shopper,25261.03,202.09,Approved,False,campaign_platform
TXN0001207,2025-04-09,CUST00071,P003,C002,Northeast,Borrower,13310.28,425.93,Funded,True,marcus_web
TXN0001208,2025-07-25,CUST00095,P003,C004,West,Mass Affluent,17440.18,558.09,Funded,False,marcus_web
TXN0001209,2026-06-21,CUST00174,P004,C001,Southwest,Emerging Affluent,21227.48,169.82,Funded,False,loan_origination
TXN0001210,2026-06-26,CUST00049,P002,C001,West,Emerging Affluent,46410.15,185.64,Funded,False,loan_origination
TXN0001211,2026-01-19,CUST00015,P005,C005,West,Mass Affluent,4973.81,203.93,Funded,False,crm
TXN0001212,2025-04-10,CUST00275,P002,C003,Southwest,Borrower,8759.38,35.04,Application Started,False,loan_origination
TXN0001213,2025-07-01,CUST00294,P002,C004,Midwest,Rate Shopper,9675.88,38.7,Funded,False,marcus_web
TXN0001214,2025-04-21,CUST00414,P003,C003,Southeast,Borrower,14071.28,450.28,Funded,True,crm
TXN0001215,2025-07-17,CUST00461,P001,C004,West,Rate Shopper,732.17,4.39,Application Started,False,campaign_platform
TXN0001216,2026-07-22,CUST00402,P004,C001,Midwest,Borrower,5944.77,47.56,Funded,True,crm
TXN0001217,2026-02-18,CUST00123,P004,C002,Northeast,Rate Shopper,24585.65,196.69,Abandoned,False,marcus_web
TXN0001218,2025-11-25,CUST00435,P005,C001,West,Borrower,3300.58,135.32,Application Started,False,campaign_platform
TXN0001219,2025-10-17,CUST00388,P005,C002,Midwest,Mass Affluent,2678.02,109.8,Funded,False,campaign_platform
TXN0001220,2025-03-26,CUST00207,P004,C004,Northeast,Mass Affluent,29586.99,236.7,Funded,False,loan_origination
TXN0001221,2026-02-03,CUST00288,P004,C005,Northeast,Borrower,13736.77,109.89,Approved,False,marcus_web
TXN0001222,2025-04-02,CUST00271,P001,C002,Northeast,Emerging Affluent,36451.74,218.71,Funded,False,crm
TXN0001223,2026-07-02,CUST00329,P003,C001,Southeast,Mass Affluent,27538.38,881.23,Funded,False,marcus_web
TXN0001224,2026-06-21,CUST00422,P004,C005,West,Digital Native,25511.92,204.1,Application Started,False,marcus_web
TXN0001225,2026-04-14,CUST00467,P002,C001,Midwest,Emerging Affluent,45974.46,183.9,Approved,True,crm
TXN0001226,2026-09-20,CUST00254,P002,C005,Northeast,Mass Affluent,20830.12,83.32,Funded,False,crm
TXN0001227,2025-01-05,CUST00461,P001,C003,West,Rate Shopper,25629.75,153.78,Application Started,False,crm
TXN0001228,2026-02-16,CUST00200,P002,C003,Southeast,Digital Native,19158.56,76.63,Funded,True,crm
TXN0001229,2026-08-08,CUST00319,P003,C004,Southeast,Borrower,11790.68,377.3,Funded,False,loan_origination
TXN0001230,2026-02-28,CUST00210,P001,C004,West,Emerging Affluent,4841.65,29.05,Funded,False,crm
TXN0001231,2026-09-07,CUST00419,P004,C003,Midwest,Emerging Affluent,33800.35,270.4,Funded,False,crm
TXN0001232,2025-04-28,CUST00340,P002,C001,Northeast,Digital Native,27950.41,111.8,Funded,False,campaign_platform
TXN0001233,2025-12-02,CUST00035,P002,C005,Northeast,Mass Affluent,34697.41,138.79,Abandoned,False,campaign_platform
TXN0001234,2025-10-19,CUST00146,P005,C003,West,Rate Shopper,4796.3,196.65,Application Started,True,marcus_web
TXN0001235,2026-07-23,CUST00203,P002,C001,Northeast,Rate Shopper,30603.95,122.42,Funded,True,campaign_platform
TXN0001236,2025-02-08,CUST00056,P001,C002,Northeast,Mass Affluent,14533.2,87.2,Application Started,True,marcus_web
TXN0001237,2026-01-15,CUST00124,P004,C005,West,Rate Shopper,18045.28,144.36,Funded,True,crm
TXN0001238,2025-02-14,CUST00394,P002,C003,Northeast,Rate Shopper,28988.69,115.95,Funded,False,loan_origination
TXN0001239,2025-12-25,CUST00441,P003,C002,Midwest,Emerging Affluent,3881.47,124.21,Funded,False,loan_origination
TXN0001240,2025-07-08,CUST00259,P001,C002,Southwest,Emerging Affluent,21205.35,127.23,Funded,False,campaign_platform
TXN0001241,2025-09-09,CUST00013,P004,C001,Southeast,Borrower,16906.74,135.25,Funded,False,loan_origination
TXN0001242,2026-02-24,CUST00030,P001,C001,West,Borrower,14905.43,89.43,Funded,True,crm
TXN0001243,2025-02-09,CUST00371,P003,C003,Southwest,Emerging Affluent,15973.98,511.17,Funded,False,marcus_web
TXN0001244,2025-05-03,CUST00417,P004,C005,Southwest,Digital Native,24827.19,198.62,Application Started,False,marcus_web
TXN0001245,2025-01-21,CUST00289,P005,C001,Midwest,Rate Shopper,1738.39,71.27,Abandoned,False,loan_origination
TXN0001246,2026-04-06,CUST00352,P005,C004,Midwest,Mass Affluent,1218.21,49.95,Application Started,True,campaign_platform
TXN0001247,2026-04-11,CUST00314,P003,C003,West,Rate Shopper,3735.92,119.55,Funded,False,crm
TXN0001248,2026-02-02,CUST00074,P003,C002,Midwest,Borrower,15919.7,509.43,Abandoned,False,loan_origination
TXN0001249,2025-11-04,CUST00379,P001,C004,West,Emerging Affluent,22321.29,133.93,Approved,False,crm
TXN0001250,2025-08-02,CUST00206,P002,C003,West,Borrower,35247.18,140.99,Abandoned,False,campaign_platform
TXN0001251,2026-02-02,CUST00236,P004,C004,Midwest,Digital Native,15191.64,121.53,Funded,True,crm
TXN0001252,2026-08-06,CUST00126,P002,C002,Northeast,Mass Affluent,28949.64,115.8,Funded,False,loan_origination
TXN0001253,2026-02-23,CUST00461,P004,C005,West,Rate Shopper,17343.35,138.75,Funded,False,campaign_platform
TXN0001254,2025-02-22,CUST00154,P005,C004,Southwest,Digital Native,3878.89,159.03,Funded,False,crm
TXN0001255,2026-03-19,CUST00338,P004,C005,Southwest,Borrower,25531.77,204.25,Funded,False,crm
TXN0001256,2026-02-16,CUST00140,P005,C002,Midwest,Digital Native,4297.33,176.19,Funded,False,crm
TXN0001257,2025-09-09,CUST00211,P003,C004,West,Mass Affluent,16313.29,522.03,Abandoned,False,marcus_web
TXN0001258,2025-03-29,CUST00347,P001,C001,West,Digital Native,15542.69,93.26,Funded,False,marcus_web
TXN0001259,2026-01-01,CUST00170,P001,C003,Northeast,Borrower,19047.46,114.28,Funded,False,loan_origination
TXN0001260,2026-04-03,CUST00320,P003,C005,Northeast,Borrower,17274.19,552.77,Funded,False,loan_origination
TXN0001261,2025-06-13,CUST00156,P001,C005,Southwest,Digital Native,20937.84,125.63,Funded,False,campaign_platform
TXN0001262,2026-04-26,CUST00082,P005,C005,West,Borrower,2824.62,115.81,Funded,False,crm
TXN0001263,2026-04-01,CUST00500,P001,C002,West,Emerging Affluent,19463.82,116.78,Application Started,False,campaign_platform
TXN0001264,2026-01-07,CUST00088,P001,C005,Southwest,Digital Native,19022.88,114.14,Abandoned,False,crm
TXN0001265,2026-08-04,CUST00230,P001,C004,Northeast,Digital Native,14808.22,88.85,Funded,False,crm
TXN0001266,2026-02-08,CUST00070,P005,C003,Southeast,Digital Native,4048.31,165.98,Application Started,True,crm
TXN0001267,2025-03-27,CUST00493,P003,C003,Southeast,Borrower,5604.25,179.34,Funded,False,campaign_platform
TXN0001268,2025-07-16,CUST00087,P003,C003,Southwest,Borrower,26011.3,832.36,Funded,False,marcus_web
TXN0001269,2025-02-23,CUST00251,P003,C002,Northeast,Emerging Affluent,9844.0,315.01,Funded,False,loan_origination
TXN0001270,2025-03-24,CUST00021,P003,C004,Southeast,Mass Affluent,8141.68,260.53,Funded,True,marcus_web
TXN0001271,2025-11-06,CUST00377,P005,C001,Northeast,Mass Affluent,1423.38,58.36,Funded,True,loan_origination
TXN0001272,2026-01-11,CUST00357,P004,C003,Southwest,Mass Affluent,33373.43,266.99,Approved,False,campaign_platform
TXN0001273,2025-12-21,CUST00209,P003,C002,Northeast,Mass Affluent,13259.21,424.29,Funded,True,campaign_platform
TXN0001274,2026-06-06,CUST00471,P001,C003,Southeast,Emerging Affluent,10161.99,60.97,Application Started,True,crm
TXN0001275,2025-03-18,CUST00413,P001,C002,Midwest,Digital Native,19020.94,114.13,Funded,True,marcus_web
TXN0001276,2025-01-14,CUST00443,P001,C001,Northeast,Mass Affluent,20071.05,120.43,Approved,False,marcus_web
TXN0001277,2025-12-05,CUST00080,P005,C004,Midwest,Digital Native,3319.24,136.09,Funded,False,crm
TXN0001278,2025-04-04,CUST00471,P001,C002,Southeast,Emerging Affluent,15096.59,90.58,Approved,True,campaign_platform
TXN0001279,2025-02-21,CUST00406,P002,C002,Northeast,Rate Shopper,25074.47,100.3,Funded,True,crm
TXN0001280,2025-07-10,CUST00363,P004,C005,Midwest,Rate Shopper,14546.74,116.37,Funded,False,marcus_web
TXN0001281,2025-01-07,CUST00227,P002,C005,Midwest,Borrower,49429.84,197.72,Funded,False,crm
TXN0001282,2025-07-12,CUST00359,P001,C001,Midwest,Rate Shopper,26166.65,157.0,Funded,False,crm
TXN0001283,2025-10-31,CUST00084,P004,C005,Southeast,Rate Shopper,14647.74,117.18,Funded,False,loan_origination
TXN0001284,2025-01-08,CUST00377,P002,C005,Northeast,Mass Affluent,20308.67,81.23,Funded,False,loan_origination
TXN0001285,2025-03-05,CUST00145,P002,C001,Northeast,Emerging Affluent,35014.27,140.06,Approved,False,campaign_platform
TXN0001286,2025-04-01,CUST00041,P004,C001,West,Mass Affluent,24718.49,197.75,Funded,False,loan_origination
TXN0001287,2026-08-06,CUST00358,P005,C001,Northeast,Rate Shopper,3032.69,124.34,Funded,False,campaign_platform
TXN0001288,2026-05-16,CUST00190,P004,C003,Midwest,Borrower,36689.48,293.52,Funded,False,crm
TXN0001289,2025-02-13,CUST00117,P005,C002,Southwest,Mass Affluent,2782.46,114.08,Application Started,False,campaign_platform
TXN0001290,2025-06-06,CUST00238,P004,C004,Midwest,Borrower,14633.01,117.06,Funded,False,campaign_platform
TXN0001291,2025-11-21,CUST00487,P001,C002,West,Emerging Affluent,8639.3,51.84,Funded,False,campaign_platform
TXN0001292,2026-08-31,CUST00406,P002,C002,Northeast,Rate Shopper,39945.54,159.78,Abandoned,True,marcus_web
TXN0001293,2025-10-05,CUST00201,P004,C002,Northeast,Digital Native,21159.23,169.27,Funded,False,loan_origination
TXN0001294,2026-09-14,CUST00117,P002,C004,Southwest,Mass Affluent,28688.24,114.75,Approved,False,crm
TXN0001295,2025-04-19,CUST00250,P001,C003,Midwest,Rate Shopper,23082.83,138.5,Funded,False,crm
TXN0001296,2026-03-03,CUST00266,P004,C002,Midwest,Digital Native,24777.12,198.22,Funded,False,crm
TXN0001297,2026-03-16,CUST00174,P003,C005,Southwest,Emerging Affluent,9257.8,296.25,Funded,False,loan_origination
TXN0001298,2026-08-02,CUST00414,P002,C003,Southeast,Borrower,18755.23,75.02,Abandoned,True,campaign_platform
TXN0001299,2025-08-03,CUST00190,P004,C002,Midwest,Borrower,33051.16,264.41,Application Started,False,campaign_platform
TXN0001300,2025-12-15,CUST00403,P003,C005,West,Borrower,11855.8,379.39,Funded,False,crm
TXN0001301,2026-08-10,CUST00462,P002,C003,West,Rate Shopper,33702.37,134.81,Funded,True,crm
TXN0001302,2025-01-20,CUST00251,P005,C004,Northeast,Emerging Affluent,3054.34,125.23,Funded,False,campaign_platform
TXN0001303,2025-11-26,CUST00385,P002,C005,Midwest,Digital Native,36579.33,146.32,Funded,False,loan_origination
TXN0001304,2025-07-17,CUST00035,P004,C004,Northeast,Mass Affluent,26374.94,211.0,Approved,True,crm
TXN0001305,2025-09-10,CUST00187,P001,C004,Northeast,Emerging Affluent,18082.16,108.49,Funded,False,crm
TXN0001306,2026-05-12,CUST00402,P003,C003,Midwest,Borrower,14891.33,476.52,Abandoned,False,crm
TXN0001307,2026-09-12,CUST00422,P002,C005,West,Digital Native,38177.73,152.71,Approved,True,loan_origination
TXN0001308,2025-01-12,CUST00128,P004,C004,Midwest,Mass Affluent,30591.89,244.74,Funded,True,loan_origination
TXN0001309,2025-03-22,CUST00013,P001,C004,Southeast,Borrower,10610.78,63.66,Abandoned,False,campaign_platform
TXN0001310,2026-03-31,CUST00285,P002,C005,Southwest,Digital Native,39008.31,156.03,Approved,True,loan_origination
TXN0001311,2026-09-14,CUST00234,P003,C002,Midwest,Mass Affluent,11602.72,371.29,Funded,False,marcus_web
TXN0001312,2026-05-04,CUST00027,P003,C005,Northeast,Mass Affluent,15374.74,491.99,Funded,False,campaign_platform
TXN0001313,2025-11-28,CUST00282,P001,C004,Midwest,Rate Shopper,13561.49,81.37,Application Started,True,loan_origination
TXN0001314,2025-02-10,CUST00166,P005,C005,Southwest,Digital Native,3807.81,156.12,Application Started,True,crm
TXN0001315,2025-05-24,CUST00255,P001,C001,Southwest,Rate Shopper,22442.91,134.66,Abandoned,True,loan_origination
TXN0001316,2025-03-25,CUST00498,P003,C003,Midwest,Rate Shopper,19529.68,624.95,Funded,False,campaign_platform
TXN0001317,2026-06-22,CUST00206,P005,C001,West,Borrower,1489.04,61.05,Funded,False,marcus_web
TXN0001318,2025-06-12,CUST00417,P002,C004,Southwest,Digital Native,35372.77,141.49,Funded,False,loan_origination
TXN0001319,2026-07-26,CUST00117,P002,C001,Southwest,Mass Affluent,40404.84,161.62,Funded,False,marcus_web
TXN0001320,2025-05-21,CUST00113,P002,C002,Midwest,Digital Native,29056.27,116.23,Funded,False,campaign_platform
TXN0001321,2026-05-20,CUST00010,P005,C003,Southeast,Digital Native,4954.64,203.14,Funded,True,crm
TXN0001322,2025-08-24,CUST00302,P001,C002,Northeast,Emerging Affluent,19468.85,116.81,Funded,True,marcus_web
TXN0001323,2025-06-18,CUST00298,P003,C005,West,Mass Affluent,12170.89,389.47,Funded,False,loan_origination
TXN0001324,2026-06-08,CUST00137,P005,C003,Midwest,Borrower,3587.54,147.09,Funded,False,loan_origination
TXN0001325,2025-09-24,CUST00172,P002,C003,Southwest,Borrower,16299.56,65.2,Funded,False,campaign_platform
TXN0001326,2025-02-12,CUST00105,P002,C001,Midwest,Mass Affluent,35558.06,142.23,Funded,True,crm
TXN0001327,2025-08-08,CUST00103,P005,C003,West,Digital Native,4764.58,195.35,Funded,True,crm
TXN0001328,2026-06-08,CUST00291,P003,C002,Southeast,Digital Native,8379.39,268.14,Funded,True,crm
TXN0001329,2026-05-27,CUST00441,P003,C002,Midwest,Emerging Affluent,19255.34,616.17,Funded,False,crm
TXN0001330,2026-07-29,CUST00472,P004,C004,Midwest,Emerging Affluent,19494.0,155.95,Funded,False,crm
TXN0001331,2025-01-01,CUST00040,P005,C001,Southeast,Rate Shopper,4135.97,169.57,Application Started,False,marcus_web
TXN0001332,2026-08-05,CUST00156,P004,C004,Southwest,Digital Native,13449.93,107.6,Abandoned,True,loan_origination
TXN0001333,2026-01-17,CUST00111,P002,C004,West,Mass Affluent,35722.58,142.89,Funded,False,marcus_web
TXN0001334,2026-04-13,CUST00155,P002,C003,Midwest,Mass Affluent,31520.55,126.08,Abandoned,False,crm
TXN0001335,2025-06-28,CUST00062,P001,C004,Southeast,Rate Shopper,20662.44,123.97,Funded,False,loan_origination
TXN0001336,2026-05-07,CUST00139,P001,C005,Southeast,Rate Shopper,18240.61,109.44,Funded,False,crm
TXN0001337,2025-01-31,CUST00034,P004,C004,Southeast,Digital Native,29973.62,239.79,Funded,True,marcus_web
TXN0001338,2025-10-15,CUST00296,P001,C001,Southeast,Digital Native,19551.56,117.31,Approved,False,crm
TXN0001339,2025-10-06,CUST00411,P003,C001,Northeast,Digital Native,17688.73,566.04,Funded,False,marcus_web
TXN0001340,2026-07-27,CUST00448,P005,C004,Southeast,Rate Shopper,3034.27,124.41,Abandoned,False,crm
TXN0001341,2026-01-08,CUST00367,P001,C003,Southeast,Mass Affluent,23121.49,138.73,Application Started,False,loan_origination
TXN0001342,2026-07-08,CUST00338,P003,C005,Southwest,Borrower,17060.97,545.95,Funded,False,loan_origination
TXN0001343,2026-02-16,CUST00209,P002,C005,Northeast,Mass Affluent,8203.97,32.82,Approved,True,campaign_platform
TXN0001344,2026-01-04,CUST00346,P005,C004,Northeast,Digital Native,5510.09,225.91,Abandoned,True,loan_origination
TXN0001345,2026-01-03,CUST00454,P002,C003,Northeast,Rate Shopper,20683.12,82.73,Funded,False,marcus_web
TXN0001346,2026-09-06,CUST00176,P005,C002,Southeast,Rate Shopper,2228.99,91.39,Funded,False,crm
TXN0001347,2025-07-30,CUST00436,P005,C002,West,Borrower,3708.9,152.06,Application Started,False,marcus_web
TXN0001348,2025-01-05,CUST00267,P001,C005,West,Borrower,12354.33,74.13,Funded,False,crm
TXN0001349,2026-05-16,CUST00379,P002,C003,West,Emerging Affluent,38377.81,153.51,Approved,False,campaign_platform
TXN0001350,2026-08-14,CUST00268,P004,C002,West,Emerging Affluent,30374.38,243.0,Funded,False,marcus_web
TXN0001351,2025-07-12,CUST00116,P004,C002,Midwest,Borrower,18567.53,148.54,Abandoned,False,campaign_platform
TXN0001352,2025-09-05,CUST00074,P001,C003,Midwest,Borrower,4974.73,29.85,Approved,False,crm
TXN0001353,2025-01-25,CUST00278,P001,C002,Southwest,Digital Native,23248.63,139.49,Funded,False,marcus_web
TXN0001354,2025-05-02,CUST00035,P003,C004,Northeast,Mass Affluent,14932.39,477.84,Funded,False,campaign_platform
TXN0001355,2025-12-18,CUST00006,P005,C003,West,Mass Affluent,2616.91,107.29,Funded,False,campaign_platform
TXN0001356,2025-02-12,CUST00326,P005,C005,Midwest,Digital Native,3696.45,151.55,Funded,False,campaign_platform
TXN0001357,2025-09-19,CUST00164,P003,C001,Northeast,Emerging Affluent,11421.59,365.49,Funded,False,marcus_web
TXN0001358,2025-12-26,CUST00217,P005,C005,West,Emerging Affluent,1080.52,44.3,Abandoned,False,marcus_web
TXN0001359,2025-03-30,CUST00195,P001,C004,Midwest,Rate Shopper,10205.89,61.24,Funded,False,marcus_web
TXN0001360,2025-09-05,CUST00233,P004,C003,Northeast,Borrower,23516.66,188.13,Funded,False,loan_origination
TXN0001361,2025-08-10,CUST00159,P005,C004,West,Rate Shopper,2822.06,115.7,Funded,False,marcus_web
TXN0001362,2025-03-12,CUST00479,P005,C004,Midwest,Borrower,2872.18,117.76,Funded,False,campaign_platform
TXN0001363,2025-09-17,CUST00411,P005,C001,Northeast,Digital Native,1711.42,70.17,Funded,False,loan_origination
TXN0001364,2025-10-25,CUST00438,P002,C001,Midwest,Rate Shopper,19501.53,78.01,Funded,False,crm
TXN0001365,2026-05-09,CUST00496,P001,C002,West,Emerging Affluent,17329.34,103.98,Approved,False,crm
TXN0001366,2025-11-06,CUST00396,P004,C001,Northeast,Digital Native,22071.01,176.57,Funded,False,campaign_platform
TXN0001367,2025-04-14,CUST00118,P004,C001,Northeast,Rate Shopper,24098.15,192.79,Abandoned,False,marcus_web
TXN0001368,2026-03-17,CUST00225,P004,C003,Southwest,Emerging Affluent,25519.12,204.15,Funded,False,loan_origination
TXN0001369,2026-03-05,CUST00326,P005,C001,Midwest,Digital Native,2306.66,94.57,Funded,False,marcus_web
TXN0001370,2026-05-02,CUST00045,P003,C003,Midwest,Digital Native,15176.17,485.64,Funded,False,crm
TXN0001371,2025-03-30,CUST00062,P001,C002,Southeast,Rate Shopper,9584.1,57.5,Funded,False,loan_origination
TXN0001372,2025-03-10,CUST00286,P003,C004,West,Borrower,11287.91,361.21,Abandoned,False,campaign_platform
TXN0001373,2025-08-26,CUST00060,P005,C001,Midwest,Digital Native,3478.64,142.62,Approved,False,loan_origination
TXN0001374,2025-04-26,CUST00031,P005,C001,Southeast,Mass Affluent,4104.66,168.29,Funded,True,marcus_web
TXN0001375,2025-09-07,CUST00156,P002,C003,Southwest,Digital Native,37875.88,151.5,Funded,False,campaign_platform
TXN0001376,2026-02-02,CUST00110,P001,C002,Midwest,Digital Native,9300.92,55.81,Funded,False,marcus_web
TXN0001377,2025-05-29,CUST00075,P002,C005,Northeast,Digital Native,29280.82,117.12,Funded,False,crm
TXN0001378,2025-08-19,CUST00127,P004,C003,Southwest,Rate Shopper,19787.29,158.3,Application Started,False,campaign_platform
TXN0001379,2025-01-29,CUST00022,P003,C004,Northeast,Emerging Affluent,17383.51,556.27,Funded,False,crm
TXN0001380,2026-09-22,CUST00384,P002,C004,Southeast,Mass Affluent,41238.0,164.95,Abandoned,False,campaign_platform
TXN0001381,2026-09-06,CUST00331,P002,C002,Northeast,Mass Affluent,16018.15,64.07,Funded,False,campaign_platform
TXN0001382,2025-05-30,CUST00034,P005,C001,Southeast,Digital Native,3025.11,124.03,Approved,True,loan_origination
TXN0001383,2025-12-16,CUST00202,P003,C004,Northeast,Digital Native,12427.65,397.68,Funded,False,campaign_platform
TXN0001384,2026-08-27,CUST00262,P004,C004,Northeast,Digital Native,30999.26,247.99,Funded,False,crm
TXN0001385,2026-05-17,CUST00241,P003,C001,Southeast,Mass Affluent,20684.76,661.91,Funded,True,loan_origination
TXN0001386,2026-09-01,CUST00479,P003,C003,Midwest,Borrower,13529.46,432.94,Funded,False,loan_origination
TXN0001387,2025-07-15,CUST00465,P002,C005,Midwest,Borrower,22310.37,89.24,Application Started,False,campaign_platform
TXN0001388,2026-03-11,CUST00143,P003,C005,West,Borrower,18035.41,577.13,Funded,True,crm
TXN0001389,2026-01-06,CUST00411,P003,C002,Northeast,Digital Native,13001.52,416.05,Funded,False,crm
TXN0001390,2025-07-30,CUST00061,P003,C002,Southeast,Mass Affluent,8237.41,263.6,Funded,False,loan_origination
TXN0001391,2025-09-09,CUST00094,P004,C003,Southwest,Digital Native,12493.17,99.95,Abandoned,False,loan_origination
TXN0001392,2025-03-15,CUST00075,P003,C005,Northeast,Digital Native,19576.37,626.44,Funded,False,campaign_platform
TXN0001393,2025-09-18,CUST00002,P001,C002,Northeast,Borrower,24237.05,145.42,Abandoned,False,loan_origination
TXN0001394,2025-07-23,CUST00262,P005,C004,Northeast,Digital Native,2659.44,109.04,Funded,False,campaign_platform
TXN0001395,2026-03-24,CUST00305,P001,C004,Midwest,Borrower,15591.71,93.55,Funded,False,marcus_web
TXN0001396,2025-04-21,CUST00022,P001,C003,Northeast,Emerging Affluent,20073.03,120.44,Funded,True,marcus_web
TXN0001397,2025-02-10,CUST00474,P004,C002,West,Emerging Affluent,29723.78,237.79,Funded,False,loan_origination
TXN0001398,2025-08-25,CUST00146,P004,C002,West,Rate Shopper,15716.82,125.73,Funded,False,loan_origination
TXN0001399,2025-08-31,CUST00476,P005,C003,Southwest,Borrower,4023.88,164.98,Funded,True,campaign_platform
TXN0001400,2025-01-18,CUST00105,P005,C005,Midwest,Mass Affluent,4359.87,178.75,Abandoned,True,loan_origination
TXN0001401,2025-04-08,CUST00415,P004,C001,West,Mass Affluent,22188.1,177.5,Funded,False,crm
TXN0001402,2025-04-20,CUST00470,P002,C003,Southeast,Digital Native,36648.77,146.6,Funded,False,campaign_platform
TXN0001403,2026-04-02,CUST00297,P005,C004,West,Rate Shopper,3317.46,136.02,Funded,False,campaign_platform
TXN0001404,2026-01-25,CUST00077,P004,C005,West,Digital Native,25448.17,203.59,Funded,False,crm
TXN0001405,2026-06-21,CUST00452,P004,C004,West,Emerging Affluent,21136.75,169.09,Funded,False,campaign_platform
TXN0001406,2025-05-28,CUST00311,P002,C003,West,Rate Shopper,28617.52,114.47,Approved,False,campaign_platform
TXN0001407,2025-08-12,CUST00087,P004,C002,Southwest,Borrower,18919.01,151.35,Funded,False,crm
TXN0001408,2025-01-25,CUST00195,P005,C004,Midwest,Rate Shopper,4249.83,174.24,Funded,False,marcus_web
TXN0001409,2026-08-09,CUST00232,P001,C004,Southeast,Emerging Affluent,14525.95,87.16,Funded,False,campaign_platform
TXN0001410,2025-12-23,CUST00046,P004,C003,Northeast,Digital Native,28232.36,225.86,Funded,False,loan_origination
TXN0001411,2025-08-13,CUST00246,P002,C002,West,Rate Shopper,35244.2,140.98,Funded,False,marcus_web
TXN0001412,2025-08-23,CUST00196,P003,C001,Northeast,Borrower,8690.87,278.11,Funded,False,marcus_web
TXN0001413,2025-09-14,CUST00316,P005,C001,Southeast,Rate Shopper,5481.64,224.75,Funded,False,campaign_platform
TXN0001414,2026-02-24,CUST00143,P002,C002,West,Borrower,37466.51,149.87,Funded,False,crm
TXN0001415,2025-02-23,CUST00447,P001,C005,Southwest,Borrower,8112.04,48.67,Application Started,False,crm
TXN0001416,2026-03-10,CUST00148,P005,C004,Southeast,Borrower,2337.34,95.83,Application Started,True,crm
TXN0001417,2025-04-14,CUST00309,P001,C001,Midwest,Digital Native,16685.09,100.11,Funded,False,loan_origination
TXN0001418,2026-07-01,CUST00371,P002,C002,Southwest,Emerging Affluent,43404.61,173.62,Abandoned,True,marcus_web
TXN0001419,2026-06-10,CUST00167,P002,C003,Southwest,Emerging Affluent,31315.6,125.26,Application Started,False,crm
TXN0001420,2025-05-16,CUST00025,P004,C002,Northeast,Rate Shopper,13630.71,109.05,Funded,False,loan_origination
TXN0001421,2025-09-09,CUST00294,P003,C004,Midwest,Rate Shopper,6830.35,218.57,Approved,True,marcus_web
TXN0001422,2025-01-01,CUST00035,P004,C002,Northeast,Mass Affluent,25385.21,203.08,Funded,False,campaign_platform
TXN0001423,2026-07-09,CUST00347,P004,C005,West,Digital Native,19599.17,156.79,Funded,False,loan_origination
TXN0001424,2026-02-19,CUST00403,P005,C005,West,Borrower,878.73,36.03,Approved,False,campaign_platform
TXN0001425,2025-05-10,CUST00086,P005,C004,West,Mass Affluent,3457.59,141.76,Funded,False,loan_origination
TXN0001426,2026-01-27,CUST00060,P005,C004,Midwest,Digital Native,2482.24,101.77,Funded,False,loan_origination
TXN0001427,2025-08-09,CUST00250,P002,C001,Midwest,Rate Shopper,14610.79,58.44,Funded,False,crm
TXN0001428,2025-09-08,CUST00333,P003,C004,Southeast,Emerging Affluent,17352.57,555.28,Funded,False,campaign_platform
TXN0001429,2026-04-23,CUST00130,P004,C004,Northeast,Emerging Affluent,20285.11,162.28,Funded,True,marcus_web
TXN0001430,2025-10-30,CUST00126,P002,C001,Northeast,Mass Affluent,18137.88,72.55,Funded,False,campaign_platform
TXN0001431,2026-09-05,CUST00455,P004,C001,Southeast,Rate Shopper,18105.08,144.84,Funded,True,campaign_platform
TXN0001432,2025-07-18,CUST00035,P003,C003,Northeast,Mass Affluent,23558.45,753.87,Funded,False,marcus_web
TXN0001433,2025-10-04,CUST00052,P002,C005,Southeast,Rate Shopper,37490.4,149.96,Funded,False,campaign_platform
TXN0001434,2026-04-17,CUST00207,P003,C005,Northeast,Mass Affluent,16725.93,535.23,Funded,False,loan_origination
TXN0001435,2025-05-07,CUST00027,P005,C005,Northeast,Mass Affluent,4604.66,188.79,Funded,False,marcus_web
TXN0001436,2025-12-05,CUST00496,P002,C004,West,Emerging Affluent,16355.47,65.42,Funded,False,loan_origination
TXN0001437,2025-04-06,CUST00074,P002,C002,Midwest,Borrower,21365.4,85.46,Funded,True,marcus_web
TXN0001438,2026-03-05,CUST00489,P002,C002,Southeast,Borrower,21913.25,87.65,Funded,False,crm
TXN0001439,2025-09-19,CUST00219,P005,C005,Midwest,Emerging Affluent,3968.89,162.72,Abandoned,True,marcus_web
TXN0001440,2025-08-13,CUST00136,P004,C001,Northeast,Rate Shopper,21681.64,173.45,Funded,False,campaign_platform
TXN0001441,2025-12-17,CUST00059,P001,C004,West,Rate Shopper,4958.82,29.75,Application Started,False,loan_origination
TXN0001442,2025-12-05,CUST00296,P005,C005,Southeast,Digital Native,1109.0,45.47,Funded,False,crm
TXN0001443,2025-10-13,CUST00342,P005,C005,West,Emerging Affluent,3872.17,158.76,Funded,False,campaign_platform
TXN0001444,2026-06-06,CUST00248,P003,C003,Southeast,Borrower,6234.37,199.5,Funded,False,campaign_platform
TXN0001445,2025-09-21,CUST00027,P005,C003,Northeast,Mass Affluent,3697.15,151.58,Funded,False,crm
TXN0001446,2026-07-10,CUST00238,P002,C001,Midwest,Borrower,30317.42,121.27,Funded,False,campaign_platform
TXN0001447,2025-11-03,CUST00215,P005,C003,Northeast,Mass Affluent,3782.1,155.07,Funded,False,marcus_web
TXN0001448,2026-03-23,CUST00397,P003,C001,Southeast,Mass Affluent,15974.52,511.18,Funded,False,campaign_platform
TXN0001449,2026-01-15,CUST00243,P001,C003,Southwest,Borrower,21402.13,128.41,Application Started,False,campaign_platform
TXN0001450,2026-03-17,CUST00302,P002,C004,Northeast,Emerging Affluent,31686.3,126.75,Application Started,False,crm
TXN0001451,2025-12-01,CUST00173,P002,C005,Southeast,Digital Native,11588.43,46.35,Funded,True,marcus_web
TXN0001452,2026-05-20,CUST00077,P005,C004,West,Digital Native,1984.57,81.37,Application Started,False,crm
TXN0001453,2025-07-01,CUST00027,P001,C004,Northeast,Mass Affluent,23119.47,138.72,Application Started,False,loan_origination
TXN0001454,2025-02-11,CUST00342,P005,C001,West,Emerging Affluent,3389.58,138.97,Funded,False,marcus_web
TXN0001455,2025-02-10,CUST00020,P005,C001,Southeast,Digital Native,1635.06,67.04,Funded,True,campaign_platform
TXN0001456,2025-10-01,CUST00422,P004,C001,West,Digital Native,12590.91,100.73,Funded,False,marcus_web
TXN0001457,2025-05-22,CUST00426,P005,C003,West,Digital Native,4603.45,188.74,Funded,False,marcus_web
TXN0001458,2025-10-18,CUST00255,P005,C002,Southwest,Rate Shopper,3806.72,156.08,Funded,False,crm
TXN0001459,2026-01-03,CUST00356,P004,C004,Northeast,Emerging Affluent,28285.68,226.29,Funded,False,campaign_platform
TXN0001460,2025-12-01,CUST00414,P002,C003,Southeast,Borrower,24584.52,98.34,Funded,False,crm
TXN0001461,2026-08-25,CUST00019,P001,C001,Southeast,Emerging Affluent,20520.61,123.12,Abandoned,True,marcus_web
TXN0001462,2026-08-17,CUST00145,P003,C003,Northeast,Emerging Affluent,12473.12,399.14,Funded,False,campaign_platform
TXN0001463,2025-11-06,CUST00063,P005,C005,Southwest,Rate Shopper,3909.92,160.31,Funded,True,crm
TXN0001464,2025-03-09,CUST00201,P002,C003,Northeast,Digital Native,24516.06,98.06,Funded,False,loan_origination
TXN0001465,2026-04-20,CUST00200,P002,C004,Southeast,Digital Native,21818.85,87.28,Approved,False,crm
TXN0001466,2025-11-19,CUST00418,P003,C004,Midwest,Mass Affluent,10215.6,326.9,Abandoned,False,crm
TXN0001467,2026-03-02,CUST00004,P002,C003,Northeast,Emerging Affluent,43075.77,172.3,Funded,True,crm
TXN0001468,2026-05-23,CUST00123,P005,C005,Northeast,Rate Shopper,4463.84,183.02,Abandoned,False,crm
TXN0001469,2026-01-05,CUST00214,P001,C001,Southwest,Mass Affluent,15282.2,91.69,Funded,True,campaign_platform
TXN0001470,2025-08-05,CUST00396,P005,C002,Northeast,Digital Native,1248.87,51.2,Funded,False,loan_origination
TXN0001471,2026-08-28,CUST00272,P004,C005,Northeast,Mass Affluent,13939.05,111.51,Funded,False,marcus_web
TXN0001472,2025-10-25,CUST00233,P005,C005,Northeast,Borrower,2199.05,90.16,Funded,False,marcus_web
TXN0001473,2026-02-22,CUST00146,P003,C001,West,Rate Shopper,3370.62,107.86,Funded,False,campaign_platform
TXN0001474,2026-08-09,CUST00476,P004,C005,Southwest,Borrower,11384.74,91.08,Funded,False,crm
TXN0001475,2025-02-09,CUST00231,P003,C003,West,Digital Native,17570.15,562.24,Funded,False,marcus_web
TXN0001476,2025-08-16,CUST00272,P002,C001,Northeast,Mass Affluent,14174.87,56.7,Abandoned,False,campaign_platform
TXN0001477,2025-03-19,CUST00002,P004,C001,Northeast,Borrower,23990.42,191.92,Approved,False,campaign_platform
TXN0001478,2026-09-07,CUST00009,P005,C003,West,Emerging Affluent,2352.5,96.45,Funded,False,crm
TXN0001479,2025-04-29,CUST00274,P005,C003,West,Borrower,4767.93,195.49,Funded,False,crm
TXN0001480,2026-03-16,CUST00280,P002,C001,Southeast,Borrower,9996.41,39.99,Funded,False,campaign_platform
TXN0001481,2025-09-22,CUST00011,P001,C002,Southeast,Borrower,20552.02,123.31,Funded,True,campaign_platform
TXN0001482,2025-04-10,CUST00105,P002,C003,Midwest,Mass Affluent,33862.98,135.45,Approved,False,marcus_web
TXN0001483,2025-01-04,CUST00040,P002,C001,Southeast,Rate Shopper,30344.21,121.38,Approved,False,loan_origination
TXN0001484,2026-04-08,CUST00495,P002,C001,Southwest,Digital Native,25996.1,103.98,Funded,False,campaign_platform
TXN0001485,2026-09-22,CUST00262,P001,C004,Northeast,Digital Native,17535.32,105.21,Approved,False,campaign_platform
TXN0001486,2025-09-14,CUST00413,P002,C005,Midwest,Digital Native,30878.42,123.51,Approved,False,marcus_web
TXN0001487,2025-12-17,CUST00033,P002,C002,West,Borrower,36274.0,145.1,Funded,False,loan_origination
TXN0001488,2026-03-19,CUST00016,P003,C004,Southwest,Mass Affluent,22385.15,716.32,Funded,False,campaign_platform
TXN0001489,2026-09-28,CUST00109,P002,C002,Northeast,Borrower,16422.9,65.69,Approved,True,crm
TXN0001490,2026-04-14,CUST00428,P004,C005,Midwest,Mass Affluent,11910.56,95.28,Funded,False,crm
TXN0001491,2026-04-09,CUST00461,P001,C001,West,Rate Shopper,21108.68,126.65,Funded,False,loan_origination
TXN0001492,2025-01-08,CUST00333,P003,C004,Southeast,Emerging Affluent,20608.64,659.48,Abandoned,False,marcus_web
TXN0001493,2026-06-18,CUST00069,P001,C005,Southwest,Mass Affluent,15094.98,90.57,Funded,False,loan_origination
TXN0001494,2025-11-21,CUST00062,P005,C001,Southeast,Rate Shopper,2990.2,122.6,Funded,False,campaign_platform
TXN0001495,2025-02-26,CUST00151,P001,C001,Midwest,Emerging Affluent,26640.26,159.84,Abandoned,False,campaign_platform
TXN0001496,2026-02-26,CUST00079,P003,C003,Southeast,Rate Shopper,11696.01,374.27,Abandoned,False,loan_origination
TXN0001497,2025-11-04,CUST00039,P004,C003,Northeast,Rate Shopper,20522.36,164.18,Funded,True,marcus_web
TXN0001498,2026-09-10,CUST00446,P002,C005,Southwest,Rate Shopper,28201.51,112.81,Funded,True,marcus_web
TXN0001499,2025-11-22,CUST00049,P003,C003,West,Emerging Affluent,16962.64,542.8,Funded,False,crm
TXN0001500,2026-07-18,CUST00026,P003,C003,Southeast,Rate Shopper,12420.9,397.47,Approved,False,marcus_web
TXN0001501,2026-07-14,CUST00416,P005,C005,West,Digital Native,2784.95,114.18,Funded,False,marcus_web
TXN0001502,2025-12-08,CUST00160,P004,C001,Southwest,Digital Native,31336.5,250.69,Funded,True,marcus_web
TXN0001503,2025-04-20,CUST00049,P005,C001,West,Emerging Affluent,3456.26,141.71,Approved,False,marcus_web
TXN0001504,2026-07-29,CUST00136,P002,C005,Northeast,Rate Shopper,25243.17,100.97,Application Started,True,loan_origination
TXN0001505,2025-04-17,CUST00087,P002,C005,Southwest,Borrower,25814.28,103.26,Funded,False,crm
TXN0001506,2026-02-22,CUST00378,P005,C002,West,Emerging Affluent,3048.76,125.0,Funded,False,loan_origination
TXN0001507,2026-07-15,CUST00296,P002,C004,Southeast,Digital Native,27759.98,111.04,Funded,False,loan_origination
TXN0001508,2026-08-28,CUST00177,P002,C004,Southwest,Borrower,36986.64,147.95,Funded,False,loan_origination
TXN0001509,2026-03-07,CUST00128,P005,C001,Midwest,Mass Affluent,3152.04,129.23,Funded,True,crm
TXN0001510,2026-08-14,CUST00383,P003,C002,West,Mass Affluent,21416.17,685.32,Funded,False,marcus_web
TXN0001511,2025-02-11,CUST00496,P002,C002,West,Emerging Affluent,27860.15,111.44,Funded,True,campaign_platform
TXN0001512,2025-04-26,CUST00069,P002,C003,Southwest,Mass Affluent,34116.22,136.46,Funded,False,marcus_web
TXN0001513,2025-04-20,CUST00425,P001,C004,West,Borrower,14275.94,85.66,Funded,False,marcus_web
TXN0001514,2026-02-25,CUST00445,P003,C003,Northeast,Digital Native,19139.23,612.46,Funded,False,loan_origination
TXN0001515,2025-07-31,CUST00228,P002,C002,Midwest,Emerging Affluent,22320.11,89.28,Funded,False,crm
TXN0001516,2026-03-24,CUST00251,P004,C003,Northeast,Emerging Affluent,25186.56,201.49,Funded,True,campaign_platform
TXN0001517,2026-04-15,CUST00082,P001,C001,West,Borrower,13795.58,82.77,Funded,False,loan_origination
TXN0001518,2025-01-15,CUST00144,P002,C004,Midwest,Mass Affluent,26030.27,104.12,Funded,False,marcus_web
TXN0001519,2025-11-07,CUST00301,P004,C003,West,Emerging Affluent,16813.39,134.51,Funded,True,campaign_platform
TXN0001520,2025-06-14,CUST00494,P004,C003,Southeast,Emerging Affluent,15378.14,123.03,Funded,False,crm
TXN0001521,2026-01-29,CUST00009,P002,C004,West,Emerging Affluent,31473.15,125.89,Funded,False,marcus_web
TXN0001522,2025-09-18,CUST00138,P003,C005,Midwest,Rate Shopper,26625.83,852.03,Funded,True,loan_origination
TXN0001523,2025-03-06,CUST00383,P004,C001,West,Mass Affluent,7395.64,59.17,Funded,False,crm
TXN0001524,2026-08-12,CUST00388,P005,C005,Midwest,Mass Affluent,2246.38,92.1,Approved,False,crm
TXN0001525,2025-01-04,CUST00322,P004,C005,Southeast,Emerging Affluent,22906.85,183.25,Approved,False,campaign_platform
TXN0001526,2026-05-08,CUST00291,P003,C001,Southeast,Digital Native,15312.91,490.01,Funded,True,loan_origination
TXN0001527,2025-10-06,CUST00370,P004,C003,Southwest,Rate Shopper,12710.21,101.68,Funded,False,loan_origination
TXN0001528,2025-07-20,CUST00050,P004,C004,Midwest,Borrower,16411.68,131.29,Application Started,False,loan_origination
TXN0001529,2026-06-30,CUST00183,P004,C002,Southwest,Emerging Affluent,19230.34,153.84,Abandoned,True,marcus_web
TXN0001530,2025-08-25,CUST00053,P005,C002,West,Rate Shopper,3896.8,159.77,Funded,True,campaign_platform
TXN0001531,2025-04-16,CUST00212,P005,C001,Southeast,Mass Affluent,1914.82,78.51,Funded,True,crm
TXN0001532,2025-02-07,CUST00112,P003,C001,Northeast,Rate Shopper,1928.09,61.7,Funded,False,campaign_platform
TXN0001533,2026-04-06,CUST00062,P003,C005,Southeast,Rate Shopper,16260.08,520.32,Abandoned,False,marcus_web
TXN0001534,2026-07-04,CUST00413,P003,C005,Midwest,Digital Native,13100.82,419.23,Approved,False,crm
TXN0001535,2026-07-09,CUST00023,P004,C003,Southeast,Borrower,28452.9,227.62,Approved,False,campaign_platform
TXN0001536,2025-12-05,CUST00419,P002,C004,Midwest,Emerging Affluent,40791.07,163.16,Funded,False,crm
TXN0001537,2025-01-01,CUST00474,P005,C003,West,Emerging Affluent,2269.29,93.04,Funded,False,crm
TXN0001538,2025-01-22,CUST00014,P001,C005,Southwest,Borrower,20580.82,123.48,Funded,True,crm
TXN0001539,2025-07-20,CUST00120,P001,C002,Midwest,Rate Shopper,19951.19,119.71,Funded,True,campaign_platform
TXN0001540,2025-02-02,CUST00116,P005,C002,Midwest,Borrower,2542.64,104.25,Funded,False,crm
TXN0001541,2025-06-07,CUST00188,P003,C004,Midwest,Mass Affluent,10845.06,347.04,Funded,False,crm
TXN0001542,2025-06-29,CUST00192,P001,C005,West,Rate Shopper,6964.58,41.79,Funded,False,marcus_web
TXN0001543,2025-03-16,CUST00044,P002,C002,Midwest,Emerging Affluent,29574.56,118.3,Funded,False,loan_origination
TXN0001544,2026-06-28,CUST00366,P005,C005,West,Borrower,3641.43,149.3,Abandoned,False,loan_origination
TXN0001545,2026-09-01,CUST00454,P004,C002,Northeast,Rate Shopper,12244.88,97.96,Abandoned,False,campaign_platform
TXN0001546,2026-09-13,CUST00143,P003,C003,West,Borrower,13153.85,420.92,Funded,False,marcus_web
TXN0001547,2026-01-20,CUST00101,P004,C003,Northeast,Mass Affluent,23216.34,185.73,Funded,False,crm
TXN0001548,2026-07-01,CUST00462,P001,C002,West,Rate Shopper,11025.66,66.15,Abandoned,True,campaign_platform
TXN0001549,2025-02-24,CUST00203,P005,C002,Northeast,Rate Shopper,1815.0,74.42,Funded,True,marcus_web
TXN0001550,2025-03-17,CUST00261,P005,C005,Midwest,Emerging Affluent,3043.09,124.77,Funded,False,loan_origination
TXN0001551,2025-09-23,CUST00269,P005,C001,Midwest,Emerging Affluent,3101.16,127.15,Application Started,True,campaign_platform
TXN0001552,2025-08-14,CUST00436,P002,C002,West,Borrower,38894.91,155.58,Funded,True,crm
TXN0001553,2026-03-09,CUST00320,P004,C001,Northeast,Borrower,20239.96,161.92,Approved,False,crm
TXN0001554,2025-01-31,CUST00349,P003,C003,Midwest,Rate Shopper,8222.02,263.1,Funded,True,marcus_web
TXN0001555,2025-03-27,CUST00397,P001,C001,Southeast,Mass Affluent,13334.34,80.01,Approved,False,marcus_web
TXN0001556,2025-04-11,CUST00353,P002,C004,Midwest,Borrower,41286.48,165.15,Funded,False,loan_origination
TXN0001557,2025-06-03,CUST00030,P005,C001,West,Borrower,4167.62,170.87,Funded,False,loan_origination
TXN0001558,2025-06-13,CUST00386,P003,C003,Southeast,Rate Shopper,14179.95,453.76,Funded,False,campaign_platform
TXN0001559,2025-03-20,CUST00148,P004,C005,Southeast,Borrower,30399.15,243.19,Funded,False,marcus_web
TXN0001560,2025-02-11,CUST00161,P004,C004,Southwest,Mass Affluent,33649.06,269.19,Funded,False,marcus_web
TXN0001561,2025-09-25,CUST00307,P001,C001,Southeast,Digital Native,22624.5,135.75,Funded,True,loan_origination
TXN0001562,2026-01-22,CUST00272,P002,C004,Northeast,Mass Affluent,20945.58,83.78,Funded,True,crm
TXN0001563,2025-08-22,CUST00409,P003,C005,Northeast,Borrower,19366.51,619.73,Funded,False,crm
TXN0001564,2025-02-12,CUST00402,P005,C004,Midwest,Borrower,3136.95,128.61,Funded,True,campaign_platform
TXN0001565,2025-09-04,CUST00028,P004,C002,Southwest,Emerging Affluent,9190.73,73.53,Funded,False,marcus_web
TXN0001566,2025-07-09,CUST00396,P005,C005,Northeast,Digital Native,4379.39,179.55,Funded,True,marcus_web
TXN0001567,2025-09-16,CUST00476,P001,C004,Southwest,Borrower,19650.29,117.9,Funded,False,marcus_web
TXN0001568,2026-07-15,CUST00134,P003,C002,Southwest,Borrower,12248.83,391.96,Abandoned,False,crm
TXN0001569,2025-07-12,CUST00265,P002,C004,Midwest,Digital Native,23612.75,94.45,Funded,True,marcus_web
TXN0001570,2025-10-30,CUST00073,P004,C005,Southwest,Mass Affluent,21503.62,172.03,Approved,False,loan_origination
TXN0001571,2025-01-22,CUST00209,P003,C002,Northeast,Mass Affluent,14742.26,471.75,Approved,False,campaign_platform
TXN0001572,2025-09-15,CUST00110,P001,C003,Midwest,Digital Native,24566.78,147.4,Funded,False,campaign_platform
TXN0001573,2025-12-30,CUST00150,P004,C002,Southwest,Borrower,29026.06,232.21,Funded,False,crm
TXN0001574,2025-12-15,CUST00207,P002,C003,Northeast,Mass Affluent,23965.26,95.86,Funded,True,crm
TXN0001575,2026-04-27,CUST00492,P001,C001,Southeast,Digital Native,13350.07,80.1,Funded,False,marcus_web
TXN0001576,2026-01-13,CUST00396,P002,C001,Northeast,Digital Native,33778.62,135.11,Funded,False,crm
TXN0001577,2025-05-18,CUST00426,P003,C003,West,Digital Native,5140.14,164.48,Funded,False,marcus_web
TXN0001578,2025-09-02,CUST00149,P001,C003,Southwest,Digital Native,20544.9,123.27,Funded,True,loan_origination
TXN0001579,2026-08-25,CUST00100,P005,C003,Southwest,Mass Affluent,2500.46,102.52,Funded,True,crm
TXN0001580,2025-04-07,CUST00413,P001,C001,Midwest,Digital Native,27081.44,162.49,Approved,False,campaign_platform
TXN0001581,2025-02-19,CUST00370,P001,C005,Southwest,Rate Shopper,14711.01,88.27,Funded,False,crm
TXN0001582,2026-02-19,CUST00253,P002,C002,Midwest,Emerging Affluent,23100.36,92.4,Funded,False,marcus_web
TXN0001583,2025-03-20,CUST00452,P004,C001,West,Emerging Affluent,38578.84,308.63,Funded,False,loan_origination
TXN0001584,2026-05-28,CUST00200,P001,C004,Southeast,Digital Native,14170.79,85.02,Application Started,False,marcus_web
TXN0001585,2025-01-28,CUST00006,P002,C002,West,Mass Affluent,29308.21,117.23,Funded,False,marcus_web
TXN0001586,2026-06-21,CUST00282,P002,C005,Midwest,Rate Shopper,26960.3,107.84,Abandoned,True,campaign_platform
TXN0001587,2025-09-28,CUST00171,P004,C004,Southeast,Emerging Affluent,20137.94,161.1,Funded,False,campaign_platform
TXN0001588,2025-08-07,CUST00470,P001,C005,Southeast,Digital Native,6374.5,38.25,Funded,False,loan_origination
TXN0001589,2025-11-15,CUST00069,P001,C001,Southwest,Mass Affluent,8891.59,53.35,Application Started,False,loan_origination
TXN0001590,2025-08-20,CUST00056,P005,C003,Northeast,Mass Affluent,1965.15,80.57,Funded,False,loan_origination
TXN0001591,2025-05-23,CUST00430,P001,C005,Northeast,Mass Affluent,18263.94,109.58,Funded,False,crm
TXN0001592,2025-06-01,CUST00311,P005,C005,West,Rate Shopper,2055.46,84.27,Funded,False,loan_origination
TXN0001593,2025-04-05,CUST00173,P004,C001,Southeast,Digital Native,21932.12,175.46,Approved,False,crm
TXN0001594,2025-02-13,CUST00267,P005,C004,West,Borrower,3505.19,143.71,Application Started,False,loan_origination
TXN0001595,2026-03-15,CUST00122,P004,C004,Midwest,Mass Affluent,9488.57,75.91,Funded,False,marcus_web
TXN0001596,2025-01-19,CUST00383,P002,C004,West,Mass Affluent,33602.19,134.41,Abandoned,False,marcus_web
TXN0001597,2026-02-04,CUST00267,P002,C003,West,Borrower,16649.66,66.6,Approved,False,campaign_platform
TXN0001598,2025-11-25,CUST00079,P004,C001,Southeast,Rate Shopper,28304.8,226.44,Abandoned,True,crm
TXN0001599,2025-12-15,CUST00394,P002,C003,Northeast,Rate Shopper,16250.06,65.0,Funded,True,marcus_web
TXN0001600,2026-07-29,CUST00249,P004,C004,Northeast,Rate Shopper,33176.53,265.41,Funded,True,crm
TXN0001601,2025-02-11,CUST00269,P003,C003,Midwest,Emerging Affluent,17726.08,567.23,Funded,False,campaign_platform
TXN0001602,2025-11-02,CUST00400,P002,C003,Southeast,Emerging Affluent,32351.89,129.41,Funded,False,crm
TXN0001603,2025-08-28,CUST00209,P001,C002,Northeast,Mass Affluent,12674.34,76.05,Funded,True,loan_origination
TXN0001604,2025-02-18,CUST00232,P001,C005,Southeast,Emerging Affluent,11122.12,66.73,Funded,False,marcus_web
TXN0001605,2026-08-11,CUST00412,P003,C003,Northeast,Emerging Affluent,14876.15,476.04,Abandoned,False,crm
TXN0001606,2026-03-07,CUST00207,P005,C005,Northeast,Mass Affluent,3381.65,138.65,Approved,False,campaign_platform
TXN0001607,2026-09-12,CUST00446,P003,C005,Southwest,Rate Shopper,15000.95,480.03,Funded,False,campaign_platform
TXN0001608,2025-05-29,CUST00046,P005,C003,Northeast,Digital Native,1349.03,55.31,Funded,False,campaign_platform
TXN0001609,2025-05-31,CUST00327,P005,C002,Southwest,Mass Affluent,2947.48,120.85,Funded,False,loan_origination
TXN0001610,2025-06-29,CUST00292,P005,C002,Midwest,Rate Shopper,3656.93,149.93,Application Started,True,crm
TXN0001611,2026-02-18,CUST00151,P002,C004,Midwest,Emerging Affluent,4876.21,19.5,Funded,False,marcus_web
TXN0001612,2026-02-12,CUST00286,P004,C002,West,Borrower,14344.57,114.76,Funded,False,campaign_platform
TXN0001613,2025-06-28,CUST00498,P001,C004,Midwest,Rate Shopper,17975.35,107.85,Abandoned,False,crm
TXN0001614,2025-09-07,CUST00167,P005,C003,Southwest,Emerging Affluent,2236.1,91.68,Application Started,False,marcus_web
TXN0001615,2025-12-19,CUST00429,P003,C001,Southwest,Mass Affluent,24771.09,792.67,Funded,True,campaign_platform
TXN0001616,2025-05-31,CUST00175,P001,C005,Northeast,Borrower,14728.03,88.37,Funded,False,crm
TXN0001617,2026-07-18,CUST00223,P003,C001,West,Emerging Affluent,10841.68,346.93,Funded,True,crm
TXN0001618,2026-03-13,CUST00008,P005,C004,Southwest,Digital Native,3935.25,161.35,Funded,False,crm
TXN0001619,2025-11-18,CUST00393,P002,C005,West,Rate Shopper,3117.39,12.47,Approved,True,crm
TXN0001620,2026-07-09,CUST00398,P003,C004,Southwest,Borrower,8315.61,266.1,Funded,False,loan_origination
TXN0001621,2025-02-11,CUST00436,P005,C003,West,Borrower,4493.91,184.25,Funded,False,marcus_web
TXN0001622,2026-09-07,CUST00004,P005,C004,Northeast,Emerging Affluent,1524.02,62.48,Funded,False,marcus_web
TXN0001623,2026-05-31,CUST00029,P001,C004,Southwest,Digital Native,18769.32,112.62,Funded,False,marcus_web
TXN0001624,2026-06-25,CUST00025,P001,C004,Northeast,Rate Shopper,20476.25,122.86,Funded,False,marcus_web
TXN0001625,2025-11-26,CUST00151,P005,C001,Midwest,Emerging Affluent,4280.31,175.49,Funded,False,crm
TXN0001626,2026-02-26,CUST00447,P005,C004,Southwest,Borrower,3583.76,146.93,Funded,True,loan_origination
TXN0001627,2025-01-18,CUST00113,P003,C003,Midwest,Digital Native,18837.68,602.81,Funded,False,marcus_web
TXN0001628,2026-02-17,CUST00366,P004,C002,West,Borrower,16942.44,135.54,Approved,False,crm
TXN0001629,2025-01-20,CUST00306,P002,C003,Southwest,Mass Affluent,23096.24,92.38,Application Started,False,campaign_platform
TXN0001630,2025-06-14,CUST00473,P004,C001,Northeast,Emerging Affluent,20844.33,166.75,Funded,False,marcus_web
TXN0001631,2026-02-11,CUST00394,P003,C001,Northeast,Rate Shopper,21509.11,688.29,Funded,False,crm
TXN0001632,2025-04-02,CUST00104,P004,C002,Southwest,Emerging Affluent,17522.41,140.18,Abandoned,False,loan_origination
TXN0001633,2025-12-20,CUST00184,P002,C002,Northeast,Rate Shopper,35264.17,141.06,Funded,False,campaign_platform
TXN0001634,2025-04-15,CUST00006,P002,C002,West,Mass Affluent,22169.83,88.68,Funded,True,campaign_platform
TXN0001635,2025-09-01,CUST00058,P002,C004,Southwest,Borrower,38990.44,155.96,Funded,False,loan_origination
TXN0001636,2025-08-12,CUST00193,P001,C002,West,Rate Shopper,2352.33,14.11,Funded,False,loan_origination
TXN0001637,2025-02-20,CUST00158,P003,C005,Midwest,Emerging Affluent,14036.3,449.16,Funded,True,campaign_platform
TXN0001638,2025-04-07,CUST00151,P005,C001,Midwest,Emerging Affluent,2526.91,103.6,Funded,False,marcus_web
TXN0001639,2025-09-14,CUST00122,P004,C002,Midwest,Mass Affluent,25824.61,206.6,Funded,False,campaign_platform
TXN0001640,2025-06-24,CUST00380,P004,C005,Midwest,Digital Native,15245.57,121.96,Application Started,True,crm
TXN0001641,2026-08-27,CUST00328,P001,C004,Southeast,Digital Native,14105.11,84.63,Funded,True,campaign_platform
TXN0001642,2025-12-15,CUST00088,P005,C005,Southwest,Digital Native,3039.53,124.62,Approved,False,campaign_platform
TXN0001643,2026-07-07,CUST00120,P004,C002,Midwest,Rate Shopper,22166.64,177.33,Funded,False,loan_origination
TXN0001644,2025-08-23,CUST00210,P001,C003,West,Emerging Affluent,21110.91,126.67,Funded,False,marcus_web
TXN0001645,2026-03-15,CUST00253,P005,C005,Midwest,Emerging Affluent,1100.33,45.11,Funded,False,marcus_web
TXN0001646,2026-02-19,CUST00207,P004,C002,Northeast,Mass Affluent,32107.16,256.86,Funded,False,marcus_web
TXN0001647,2026-07-08,CUST00187,P001,C004,Northeast,Emerging Affluent,23726.07,142.36,Funded,True,loan_origination
TXN0001648,2026-02-07,CUST00168,P002,C001,Southeast,Borrower,37878.27,151.51,Funded,False,marcus_web
TXN0001649,2026-04-04,CUST00398,P003,C005,Southwest,Borrower,21635.66,692.34,Funded,True,marcus_web
TXN0001650,2026-08-08,CUST00268,P002,C001,West,Emerging Affluent,21453.1,85.81,Funded,False,campaign_platform
TXN0001651,2026-07-25,CUST00387,P005,C001,West,Emerging Affluent,1576.66,64.64,Funded,False,loan_origination
TXN0001652,2025-06-12,CUST00402,P005,C001,Midwest,Borrower,2160.72,88.59,Funded,False,loan_origination
TXN0001653,2025-08-24,CUST00409,P001,C005,Northeast,Borrower,13876.8,83.26,Abandoned,False,loan_origination
TXN0001654,2025-11-02,CUST00260,P003,C002,Midwest,Emerging Affluent,9094.08,291.01,Application Started,False,marcus_web
TXN0001655,2025-12-22,CUST00332,P001,C003,Southwest,Mass Affluent,10445.35,62.67,Funded,False,marcus_web
TXN0001656,2026-01-01,CUST00356,P004,C001,Northeast,Emerging Affluent,24881.05,199.05,Abandoned,True,campaign_platform
TXN0001657,2025-07-20,CUST00230,P004,C004,Northeast,Digital Native,2021.69,16.17,Funded,False,campaign_platform
TXN0001658,2026-09-21,CUST00141,P004,C001,Southwest,Mass Affluent,16967.99,135.74,Funded,False,campaign_platform
TXN0001659,2026-05-20,CUST00254,P005,C005,Northeast,Mass Affluent,2722.57,111.63,Funded,False,campaign_platform
TXN0001660,2025-11-24,CUST00368,P002,C002,Southwest,Rate Shopper,30575.17,122.3,Funded,True,marcus_web
TXN0001661,2026-06-21,CUST00405,P005,C003,Midwest,Rate Shopper,4808.71,197.16,Funded,False,loan_origination
TXN0001662,2026-01-05,CUST00027,P003,C001,Northeast,Mass Affluent,14529.98,464.96,Approved,False,loan_origination
TXN0001663,2025-02-09,CUST00352,P004,C005,Midwest,Mass Affluent,25902.81,207.22,Funded,False,loan_origination
TXN0001664,2025-09-15,CUST00437,P003,C003,Southwest,Rate Shopper,15001.32,480.04,Funded,False,campaign_platform
TXN0001665,2025-05-24,CUST00304,P004,C002,Northeast,Mass Affluent,13466.82,107.73,Funded,False,crm
TXN0001666,2025-10-03,CUST00350,P005,C005,Southeast,Rate Shopper,4841.91,198.52,Approved,False,crm
TXN0001667,2026-08-10,CUST00444,P002,C005,Northeast,Mass Affluent,34898.86,139.6,Funded,True,loan_origination
TXN0001668,2026-05-10,CUST00096,P005,C003,West,Rate Shopper,2791.64,114.46,Funded,False,campaign_platform
TXN0001669,2026-02-18,CUST00086,P005,C002,West,Mass Affluent,3947.79,161.86,Funded,False,loan_origination
TXN0001670,2025-04-19,CUST00053,P002,C005,West,Rate Shopper,24776.03,99.1,Funded,False,loan_origination
TXN0001671,2025-09-27,CUST00014,P004,C005,Southwest,Borrower,40114.79,320.92,Funded,True,loan_origination
TXN0001672,2025-09-25,CUST00388,P004,C003,Midwest,Mass Affluent,16892.2,135.14,Funded,True,marcus_web
TXN0001673,2025-03-18,CUST00450,P005,C005,Southwest,Digital Native,3691.2,151.34,Funded,False,marcus_web
TXN0001674,2026-08-19,CUST00102,P005,C003,Northeast,Emerging Affluent,2954.83,121.15,Funded,False,marcus_web
TXN0001675,2026-02-08,CUST00430,P003,C002,Northeast,Mass Affluent,12906.65,413.01,Funded,False,loan_origination
TXN0001676,2025-06-27,CUST00104,P001,C002,Southwest,Emerging Affluent,23226.51,139.36,Funded,False,campaign_platform
TXN0001677,2025-09-01,CUST00244,P005,C001,West,Rate Shopper,3568.18,146.3,Funded,True,loan_origination
TXN0001678,2025-10-18,CUST00488,P002,C001,Northeast,Digital Native,17188.77,68.76,Abandoned,False,marcus_web
TXN0001679,2026-04-13,CUST00398,P003,C002,Southwest,Borrower,9881.14,316.2,Abandoned,False,campaign_platform
TXN0001680,2025-05-15,CUST00288,P001,C005,Northeast,Borrower,23188.91,139.13,Approved,True,loan_origination
TXN0001681,2026-06-24,CUST00067,P002,C005,Midwest,Rate Shopper,11922.55,47.69,Funded,False,loan_origination
TXN0001682,2025-03-01,CUST00286,P004,C004,West,Borrower,17330.85,138.65,Abandoned,False,campaign_platform
TXN0001683,2026-03-29,CUST00406,P004,C005,Northeast,Rate Shopper,19169.06,153.35,Funded,False,loan_origination
TXN0001684,2025-12-14,CUST00380,P003,C005,Midwest,Digital Native,24437.73,782.01,Approved,False,loan_origination
TXN0001685,2025-10-22,CUST00408,P003,C005,West,Mass Affluent,15668.8,501.4,Abandoned,False,marcus_web
TXN0001686,2025-01-27,CUST00416,P004,C003,West,Digital Native,25635.75,205.09,Funded,False,marcus_web
TXN0001687,2026-01-17,CUST00022,P002,C003,Northeast,Emerging Affluent,18945.87,75.78,Application Started,True,crm
TXN0001688,2025-11-21,CUST00068,P001,C003,Northeast,Mass Affluent,11578.38,69.47,Funded,True,loan_origination
TXN0001689,2025-07-28,CUST00247,P001,C005,Southwest,Borrower,13563.0,81.38,Approved,False,loan_origination
TXN0001690,2026-06-22,CUST00156,P003,C005,Southwest,Digital Native,10526.15,336.84,Funded,False,campaign_platform
TXN0001691,2026-03-10,CUST00074,P004,C002,Midwest,Borrower,11591.45,92.73,Funded,False,campaign_platform
TXN0001692,2026-01-11,CUST00077,P001,C002,West,Digital Native,20826.06,124.96,Application Started,False,crm
TXN0001693,2025-08-03,CUST00471,P003,C003,Southeast,Emerging Affluent,16332.15,522.63,Funded,False,marcus_web
TXN0001694,2025-03-06,CUST00378,P002,C002,West,Emerging Affluent,25884.47,103.54,Funded,False,marcus_web
TXN0001695,2025-04-05,CUST00321,P003,C005,Midwest,Borrower,22245.63,711.86,Application Started,False,campaign_platform
TXN0001696,2025-07-28,CUST00135,P004,C002,Northeast,Rate Shopper,26566.42,212.53,Approved,False,marcus_web
TXN0001697,2026-02-18,CUST00273,P002,C004,Northeast,Borrower,22993.59,91.97,Funded,False,loan_origination
TXN0001698,2025-09-24,CUST00246,P004,C003,West,Rate Shopper,21615.05,172.92,Approved,False,loan_origination
TXN0001699,2025-06-08,CUST00248,P002,C004,Southeast,Borrower,41677.38,166.71,Funded,False,campaign_platform
TXN0001700,2025-04-15,CUST00196,P005,C002,Northeast,Borrower,1169.41,47.95,Funded,False,crm
TXN0001701,2026-04-26,CUST00368,P004,C001,Southwest,Rate Shopper,25837.99,206.7,Funded,False,crm
TXN0001702,2025-07-10,CUST00475,P005,C005,Southeast,Emerging Affluent,4305.04,176.51,Abandoned,False,loan_origination
TXN0001703,2026-08-14,CUST00094,P002,C002,Southwest,Digital Native,46905.26,187.62,Funded,False,crm
TXN0001704,2025-12-01,CUST00490,P001,C004,West,Mass Affluent,14162.08,84.97,Funded,False,loan_origination
TXN0001705,2025-05-28,CUST00121,P005,C005,Southeast,Emerging Affluent,3257.47,133.56,Funded,False,crm
TXN0001706,2025-07-28,CUST00405,P005,C005,Midwest,Rate Shopper,3873.64,158.82,Funded,False,loan_origination
TXN0001707,2026-04-20,CUST00214,P001,C004,Southwest,Mass Affluent,16945.63,101.67,Funded,False,loan_origination
TXN0001708,2025-12-07,CUST00127,P001,C005,Southwest,Rate Shopper,5004.99,30.03,Funded,True,campaign_platform
TXN0001709,2026-04-03,CUST00313,P001,C002,West,Mass Affluent,8273.15,49.64,Funded,True,crm
TXN0001710,2025-02-26,CUST00226,P001,C002,Southwest,Borrower,10590.48,63.54,Funded,False,campaign_platform
TXN0001711,2025-04-26,CUST00389,P005,C004,West,Mass Affluent,3591.53,147.25,Approved,True,crm
TXN0001712,2025-04-11,CUST00067,P002,C001,Midwest,Rate Shopper,41453.37,165.81,Funded,False,marcus_web
TXN0001713,2025-02-08,CUST00281,P002,C002,Northeast,Mass Affluent,32515.78,130.06,Funded,False,campaign_platform
TXN0001714,2026-08-06,CUST00266,P005,C005,Midwest,Digital Native,2611.67,107.08,Funded,False,loan_origination
TXN0001715,2025-07-09,CUST00342,P005,C003,West,Emerging Affluent,3314.86,135.91,Abandoned,False,marcus_web
TXN0001716,2025-11-06,CUST00104,P001,C003,Southwest,Emerging Affluent,25769.4,154.62,Funded,False,marcus_web
TXN0001717,2025-11-25,CUST00418,P005,C005,Midwest,Mass Affluent,3520.78,144.35,Application Started,True,crm
TXN0001718,2025-01-24,CUST00447,P005,C001,Southwest,Borrower,3463.62,142.01,Approved,False,crm
TXN0001719,2025-01-25,CUST00399,P005,C003,Northeast,Borrower,3823.39,156.76,Funded,False,crm
TXN0001720,2025-01-06,CUST00030,P005,C002,West,Borrower,3609.35,147.98,Funded,False,marcus_web
TXN0001721,2025-04-06,CUST00108,P005,C004,Southwest,Emerging Affluent,2770.22,113.58,Funded,False,crm
TXN0001722,2025-05-01,CUST00060,P002,C002,Midwest,Digital Native,24049.73,96.2,Application Started,False,campaign_platform
TXN0001723,2025-02-24,CUST00210,P004,C002,West,Emerging Affluent,31913.52,255.31,Funded,True,campaign_platform
TXN0001724,2025-07-05,CUST00207,P001,C002,Northeast,Mass Affluent,25165.9,151.0,Funded,False,marcus_web
TXN0001725,2026-06-26,CUST00229,P002,C003,West,Borrower,28370.78,113.48,Funded,False,crm
TXN0001726,2025-07-17,CUST00019,P003,C005,Southeast,Emerging Affluent,2742.5,87.76,Funded,False,marcus_web
TXN0001727,2025-11-05,CUST00339,P002,C004,Southwest,Digital Native,27736.69,110.95,Approved,False,marcus_web
TXN0001728,2026-07-26,CUST00047,P003,C001,West,Digital Native,12159.3,389.1,Funded,False,crm
TXN0001729,2026-08-14,CUST00473,P003,C001,Northeast,Emerging Affluent,7172.09,229.51,Funded,False,crm
TXN0001730,2026-01-11,CUST00009,P005,C002,West,Emerging Affluent,468.47,19.21,Abandoned,False,campaign_platform
TXN0001731,2025-08-08,CUST00430,P001,C001,Northeast,Mass Affluent,16251.03,97.51,Funded,False,campaign_platform
TXN0001732,2025-08-23,CUST00422,P001,C001,West,Digital Native,10017.07,60.1,Abandoned,True,loan_origination
TXN0001733,2026-07-17,CUST00098,P004,C003,Southwest,Mass Affluent,18591.36,148.73,Funded,False,crm
TXN0001734,2025-03-18,CUST00434,P001,C003,Southeast,Emerging Affluent,23336.91,140.02,Application Started,False,marcus_web
TXN0001735,2026-03-09,CUST00073,P004,C001,Southwest,Mass Affluent,29603.75,236.83,Funded,False,loan_origination
TXN0001736,2026-09-27,CUST00031,P002,C005,Southeast,Mass Affluent,36113.16,144.45,Funded,False,marcus_web
TXN0001737,2025-01-23,CUST00221,P004,C005,West,Digital Native,18537.42,148.3,Application Started,False,marcus_web
TXN0001738,2025-06-12,CUST00176,P003,C003,Southeast,Rate Shopper,15901.64,508.85,Application Started,False,marcus_web
TXN0001739,2025-09-13,CUST00114,P003,C001,Southeast,Emerging Affluent,15373.06,491.94,Funded,False,campaign_platform
TXN0001740,2026-03-10,CUST00289,P004,C003,Midwest,Rate Shopper,22511.49,180.09,Application Started,False,marcus_web
TXN0001741,2025-12-23,CUST00190,P004,C005,Midwest,Borrower,16380.57,131.04,Funded,True,campaign_platform
TXN0001742,2025-09-15,CUST00431,P001,C002,Northeast,Mass Affluent,22776.21,136.66,Funded,True,marcus_web
TXN0001743,2026-06-11,CUST00285,P001,C001,Southwest,Digital Native,21080.59,126.48,Approved,False,campaign_platform
TXN0001744,2026-04-06,CUST00284,P002,C001,Southwest,Emerging Affluent,31485.66,125.94,Funded,False,marcus_web
TXN0001745,2026-06-13,CUST00251,P002,C004,Northeast,Emerging Affluent,28481.6,113.93,Funded,False,loan_origination
TXN0001746,2026-08-30,CUST00230,P001,C002,Northeast,Digital Native,18271.04,109.63,Funded,False,loan_origination
TXN0001747,2025-03-28,CUST00361,P001,C004,Midwest,Emerging Affluent,18623.24,111.74,Funded,True,campaign_platform
TXN0001748,2025-03-23,CUST00365,P002,C003,Northeast,Mass Affluent,29621.75,118.49,Abandoned,False,loan_origination
TXN0001749,2026-05-19,CUST00185,P005,C003,Northeast,Borrower,2575.22,105.58,Funded,False,marcus_web
TXN0001750,2025-07-06,CUST00009,P005,C004,West,Emerging Affluent,5113.2,209.64,Funded,False,loan_origination
TXN0001751,2026-09-03,CUST00229,P004,C004,West,Borrower,21955.34,175.64,Funded,True,crm
TXN0001752,2026-02-17,CUST00344,P002,C005,Midwest,Emerging Affluent,29319.27,117.28,Funded,False,campaign_platform
TXN0001753,2026-02-08,CUST00473,P003,C004,Northeast,Emerging Affluent,11842.22,378.95,Funded,True,crm
TXN0001754,2025-01-20,CUST00426,P002,C004,West,Digital Native,29075.15,116.3,Funded,False,campaign_platform
TXN0001755,2025-11-15,CUST00213,P004,C001,Midwest,Borrower,32552.35,260.42,Funded,True,marcus_web
TXN0001756,2026-05-13,CUST00026,P004,C005,Southeast,Rate Shopper,19646.9,157.18,Funded,True,loan_origination
TXN0001757,2026-08-23,CUST00020,P001,C003,Southeast,Digital Native,18949.71,113.7,Funded,False,loan_origination
TXN0001758,2025-09-13,CUST00294,P001,C003,Midwest,Rate Shopper,28731.59,172.39,Funded,False,loan_origination
TXN0001759,2025-09-19,CUST00402,P002,C001,Midwest,Borrower,18429.15,73.72,Approved,False,campaign_platform
TXN0001760,2026-06-26,CUST00476,P004,C005,Southwest,Borrower,16181.22,129.45,Abandoned,False,marcus_web
TXN0001761,2026-03-26,CUST00102,P004,C005,Northeast,Emerging Affluent,16406.85,131.25,Funded,False,loan_origination
TXN0001762,2025-04-12,CUST00053,P004,C004,West,Rate Shopper,9040.21,72.32,Funded,False,marcus_web
TXN0001763,2025-09-30,CUST00249,P004,C005,Northeast,Rate Shopper,22160.37,177.28,Approved,False,crm
TXN0001764,2026-09-02,CUST00378,P005,C005,West,Emerging Affluent,5311.52,217.77,Funded,False,marcus_web
TXN0001765,2025-03-10,CUST00313,P004,C001,West,Mass Affluent,17940.73,143.53,Funded,False,crm
TXN0001766,2025-02-22,CUST00014,P002,C004,Southwest,Borrower,6816.09,27.26,Funded,False,crm
TXN0001767,2025-02-26,CUST00055,P001,C004,Southwest,Rate Shopper,23014.02,138.08,Funded,False,loan_origination
TXN0001768,2025-08-29,CUST00049,P005,C001,West,Emerging Affluent,1815.25,74.43,Funded,False,campaign_platform
TXN0001769,2025-03-27,CUST00462,P002,C001,West,Rate Shopper,50943.72,203.77,Approved,False,loan_origination
TXN0001770,2025-03-14,CUST00476,P005,C001,Southwest,Borrower,2769.01,113.53,Abandoned,False,loan_origination
TXN0001771,2025-06-14,CUST00156,P005,C002,Southwest,Digital Native,3260.37,133.68,Application Started,False,crm
TXN0001772,2026-01-18,CUST00293,P004,C005,Southeast,Rate Shopper,13573.97,108.59,Funded,True,crm
TXN0001773,2026-07-08,CUST00032,P001,C003,Southwest,Mass Affluent,24837.58,149.03,Funded,True,crm
TXN0001774,2026-07-31,CUST00432,P002,C004,West,Borrower,30107.53,120.43,Funded,False,marcus_web
TXN0001775,2026-06-08,CUST00392,P001,C002,West,Rate Shopper,25308.6,151.85,Funded,False,campaign_platform
TXN0001776,2026-04-20,CUST00287,P005,C002,Northeast,Borrower,2138.66,87.69,Approved,False,campaign_platform
TXN0001777,2025-02-14,CUST00341,P001,C003,Southwest,Rate Shopper,14142.87,84.86,Funded,False,marcus_web
TXN0001778,2025-04-26,CUST00405,P005,C004,Midwest,Rate Shopper,2771.8,113.64,Funded,True,crm
TXN0001779,2026-07-21,CUST00091,P004,C003,Midwest,Borrower,15524.62,124.2,Funded,True,campaign_platform
TXN0001780,2025-10-27,CUST00298,P004,C002,West,Mass Affluent,19521.13,156.17,Funded,False,campaign_platform
TXN0001781,2026-01-21,CUST00360,P003,C005,Southeast,Mass Affluent,11641.76,372.54,Funded,False,marcus_web
TXN0001782,2025-11-16,CUST00137,P004,C005,Midwest,Borrower,25885.16,207.08,Funded,False,crm
TXN0001783,2026-01-31,CUST00288,P003,C001,Northeast,Borrower,23458.39,750.67,Funded,False,campaign_platform
TXN0001784,2025-05-09,CUST00141,P005,C005,Southwest,Mass Affluent,5662.64,232.17,Funded,False,crm
TXN0001785,2026-06-30,CUST00137,P005,C004,Midwest,Borrower,2935.15,120.34,Funded,False,loan_origination
TXN0001786,2026-06-24,CUST00203,P004,C002,Northeast,Rate Shopper,16769.1,134.15,Funded,False,campaign_platform
TXN0001787,2025-04-02,CUST00012,P005,C001,Southeast,Emerging Affluent,2960.0,121.36,Application Started,False,crm
TXN0001788,2025-07-29,CUST00184,P005,C002,Northeast,Rate Shopper,3940.24,161.55,Approved,True,crm
TXN0001789,2025-12-16,CUST00244,P004,C001,West,Rate Shopper,24259.04,194.07,Application Started,False,marcus_web
TXN0001790,2025-06-19,CUST00206,P003,C001,West,Borrower,18036.62,577.17,Funded,False,loan_origination
TXN0001791,2025-05-08,CUST00254,P002,C003,Northeast,Mass Affluent,19550.12,78.2,Funded,False,loan_origination
TXN0001792,2026-03-03,CUST00141,P001,C005,Southwest,Mass Affluent,13549.89,81.3,Funded,True,campaign_platform
TXN0001793,2025-05-10,CUST00460,P001,C005,West,Borrower,15393.94,92.36,Funded,False,marcus_web
TXN0001794,2026-02-15,CUST00280,P005,C001,Southeast,Borrower,1768.16,72.49,Funded,False,marcus_web
TXN0001795,2025-10-05,CUST00140,P001,C004,Midwest,Digital Native,7529.25,45.18,Funded,True,loan_origination
TXN0001796,2026-01-21,CUST00319,P002,C004,Southeast,Borrower,36462.65,145.85,Abandoned,False,crm
TXN0001797,2026-09-26,CUST00358,P005,C004,Northeast,Rate Shopper,2278.65,93.42,Funded,False,marcus_web
TXN0001798,2025-09-25,CUST00168,P003,C005,Southeast,Borrower,13156.47,421.01,Abandoned,False,marcus_web
TXN0001799,2025-05-19,CUST00057,P001,C005,Southeast,Mass Affluent,16358.98,98.15,Funded,False,campaign_platform
TXN0001800,2025-02-15,CUST00185,P002,C004,Northeast,Borrower,12957.79,51.83,Funded,True,marcus_web
TXN0001801,2026-09-03,CUST00217,P001,C002,West,Emerging Affluent,7482.32,44.89,Approved,True,loan_origination
TXN0001802,2025-04-13,CUST00128,P004,C002,Midwest,Mass Affluent,18886.67,151.09,Funded,True,loan_origination
TXN0001803,2026-05-13,CUST00307,P001,C004,Southeast,Digital Native,19409.48,116.46,Funded,False,crm
TXN0001804,2025-09-14,CUST00153,P005,C005,Northeast,Rate Shopper,3212.1,131.7,Funded,False,campaign_platform
TXN0001805,2026-09-21,CUST00193,P003,C005,West,Rate Shopper,9037.2,289.19,Funded,False,loan_origination
TXN0001806,2025-11-19,CUST00083,P001,C003,Midwest,Mass Affluent,20939.23,125.64,Funded,False,campaign_platform
TXN0001807,2026-08-08,CUST00175,P005,C001,Northeast,Borrower,562.67,23.07,Approved,False,crm
TXN0001808,2025-01-30,CUST00401,P005,C005,West,Digital Native,4045.55,165.87,Funded,True,loan_origination
TXN0001809,2025-05-14,CUST00133,P004,C004,Midwest,Emerging Affluent,24995.18,199.96,Funded,False,marcus_web
TXN0001810,2026-09-11,CUST00056,P004,C003,Northeast,Mass Affluent,18102.77,144.82,Funded,True,marcus_web
TXN0001811,2025-07-11,CUST00005,P004,C002,Northeast,Rate Shopper,25255.04,202.04,Funded,False,campaign_platform
TXN0001812,2025-11-15,CUST00220,P004,C004,Southwest,Borrower,24996.22,199.97,Funded,False,marcus_web
TXN0001813,2025-03-22,CUST00200,P001,C001,Southeast,Digital Native,22390.53,134.34,Funded,False,loan_origination
TXN0001814,2025-03-03,CUST00274,P005,C004,West,Borrower,4777.63,195.88,Funded,False,marcus_web
TXN0001815,2026-06-13,CUST00056,P004,C005,Northeast,Mass Affluent,30764.88,246.12,Funded,False,crm
TXN0001816,2026-08-15,CUST00448,P001,C002,Southeast,Rate Shopper,17184.49,103.11,Funded,False,campaign_platform
TXN0001817,2026-04-02,CUST00477,P001,C003,Northeast,Digital Native,24635.91,147.82,Approved,False,campaign_platform
TXN0001818,2025-06-18,CUST00039,P002,C001,Northeast,Rate Shopper,38277.58,153.11,Funded,False,crm
TXN0001819,2025-08-22,CUST00377,P004,C003,Northeast,Mass Affluent,11239.18,89.91,Approved,False,marcus_web
TXN0001820,2025-06-22,CUST00237,P005,C003,Northeast,Digital Native,3935.53,161.36,Funded,True,crm
TXN0001821,2026-07-25,CUST00159,P002,C001,West,Rate Shopper,24659.39,98.64,Funded,True,loan_origination
TXN0001822,2025-09-18,CUST00025,P001,C004,Northeast,Rate Shopper,13689.93,82.14,Funded,False,campaign_platform
TXN0001823,2025-03-20,CUST00174,P002,C002,Southwest,Emerging Affluent,44379.35,177.52,Funded,False,campaign_platform
TXN0001824,2026-05-19,CUST00147,P005,C005,Southwest,Digital Native,4934.82,202.33,Funded,False,marcus_web
TXN0001825,2025-07-31,CUST00231,P004,C004,West,Digital Native,22286.38,178.29,Funded,False,campaign_platform
TXN0001826,2026-07-23,CUST00087,P001,C002,Southwest,Borrower,23246.03,139.48,Funded,False,marcus_web
TXN0001827,2025-01-13,CUST00460,P004,C003,West,Borrower,20468.09,163.74,Application Started,False,campaign_platform
TXN0001828,2025-09-19,CUST00493,P002,C001,Southeast,Borrower,24231.51,96.93,Funded,False,marcus_web
TXN0001829,2025-11-29,CUST00198,P005,C002,Southeast,Borrower,2945.17,120.75,Funded,False,crm
TXN0001830,2025-01-13,CUST00170,P002,C003,Northeast,Borrower,16033.41,64.13,Funded,False,marcus_web
TXN0001831,2026-03-28,CUST00264,P001,C004,Southwest,Emerging Affluent,12890.36,77.34,Application Started,False,loan_origination
TXN0001832,2025-09-18,CUST00089,P003,C003,Southeast,Emerging Affluent,15173.93,485.57,Application Started,False,loan_origination
TXN0001833,2026-06-29,CUST00135,P004,C001,Northeast,Rate Shopper,24354.56,194.84,Funded,True,crm
TXN0001834,2025-01-16,CUST00231,P005,C001,West,Digital Native,4543.19,186.27,Funded,False,loan_origination
TXN0001835,2025-05-31,CUST00124,P005,C001,West,Rate Shopper,429.47,17.61,Funded,True,campaign_platform
TXN0001836,2026-08-17,CUST00412,P005,C005,Northeast,Emerging Affluent,2550.84,104.58,Funded,False,crm
TXN0001837,2025-11-10,CUST00454,P005,C001,Northeast,Rate Shopper,4172.43,171.07,Funded,True,campaign_platform
TXN0001838,2025-05-21,CUST00054,P003,C004,Midwest,Emerging Affluent,14311.83,457.98,Funded,True,marcus_web
TXN0001839,2026-01-26,CUST00442,P005,C005,West,Mass Affluent,3029.22,124.2,Funded,True,crm
TXN0001840,2026-06-18,CUST00304,P004,C002,Northeast,Mass Affluent,17369.98,138.96,Funded,False,marcus_web
TXN0001841,2026-05-27,CUST00078,P001,C005,Southwest,Borrower,31905.63,191.43,Funded,False,crm
TXN0001842,2025-02-20,CUST00089,P005,C005,Southeast,Emerging Affluent,3672.93,150.59,Approved,False,crm
TXN0001843,2025-02-15,CUST00086,P002,C001,West,Mass Affluent,27661.82,110.65,Funded,False,marcus_web
TXN0001844,2026-04-18,CUST00033,P005,C004,West,Borrower,3022.47,123.92,Funded,True,marcus_web
TXN0001845,2026-05-08,CUST00261,P005,C005,Midwest,Emerging Affluent,3075.06,126.08,Funded,False,crm
TXN0001846,2025-10-23,CUST00191,P004,C001,West,Digital Native,18172.42,145.38,Funded,False,loan_origination
TXN0001847,2025-03-29,CUST00476,P003,C002,Southwest,Borrower,7301.53,233.65,Approved,True,crm
TXN0001848,2026-02-23,CUST00100,P003,C003,Southwest,Mass Affluent,9954.99,318.56,Application Started,False,marcus_web
TXN0001849,2025-01-18,CUST00018,P001,C002,Midwest,Emerging Affluent,7866.24,47.2,Application Started,True,loan_origination
TXN0001850,2026-01-24,CUST00484,P003,C005,West,Mass Affluent,16758.38,536.27,Funded,True,marcus_web
TXN0001851,2026-03-20,CUST00463,P001,C004,Southeast,Emerging Affluent,27221.22,163.33,Funded,True,marcus_web
TXN0001852,2025-11-03,CUST00464,P004,C003,West,Digital Native,20028.92,160.23,Application Started,False,crm
TXN0001853,2026-07-09,CUST00145,P001,C004,Northeast,Emerging Affluent,15152.71,90.92,Approved,False,loan_origination
TXN0001854,2025-02-12,CUST00396,P005,C004,Northeast,Digital Native,4210.16,172.62,Funded,True,crm
TXN0001855,2025-07-27,CUST00221,P004,C005,West,Digital Native,20836.85,166.69,Funded,False,campaign_platform
TXN0001856,2026-04-16,CUST00082,P004,C005,West,Borrower,26079.92,208.64,Approved,False,campaign_platform
TXN0001857,2026-08-03,CUST00286,P005,C005,West,Borrower,4211.98,172.69,Funded,False,marcus_web
TXN0001858,2026-08-29,CUST00187,P001,C003,Northeast,Emerging Affluent,23233.09,139.4,Funded,False,marcus_web
TXN0001859,2025-01-24,CUST00292,P004,C004,Midwest,Rate Shopper,20023.06,160.18,Funded,True,campaign_platform
TXN0001860,2026-06-19,CUST00452,P003,C004,West,Emerging Affluent,11004.45,352.14,Funded,False,crm
TXN0001861,2025-03-22,CUST00195,P001,C003,Midwest,Rate Shopper,17355.77,104.13,Abandoned,False,loan_origination
TXN0001862,2026-04-18,CUST00479,P002,C001,Midwest,Borrower,26663.74,106.65,Funded,False,marcus_web
TXN0001863,2025-10-25,CUST00236,P004,C004,Midwest,Digital Native,18870.86,150.97,Funded,False,crm
TXN0001864,2026-07-09,CUST00402,P001,C001,Midwest,Borrower,8962.12,53.77,Funded,False,crm
TXN0001865,2026-08-30,CUST00144,P001,C005,Midwest,Mass Affluent,15189.64,91.14,Funded,True,campaign_platform
TXN0001866,2025-03-18,CUST00172,P005,C005,Southwest,Borrower,3549.67,145.54,Funded,False,loan_origination
TXN0001867,2025-05-16,CUST00370,P003,C003,Southwest,Rate Shopper,19586.83,626.78,Funded,False,marcus_web
TXN0001868,2025-05-10,CUST00164,P004,C005,Northeast,Emerging Affluent,28004.99,224.04,Funded,False,crm
TXN0001869,2025-01-01,CUST00433,P003,C004,West,Borrower,14260.84,456.35,Approved,True,campaign_platform
TXN0001870,2025-10-09,CUST00113,P003,C004,Midwest,Digital Native,13561.02,433.95,Abandoned,False,crm
TXN0001871,2026-04-27,CUST00424,P002,C003,Southwest,Digital Native,38161.76,152.65,Application Started,False,loan_origination
TXN0001872,2026-05-13,CUST00003,P001,C001,West,Mass Affluent,17620.0,105.72,Funded,False,crm
TXN0001873,2025-09-04,CUST00083,P003,C004,Midwest,Mass Affluent,28133.11,900.26,Funded,False,loan_origination
TXN0001874,2025-03-02,CUST00004,P004,C001,Northeast,Emerging Affluent,35143.24,281.15,Approved,False,marcus_web
TXN0001875,2026-01-16,CUST00047,P001,C005,West,Digital Native,26541.58,159.25,Application Started,False,marcus_web
TXN0001876,2025-07-10,CUST00418,P001,C003,Midwest,Mass Affluent,16631.99,99.79,Funded,False,marcus_web
TXN0001877,2026-03-28,CUST00381,P003,C002,Southeast,Borrower,20723.81,663.16,Funded,True,marcus_web
TXN0001878,2025-11-18,CUST00415,P004,C005,West,Mass Affluent,25282.21,202.26,Funded,True,campaign_platform
TXN0001879,2026-08-11,CUST00132,P001,C005,Midwest,Emerging Affluent,19775.65,118.65,Funded,False,crm
TXN0001880,2026-04-25,CUST00409,P005,C005,Northeast,Borrower,1796.37,73.65,Funded,False,crm
TXN0001881,2025-05-15,CUST00443,P004,C003,Northeast,Mass Affluent,16852.45,134.82,Funded,True,marcus_web
TXN0001882,2025-05-25,CUST00492,P005,C005,Southeast,Digital Native,2689.94,110.29,Abandoned,True,loan_origination
TXN0001883,2025-08-07,CUST00416,P005,C001,West,Digital Native,4667.89,191.38,Funded,True,marcus_web
TXN0001884,2026-09-18,CUST00079,P003,C005,Southeast,Rate Shopper,9775.0,312.8,Funded,False,marcus_web
TXN0001885,2026-01-04,CUST00240,P003,C002,Southeast,Rate Shopper,8781.62,281.01,Application Started,True,crm
TXN0001886,2026-02-20,CUST00216,P005,C001,Southeast,Digital Native,3719.48,152.5,Application Started,False,campaign_platform
TXN0001887,2025-07-18,CUST00020,P004,C004,Southeast,Digital Native,17397.54,139.18,Approved,True,loan_origination
TXN0001888,2025-07-19,CUST00477,P005,C005,Northeast,Digital Native,2785.2,114.19,Funded,False,loan_origination
TXN0001889,2025-11-02,CUST00410,P002,C004,West,Mass Affluent,22726.02,90.9,Funded,False,campaign_platform
TXN0001890,2025-02-21,CUST00418,P004,C003,Midwest,Mass Affluent,24338.27,194.71,Funded,False,loan_origination
TXN0001891,2026-02-11,CUST00181,P001,C003,Southeast,Rate Shopper,22376.46,134.26,Approved,True,marcus_web
TXN0001892,2025-04-20,CUST00277,P003,C003,Southwest,Digital Native,20013.5,640.43,Funded,False,loan_origination
TXN0001893,2025-04-15,CUST00375,P001,C005,Southwest,Digital Native,20219.14,121.31,Funded,True,campaign_platform
TXN0001894,2025-05-26,CUST00049,P005,C001,West,Emerging Affluent,2871.47,117.73,Funded,False,campaign_platform
TXN0001895,2025-07-01,CUST00350,P004,C001,Southeast,Rate Shopper,22830.86,182.65,Approved,False,crm
TXN0001896,2025-07-01,CUST00162,P003,C001,Southwest,Rate Shopper,15469.82,495.03,Abandoned,False,crm
TXN0001897,2026-08-03,CUST00094,P004,C003,Southwest,Digital Native,9703.77,77.63,Funded,False,marcus_web
TXN0001898,2025-12-12,CUST00041,P003,C001,West,Mass Affluent,24636.16,788.36,Funded,False,crm
TXN0001899,2025-09-23,CUST00465,P003,C005,Midwest,Borrower,4569.78,146.23,Funded,False,marcus_web
TXN0001900,2026-03-30,CUST00490,P004,C001,West,Mass Affluent,27948.35,223.59,Approved,False,campaign_platform
TXN0001901,2025-12-29,CUST00305,P005,C001,Midwest,Borrower,2812.64,115.32,Funded,True,crm
TXN0001902,2025-01-10,CUST00342,P001,C001,West,Emerging Affluent,9875.62,59.25,Abandoned,False,crm
TXN0001903,2025-07-28,CUST00497,P003,C001,Southwest,Borrower,12043.77,385.4,Funded,False,marcus_web
TXN0001904,2025-02-16,CUST00450,P002,C004,Southwest,Digital Native,15441.99,61.77,Funded,False,loan_origination
TXN0001905,2025-11-04,CUST00033,P001,C005,West,Borrower,8342.1,50.05,Abandoned,False,loan_origination
TXN0001906,2025-06-28,CUST00451,P005,C005,Southwest,Emerging Affluent,1442.41,59.14,Abandoned,False,crm
TXN0001907,2025-12-15,CUST00466,P003,C005,Northeast,Rate Shopper,17409.5,557.1,Funded,True,campaign_platform
TXN0001908,2025-01-20,CUST00292,P005,C001,Midwest,Rate Shopper,4044.18,165.81,Funded,False,marcus_web
TXN0001909,2026-03-26,CUST00038,P005,C004,West,Emerging Affluent,2867.02,117.55,Funded,True,campaign_platform
TXN0001910,2025-08-12,CUST00257,P003,C002,Southeast,Rate Shopper,14714.73,470.87,Funded,False,loan_origination
TXN0001911,2025-08-19,CUST00158,P005,C003,Midwest,Emerging Affluent,4309.18,176.68,Funded,False,crm
TXN0001912,2025-08-12,CUST00172,P003,C001,Southwest,Borrower,15151.33,484.84,Funded,False,marcus_web
TXN0001913,2026-01-24,CUST00038,P004,C002,West,Emerging Affluent,20430.61,163.44,Funded,False,campaign_platform
TXN0001914,2026-08-20,CUST00276,P003,C002,Southwest,Rate Shopper,16970.65,543.06,Funded,True,crm
TXN0001915,2025-12-05,CUST00113,P002,C003,Midwest,Digital Native,29220.4,116.88,Approved,True,marcus_web
TXN0001916,2025-12-31,CUST00330,P004,C001,Northeast,Emerging Affluent,19697.93,157.58,Funded,False,campaign_platform
TXN0001917,2025-01-15,CUST00262,P003,C002,Northeast,Digital Native,20859.56,667.51,Funded,False,crm
TXN0001918,2025-01-07,CUST00407,P002,C005,Southwest,Mass Affluent,43619.0,174.48,Funded,False,campaign_platform
TXN0001919,2026-07-11,CUST00172,P005,C005,Southwest,Borrower,1093.52,44.83,Application Started,True,campaign_platform
TXN0001920,2025-02-17,CUST00160,P002,C004,Southwest,Digital Native,32633.59,130.53,Funded,False,campaign_platform
TXN0001921,2025-05-25,CUST00344,P002,C001,Midwest,Emerging Affluent,18482.05,73.93,Funded,True,campaign_platform
TXN0001922,2025-05-10,CUST00456,P001,C005,West,Borrower,19550.69,117.3,Funded,False,marcus_web
TXN0001923,2025-08-20,CUST00411,P003,C002,Northeast,Digital Native,13048.18,417.54,Funded,False,crm
TXN0001924,2025-03-11,CUST00051,P005,C002,Southeast,Rate Shopper,1819.89,74.62,Funded,False,marcus_web
TXN0001925,2025-01-05,CUST00268,P005,C004,West,Emerging Affluent,2637.31,108.13,Funded,False,campaign_platform
TXN0001926,2025-12-07,CUST00109,P005,C003,Northeast,Borrower,1867.76,76.58,Funded,True,loan_origination
TXN0001927,2025-06-21,CUST00292,P004,C004,Midwest,Rate Shopper,21023.32,168.19,Funded,True,marcus_web
TXN0001928,2026-05-06,CUST00385,P003,C002,Midwest,Digital Native,12336.26,394.76,Funded,False,crm
TXN0001929,2026-09-16,CUST00035,P005,C004,Northeast,Mass Affluent,4449.08,182.41,Funded,False,loan_origination
TXN0001930,2025-04-09,CUST00170,P003,C001,Northeast,Borrower,12365.56,395.7,Abandoned,True,campaign_platform
TXN0001931,2025-07-01,CUST00084,P001,C001,Southeast,Rate Shopper,9741.53,58.45,Funded,False,crm
TXN0001932,2025-09-16,CUST00070,P002,C001,Southeast,Digital Native,22871.48,91.49,Funded,True,loan_origination
TXN0001933,2026-06-22,CUST00336,P002,C002,Southeast,Borrower,26951.11,107.8,Abandoned,False,crm
TXN0001934,2025-01-14,CUST00359,P001,C002,Midwest,Rate Shopper,15671.43,94.03,Funded,False,marcus_web
TXN0001935,2025-05-15,CUST00142,P002,C002,Southwest,Digital Native,33927.23,135.71,Funded,False,marcus_web
TXN0001936,2025-02-12,CUST00125,P003,C002,Midwest,Borrower,18490.86,591.71,Application Started,False,marcus_web
TXN0001937,2026-02-21,CUST00214,P003,C001,Southwest,Mass Affluent,14426.79,461.66,Funded,False,loan_origination
TXN0001938,2026-03-27,CUST00367,P005,C002,Southeast,Mass Affluent,3941.82,161.61,Funded,False,marcus_web
TXN0001939,2025-05-16,CUST00313,P005,C002,West,Mass Affluent,3390.8,139.02,Funded,False,marcus_web
TXN0001940,2025-11-02,CUST00213,P001,C004,Midwest,Borrower,8500.45,51.0,Funded,False,crm
TXN0001941,2025-05-03,CUST00299,P005,C002,Midwest,Rate Shopper,3455.9,141.69,Funded,False,loan_origination
TXN0001942,2026-02-06,CUST00035,P005,C004,Northeast,Mass Affluent,3106.25,127.36,Funded,False,crm
TXN0001943,2026-05-14,CUST00481,P001,C004,Southeast,Mass Affluent,20128.16,120.77,Funded,False,campaign_platform
TXN0001944,2025-02-11,CUST00431,P004,C004,Northeast,Mass Affluent,22229.27,177.83,Funded,False,crm
TXN0001945,2026-02-08,CUST00044,P005,C005,Midwest,Emerging Affluent,2943.99,120.7,Funded,False,loan_origination
TXN0001946,2026-03-18,CUST00154,P001,C004,Southwest,Digital Native,19695.73,118.17,Funded,True,loan_origination
TXN0001947,2026-08-05,CUST00310,P002,C002,Midwest,Mass Affluent,25927.74,103.71,Funded,False,campaign_platform
TXN0001948,2026-01-30,CUST00098,P002,C002,Southwest,Mass Affluent,27617.58,110.47,Funded,False,marcus_web
TXN0001949,2025-09-19,CUST00046,P003,C002,Northeast,Digital Native,15592.75,498.97,Funded,False,loan_origination
TXN0001950,2025-09-30,CUST00482,P005,C003,Midwest,Borrower,4326.74,177.4,Funded,True,marcus_web
TXN0001951,2026-09-25,CUST00274,P004,C005,West,Borrower,30773.9,246.19,Funded,False,loan_origination
TXN0001952,2026-08-08,CUST00465,P001,C005,Midwest,Borrower,23084.84,138.51,Funded,True,crm
TXN0001953,2025-05-18,CUST00287,P003,C002,Northeast,Borrower,12077.29,386.47,Funded,False,crm
TXN0001954,2026-01-09,CUST00456,P003,C001,West,Borrower,1727.61,55.28,Funded,True,loan_origination
TXN0001955,2025-09-04,CUST00487,P002,C001,West,Emerging Affluent,40073.17,160.29,Funded,False,campaign_platform
TXN0001956,2025-10-01,CUST00208,P001,C003,Southwest,Borrower,22617.98,135.71,Funded,False,campaign_platform
TXN0001957,2026-05-27,CUST00470,P005,C003,Southeast,Digital Native,2601.25,106.65,Funded,False,loan_origination
TXN0001958,2026-01-05,CUST00370,P003,C002,Southwest,Rate Shopper,19375.06,620.0,Abandoned,False,campaign_platform
TXN0001959,2026-01-31,CUST00439,P003,C004,Midwest,Mass Affluent,20692.66,662.17,Funded,False,marcus_web
TXN0001960,2025-05-10,CUST00221,P002,C003,West,Digital Native,21679.08,86.72,Funded,False,loan_origination
TXN0001961,2026-08-10,CUST00012,P005,C001,Southeast,Emerging Affluent,2145.23,87.95,Funded,False,marcus_web
TXN0001962,2026-02-13,CUST00418,P003,C002,Midwest,Mass Affluent,22935.74,733.94,Funded,False,loan_origination
TXN0001963,2025-11-06,CUST00295,P004,C004,Northeast,Rate Shopper,24721.79,197.77,Application Started,True,campaign_platform
TXN0001964,2025-09-03,CUST00446,P003,C002,Southwest,Rate Shopper,11833.02,378.66,Funded,False,marcus_web
TXN0001965,2025-05-06,CUST00137,P002,C004,Midwest,Borrower,34080.76,136.32,Abandoned,False,crm
TXN0001966,2025-04-30,CUST00127,P002,C004,Southwest,Rate Shopper,23836.34,95.35,Funded,False,loan_origination
TXN0001967,2026-08-04,CUST00110,P001,C004,Midwest,Digital Native,10128.96,60.77,Funded,True,marcus_web
TXN0001968,2026-05-23,CUST00016,P005,C001,Southwest,Mass Affluent,4055.69,166.28,Abandoned,False,crm
TXN0001969,2026-01-13,CUST00073,P001,C001,Southwest,Mass Affluent,17136.29,102.82,Application Started,False,loan_origination
TXN0001970,2025-10-14,CUST00081,P002,C003,Midwest,Mass Affluent,16801.54,67.21,Approved,True,campaign_platform
TXN0001971,2025-02-19,CUST00133,P003,C004,Midwest,Emerging Affluent,17035.44,545.13,Abandoned,False,marcus_web
TXN0001972,2025-12-16,CUST00355,P005,C004,Midwest,Mass Affluent,3677.46,150.78,Application Started,False,crm
TXN0001973,2026-04-09,CUST00464,P004,C004,West,Digital Native,27511.26,220.09,Funded,False,crm
TXN0001974,2025-10-13,CUST00240,P001,C001,Southeast,Rate Shopper,22927.93,137.57,Application Started,False,marcus_web
TXN0001975,2026-03-26,CUST00474,P003,C002,West,Emerging Affluent,16166.67,517.33,Abandoned,False,marcus_web
TXN0001976,2026-05-11,CUST00019,P001,C002,Southeast,Emerging Affluent,17064.71,102.39,Application Started,True,crm
TXN0001977,2025-11-24,CUST00034,P003,C002,Southeast,Digital Native,4934.44,157.9,Funded,False,loan_origination
TXN0001978,2025-08-11,CUST00117,P005,C001,Southwest,Mass Affluent,3698.2,151.63,Approved,False,marcus_web
TXN0001979,2025-07-23,CUST00254,P002,C001,Northeast,Mass Affluent,33649.32,134.6,Funded,False,campaign_platform
TXN0001980,2025-07-10,CUST00091,P001,C005,Midwest,Borrower,22248.65,133.49,Funded,False,campaign_platform
TXN0001981,2025-05-11,CUST00402,P002,C003,Midwest,Borrower,22256.74,89.03,Funded,False,crm
TXN0001982,2025-06-23,CUST00466,P002,C002,Northeast,Rate Shopper,2847.61,11.39,Funded,False,campaign_platform
TXN0001983,2026-06-19,CUST00117,P005,C002,Southwest,Mass Affluent,2648.0,108.57,Funded,False,crm
TXN0001984,2025-05-13,CUST00401,P003,C002,West,Digital Native,12600.05,403.2,Funded,False,loan_origination
TXN0001985,2026-02-11,CUST00498,P001,C004,Midwest,Rate Shopper,19674.26,118.05,Abandoned,True,crm
TXN0001986,2025-05-04,CUST00200,P005,C004,Southeast,Digital Native,3393.22,139.12,Approved,False,crm
TXN0001987,2025-01-15,CUST00196,P001,C001,Northeast,Borrower,14336.53,86.02,Funded,False,crm
TXN0001988,2025-07-07,CUST00458,P005,C005,Southeast,Rate Shopper,3235.26,132.65,Approved,False,campaign_platform
TXN0001989,2026-07-01,CUST00342,P004,C003,West,Emerging Affluent,30502.27,244.02,Funded,False,loan_origination
TXN0001990,2025-08-10,CUST00068,P002,C002,Northeast,Mass Affluent,14310.5,57.24,Abandoned,False,crm
TXN0001991,2025-01-18,CUST00488,P002,C005,Northeast,Digital Native,16508.57,66.03,Funded,False,loan_origination
TXN0001992,2025-07-08,CUST00287,P005,C002,Northeast,Borrower,1794.23,73.56,Funded,False,campaign_platform
TXN0001993,2026-09-25,CUST00030,P004,C002,West,Borrower,28980.87,231.85,Funded,True,campaign_platform
TXN0001994,2025-03-10,CUST00125,P004,C002,Midwest,Borrower,21688.49,173.51,Application Started,True,marcus_web
TXN0001995,2025-10-10,CUST00140,P004,C004,Midwest,Digital Native,26477.6,211.82,Funded,False,loan_origination
TXN0001996,2025-11-28,CUST00396,P001,C005,Northeast,Digital Native,20824.83,124.95,Funded,False,marcus_web
TXN0001997,2026-02-15,CUST00113,P004,C002,Midwest,Digital Native,17134.53,137.08,Funded,False,campaign_platform
TXN0001998,2025-03-06,CUST00337,P003,C004,Southeast,Rate Shopper,9368.97,299.81,Funded,True,campaign_platform
TXN0001999,2025-09-15,CUST00024,P003,C003,Northeast,Rate Shopper,6238.66,199.64,Abandoned,False,loan_origination
TXN0002000,2025-03-15,CUST00045,P004,C003,Midwest,Digital Native,16228.51,129.83,Funded,False,loan_origination
TXN0002001,2025-01-18,CUST00169,P004,C003,Southeast,Digital Native,11604.96,92.84,Funded,False,crm
TXN0002002,2026-07-15,CUST00303,P003,C004,Midwest,Rate Shopper,11298.33,361.55,Funded,False,marcus_web
TXN0002003,2025-01-19,CUST00245,P001,C002,West,Emerging Affluent,17846.95,107.08,Funded,True,campaign_platform
TXN0002004,2025-06-03,CUST00050,P002,C001,Midwest,Borrower,37089.14,148.36,Funded,False,crm
TXN0002005,2026-02-18,CUST00385,P004,C005,Midwest,Digital Native,12315.2,98.52,Funded,True,campaign_platform
TXN0002006,2026-03-13,CUST00111,P001,C002,West,Mass Affluent,19888.82,119.33,Funded,False,marcus_web
TXN0002007,2025-05-16,CUST00409,P005,C002,Northeast,Borrower,2171.26,89.02,Approved,False,loan_origination
TXN0002008,2026-07-02,CUST00357,P005,C005,Southwest,Mass Affluent,3623.48,148.56,Funded,False,campaign_platform
TXN0002009,2026-08-09,CUST00181,P002,C002,Southeast,Rate Shopper,38841.26,155.37,Funded,True,marcus_web
TXN0002010,2025-11-13,CUST00323,P004,C003,Midwest,Rate Shopper,15000.12,120.0,Funded,False,loan_origination
TXN0002011,2025-05-29,CUST00094,P002,C001,Southwest,Digital Native,31604.16,126.42,Funded,False,loan_origination
TXN0002012,2025-10-17,CUST00249,P004,C003,Northeast,Rate Shopper,23107.34,184.86,Funded,False,loan_origination
TXN0002013,2025-01-02,CUST00246,P001,C001,West,Rate Shopper,28522.01,171.13,Funded,False,campaign_platform
TXN0002014,2026-08-10,CUST00255,P004,C003,Southwest,Rate Shopper,37601.25,300.81,Funded,False,loan_origination
TXN0002015,2025-07-26,CUST00454,P001,C004,Northeast,Rate Shopper,13616.85,81.7,Funded,True,loan_origination
TXN0002016,2025-09-08,CUST00017,P001,C004,Southeast,Borrower,21832.23,130.99,Funded,False,campaign_platform
TXN0002017,2026-01-31,CUST00102,P001,C005,Northeast,Emerging Affluent,26029.6,156.18,Funded,False,campaign_platform
TXN0002018,2026-01-02,CUST00041,P001,C005,West,Mass Affluent,16730.9,100.39,Funded,False,crm
TXN0002019,2026-01-15,CUST00165,P002,C001,Southwest,Digital Native,14470.32,57.88,Funded,False,crm
TXN0002020,2026-02-28,CUST00271,P002,C004,Northeast,Emerging Affluent,18649.05,74.6,Funded,False,crm
TXN0002021,2025-10-24,CUST00041,P003,C005,West,Mass Affluent,20609.21,659.49,Funded,False,loan_origination
TXN0002022,2025-10-16,CUST00314,P004,C003,West,Rate Shopper,16609.44,132.88,Funded,False,loan_origination
TXN0002023,2025-10-27,CUST00498,P003,C003,Midwest,Rate Shopper,14372.36,459.92,Funded,True,loan_origination
TXN0002024,2026-08-07,CUST00314,P001,C004,West,Rate Shopper,12602.74,75.62,Abandoned,False,crm
TXN0002025,2026-08-16,CUST00427,P003,C003,West,Rate Shopper,11035.27,353.13,Application Started,False,loan_origination
TXN0002026,2025-06-25,CUST00009,P005,C005,West,Emerging Affluent,3443.72,141.19,Funded,True,loan_origination
TXN0002027,2026-09-12,CUST00257,P004,C002,Southeast,Rate Shopper,19911.52,159.29,Funded,False,loan_origination
TXN0002028,2025-04-17,CUST00052,P002,C002,Southeast,Rate Shopper,12064.65,48.26,Abandoned,False,campaign_platform
TXN0002029,2025-04-28,CUST00067,P001,C002,Midwest,Rate Shopper,24822.88,148.94,Funded,False,loan_origination
TXN0002030,2026-01-15,CUST00099,P003,C004,West,Rate Shopper,7891.91,252.54,Funded,False,crm
TXN0002031,2025-09-08,CUST00440,P002,C001,Southeast,Digital Native,34993.45,139.97,Funded,False,campaign_platform
TXN0002032,2026-09-18,CUST00476,P001,C002,Southwest,Borrower,18340.67,110.04,Funded,True,marcus_web
TXN0002033,2025-05-20,CUST00073,P003,C001,Southwest,Mass Affluent,15116.73,483.74,Application Started,False,campaign_platform
TXN0002034,2026-09-02,CUST00443,P003,C005,Northeast,Mass Affluent,11127.34,356.07,Funded,False,loan_origination
TXN0002035,2026-07-23,CUST00322,P004,C001,Southeast,Emerging Affluent,41033.4,328.27,Funded,False,crm
TXN0002036,2026-01-05,CUST00484,P001,C003,West,Mass Affluent,11825.3,70.95,Funded,True,loan_origination
TXN0002037,2025-03-28,CUST00204,P004,C002,West,Mass Affluent,38148.13,305.19,Funded,True,crm
TXN0002038,2026-02-22,CUST00152,P002,C002,Southwest,Emerging Affluent,36705.57,146.82,Funded,False,crm
TXN0002039,2025-11-14,CUST00018,P002,C002,Midwest,Emerging Affluent,21202.56,84.81,Funded,False,marcus_web
TXN0002040,2026-08-17,CUST00155,P002,C004,Midwest,Mass Affluent,28585.25,114.34,Funded,False,campaign_platform
TXN0002041,2025-02-03,CUST00401,P005,C001,West,Digital Native,916.5,37.58,Abandoned,False,crm
TXN0002042,2026-08-20,CUST00292,P003,C004,Midwest,Rate Shopper,10981.42,351.41,Abandoned,True,marcus_web
TXN0002043,2025-10-20,CUST00332,P004,C004,Southwest,Mass Affluent,27535.69,220.29,Abandoned,False,loan_origination
TXN0002044,2026-07-04,CUST00030,P002,C002,West,Borrower,29910.15,119.64,Approved,False,marcus_web
TXN0002045,2026-09-17,CUST00084,P002,C005,Southeast,Rate Shopper,36297.29,145.19,Funded,False,loan_origination
TXN0002046,2025-07-25,CUST00374,P002,C002,Southeast,Mass Affluent,23607.83,94.43,Funded,False,crm
TXN0002047,2025-05-18,CUST00005,P002,C001,Northeast,Rate Shopper,21042.9,84.17,Funded,True,marcus_web
TXN0002048,2025-07-22,CUST00118,P001,C002,Northeast,Rate Shopper,25203.67,151.22,Funded,False,marcus_web
TXN0002049,2026-04-13,CUST00376,P001,C004,West,Mass Affluent,10325.75,61.95,Funded,False,campaign_platform
TXN0002050,2025-11-19,CUST00313,P005,C003,West,Mass Affluent,4743.59,194.49,Funded,False,crm
TXN0002051,2025-02-27,CUST00143,P003,C002,West,Borrower,24175.27,773.61,Application Started,False,loan_origination
TXN0002052,2025-08-29,CUST00418,P004,C002,Midwest,Mass Affluent,29860.35,238.88,Funded,True,crm
TXN0002053,2025-10-31,CUST00024,P002,C005,Northeast,Rate Shopper,4902.9,19.61,Approved,False,marcus_web
TXN0002054,2025-06-17,CUST00047,P004,C002,West,Digital Native,26809.97,214.48,Funded,True,marcus_web
TXN0002055,2026-03-26,CUST00452,P003,C001,West,Emerging Affluent,17694.29,566.22,Application Started,True,campaign_platform
TXN0002056,2026-05-23,CUST00374,P001,C004,Southeast,Mass Affluent,8728.87,52.37,Funded,True,marcus_web
TXN0002057,2025-09-28,CUST00319,P005,C002,Southeast,Borrower,4205.83,172.44,Funded,False,campaign_platform
TXN0002058,2025-12-14,CUST00079,P004,C002,Southeast,Rate Shopper,24249.07,193.99,Funded,False,crm
TXN0002059,2025-02-11,CUST00080,P003,C005,Midwest,Digital Native,16686.58,533.97,Funded,False,loan_origination
TXN0002060,2025-05-31,CUST00365,P003,C005,Northeast,Mass Affluent,8134.98,260.32,Abandoned,False,crm
TXN0002061,2025-07-10,CUST00232,P005,C001,Southeast,Emerging Affluent,3581.3,146.83,Abandoned,True,campaign_platform
TXN0002062,2025-08-30,CUST00495,P005,C001,Southwest,Digital Native,3476.04,142.52,Funded,False,campaign_platform
TXN0002063,2025-03-17,CUST00414,P005,C001,Southeast,Borrower,2857.71,117.17,Application Started,False,marcus_web
TXN0002064,2025-06-04,CUST00409,P002,C005,Northeast,Borrower,27850.58,111.4,Funded,False,loan_origination
TXN0002065,2026-09-05,CUST00356,P003,C002,Northeast,Emerging Affluent,10099.12,323.17,Approved,False,crm
TXN0002066,2026-02-02,CUST00090,P002,C004,Midwest,Mass Affluent,44897.07,179.59,Approved,True,campaign_platform
TXN0002067,2026-01-05,CUST00094,P002,C001,Southwest,Digital Native,30355.25,121.42,Funded,True,loan_origination
TXN0002068,2026-01-27,CUST00351,P003,C005,Northeast,Emerging Affluent,12240.85,391.71,Application Started,True,crm
TXN0002069,2025-07-20,CUST00379,P001,C005,West,Emerging Affluent,19537.32,117.22,Funded,False,marcus_web
TXN0002070,2026-05-27,CUST00157,P005,C005,West,Borrower,4085.54,167.51,Funded,False,loan_origination
TXN0002071,2025-01-22,CUST00007,P003,C004,Northeast,Mass Affluent,14745.25,471.85,Funded,False,loan_origination
TXN0002072,2025-07-14,CUST00037,P005,C003,Midwest,Mass Affluent,3047.99,124.97,Approved,False,loan_origination
TXN0002073,2026-03-14,CUST00320,P002,C004,Northeast,Borrower,22707.9,90.83,Abandoned,False,loan_origination
TXN0002074,2025-07-09,CUST00213,P002,C003,Midwest,Borrower,22152.43,88.61,Funded,False,loan_origination
TXN0002075,2026-01-03,CUST00407,P002,C002,Southwest,Mass Affluent,25378.67,101.51,Funded,False,marcus_web
TXN0002076,2025-01-29,CUST00073,P005,C002,Southwest,Mass Affluent,3113.62,127.66,Funded,False,crm
TXN0002077,2025-04-30,CUST00078,P005,C003,Southwest,Borrower,5491.87,225.17,Abandoned,False,crm
TXN0002078,2025-11-22,CUST00022,P002,C005,Northeast,Emerging Affluent,36298.67,145.19,Funded,False,campaign_platform
TXN0002079,2026-04-20,CUST00120,P004,C002,Midwest,Rate Shopper,15088.37,120.71,Funded,True,loan_origination
TXN0002080,2026-03-18,CUST00341,P002,C001,Southwest,Rate Shopper,11936.83,47.75,Funded,False,loan_origination
TXN0002081,2026-07-19,CUST00320,P005,C001,Northeast,Borrower,2806.65,115.07,Approved,True,marcus_web
TXN0002082,2026-07-02,CUST00023,P003,C005,Southeast,Borrower,17322.54,554.32,Application Started,True,crm
TXN0002083,2025-06-05,CUST00033,P001,C002,West,Borrower,27816.83,166.9,Approved,False,loan_origination
TXN0002084,2026-07-06,CUST00262,P001,C003,Northeast,Digital Native,24614.07,147.68,Funded,False,campaign_platform
TXN0002085,2025-11-02,CUST00275,P004,C004,Southwest,Borrower,24831.92,198.66,Funded,False,loan_origination
TXN0002086,2026-02-03,CUST00285,P005,C001,Southwest,Digital Native,2874.77,117.87,Funded,False,crm
TXN0002087,2026-02-02,CUST00429,P001,C001,Southwest,Mass Affluent,24345.92,146.08,Application Started,False,campaign_platform
TXN0002088,2025-12-02,CUST00126,P003,C005,Northeast,Mass Affluent,24961.71,798.77,Approved,False,campaign_platform
TXN0002089,2025-05-02,CUST00145,P004,C003,Northeast,Emerging Affluent,11812.72,94.5,Funded,False,marcus_web
TXN0002090,2025-05-29,CUST00313,P002,C004,West,Mass Affluent,18411.85,73.65,Funded,True,marcus_web
TXN0002091,2025-10-19,CUST00157,P001,C001,West,Borrower,20498.48,122.99,Funded,False,loan_origination
TXN0002092,2026-08-05,CUST00376,P004,C005,West,Mass Affluent,27025.27,216.2,Approved,False,marcus_web
TXN0002093,2026-04-03,CUST00047,P004,C005,West,Digital Native,29421.97,235.38,Funded,False,loan_origination
TXN0002094,2025-06-14,CUST00295,P005,C001,Northeast,Rate Shopper,4755.18,194.96,Funded,True,marcus_web
TXN0002095,2026-03-09,CUST00030,P002,C004,West,Borrower,13959.45,55.84,Approved,False,marcus_web
TXN0002096,2025-06-15,CUST00003,P003,C002,West,Mass Affluent,18955.44,606.57,Funded,True,campaign_platform
TXN0002097,2025-11-26,CUST00097,P001,C001,Northeast,Emerging Affluent,14211.2,85.27,Funded,True,crm
TXN0002098,2026-07-21,CUST00282,P001,C003,Midwest,Rate Shopper,13872.35,83.23,Funded,False,crm
TXN0002099,2025-03-05,CUST00338,P005,C005,Southwest,Borrower,4250.25,174.26,Funded,True,campaign_platform
TXN0002100,2025-08-21,CUST00388,P004,C002,Midwest,Mass Affluent,24839.97,198.72,Funded,False,crm
TXN0002101,2026-01-30,CUST00452,P005,C005,West,Emerging Affluent,2123.57,87.07,Funded,False,campaign_platform
TXN0002102,2025-12-11,CUST00461,P001,C005,West,Rate Shopper,6446.03,38.68,Funded,False,campaign_platform
TXN0002103,2025-04-18,CUST00091,P004,C004,Midwest,Borrower,22132.93,177.06,Abandoned,True,marcus_web
TXN0002104,2025-06-10,CUST00098,P002,C005,Southwest,Mass Affluent,38976.9,155.91,Funded,True,crm
TXN0002105,2025-08-18,CUST00051,P005,C005,Southeast,Rate Shopper,2779.07,113.94,Approved,False,marcus_web
TXN0002106,2025-01-21,CUST00271,P004,C003,Northeast,Emerging Affluent,26018.72,208.15,Funded,False,campaign_platform
TXN0002107,2026-03-09,CUST00198,P001,C001,Southeast,Borrower,18350.07,110.1,Application Started,True,marcus_web
TXN0002108,2025-03-18,CUST00439,P003,C002,Midwest,Mass Affluent,6369.02,203.81,Funded,False,campaign_platform
TXN0002109,2026-04-17,CUST00490,P004,C001,West,Mass Affluent,32330.95,258.65,Funded,False,crm
TXN0002110,2026-05-25,CUST00278,P003,C003,Southwest,Digital Native,10656.97,341.02,Funded,False,crm
TXN0002111,2026-01-13,CUST00360,P004,C004,Southeast,Mass Affluent,17232.99,137.86,Funded,False,loan_origination
TXN0002112,2025-11-28,CUST00295,P001,C002,Northeast,Rate Shopper,6964.4,41.79,Funded,False,crm
TXN0002113,2026-09-09,CUST00176,P003,C002,Southeast,Rate Shopper,13724.61,439.19,Funded,False,loan_origination
TXN0002114,2026-09-15,CUST00454,P002,C005,Northeast,Rate Shopper,36996.77,147.99,Funded,True,campaign_platform
TXN0002115,2026-03-10,CUST00074,P005,C004,Midwest,Borrower,250,10.25,Funded,False,campaign_platform
TXN0002116,2025-01-04,CUST00249,P001,C005,Northeast,Rate Shopper,6458.18,38.75,Funded,False,loan_origination
TXN0002117,2026-07-27,CUST00352,P004,C003,Midwest,Mass Affluent,15617.67,124.94,Funded,False,marcus_web
TXN0002118,2026-09-15,CUST00489,P005,C002,Southeast,Borrower,4445.48,182.26,Approved,False,marcus_web
TXN0002119,2025-10-23,CUST00211,P004,C002,West,Mass Affluent,26936.96,215.5,Funded,True,marcus_web
TXN0002120,2026-07-01,CUST00195,P003,C005,Midwest,Rate Shopper,9293.16,297.38,Funded,False,marcus_web
TXN0002121,2026-06-12,CUST00406,P005,C002,Northeast,Rate Shopper,3991.2,163.64,Funded,True,marcus_web
TXN0002122,2026-04-15,CUST00084,P004,C002,Southeast,Rate Shopper,7242.3,57.94,Funded,False,marcus_web
TXN0002123,2025-10-05,CUST00010,P005,C002,Southeast,Digital Native,2365.38,96.98,Funded,False,marcus_web
TXN0002124,2026-07-23,CUST00285,P005,C005,Southwest,Digital Native,3015.41,123.63,Funded,False,marcus_web
TXN0002125,2026-07-08,CUST00169,P004,C003,Southeast,Digital Native,11850.97,94.81,Approved,True,marcus_web
TXN0002126,2025-08-31,CUST00284,P003,C004,Southwest,Emerging Affluent,12276.96,392.86,Funded,False,campaign_platform
TXN0002127,2025-02-18,CUST00404,P003,C001,Midwest,Rate Shopper,16056.16,513.8,Funded,False,campaign_platform
TXN0002128,2025-12-31,CUST00053,P005,C005,West,Rate Shopper,3201.36,131.26,Funded,True,loan_origination
TXN0002129,2026-07-26,CUST00199,P003,C001,Southeast,Rate Shopper,14045.14,449.44,Application Started,False,loan_origination
TXN0002130,2025-02-23,CUST00222,P004,C005,Midwest,Digital Native,31915.73,255.33,Funded,False,marcus_web
TXN0002131,2026-04-29,CUST00335,P001,C005,Southwest,Digital Native,24789.42,148.74,Approved,True,crm
TXN0002132,2025-02-18,CUST00219,P003,C001,Midwest,Emerging Affluent,23361.84,747.58,Funded,False,loan_origination
TXN0002133,2026-09-08,CUST00487,P003,C002,West,Emerging Affluent,13253.23,424.1,Funded,False,campaign_platform
TXN0002134,2025-06-18,CUST00287,P004,C003,Northeast,Borrower,20709.11,165.67,Funded,True,crm
TXN0002135,2025-11-28,CUST00404,P002,C001,Midwest,Rate Shopper,37975.64,151.9,Funded,False,loan_origination
TXN0002136,2025-07-08,CUST00478,P004,C002,Midwest,Borrower,16337.22,130.7,Abandoned,True,marcus_web
TXN0002137,2025-10-29,CUST00170,P002,C002,Northeast,Borrower,24855.78,99.42,Funded,False,campaign_platform
TXN0002138,2025-11-30,CUST00156,P005,C003,Southwest,Digital Native,3301.4,135.36,Funded,True,campaign_platform
TXN0002139,2025-08-26,CUST00168,P002,C001,Southeast,Borrower,19008.89,76.04,Funded,True,crm
TXN0002140,2025-08-12,CUST00148,P003,C003,Southeast,Borrower,13558.34,433.87,Funded,False,marcus_web
TXN0002141,2025-05-11,CUST00002,P002,C004,Northeast,Borrower,14554.21,58.22,Abandoned,True,campaign_platform
TXN0002142,2026-05-22,CUST00122,P002,C004,Midwest,Mass Affluent,7814.4,31.26,Funded,False,crm
TXN0002143,2025-11-25,CUST00317,P003,C005,Midwest,Borrower,13453.4,430.51,Funded,True,loan_origination
TXN0002144,2025-11-17,CUST00088,P003,C002,Southwest,Digital Native,10156.76,325.02,Funded,True,loan_origination
TXN0002145,2025-03-28,CUST00251,P003,C005,Northeast,Emerging Affluent,12885.07,412.32,Application Started,False,marcus_web
TXN0002146,2025-04-05,CUST00186,P003,C005,Southwest,Rate Shopper,15040.17,481.29,Funded,False,loan_origination
TXN0002147,2025-08-08,CUST00242,P002,C003,Midwest,Mass Affluent,23763.07,95.05,Funded,False,loan_origination
TXN0002148,2025-12-31,CUST00058,P004,C001,Southwest,Borrower,25329.61,202.64,Funded,False,campaign_platform
TXN0002149,2026-09-10,CUST00103,P003,C003,West,Digital Native,15825.37,506.41,Funded,False,crm
TXN0002150,2025-08-11,CUST00100,P001,C005,Southwest,Mass Affluent,23429.85,140.58,Funded,False,marcus_web
TXN0002151,2026-06-18,CUST00353,P002,C002,Midwest,Borrower,50097.75,200.39,Funded,True,campaign_platform
TXN0002152,2026-07-25,CUST00260,P005,C002,Midwest,Emerging Affluent,1660.0,68.06,Funded,False,campaign_platform
TXN0002153,2025-01-10,CUST00279,P004,C002,Northeast,Emerging Affluent,19848.47,158.79,Funded,False,loan_origination
TXN0002154,2025-11-10,CUST00093,P001,C004,Southwest,Digital Native,25819.67,154.92,Funded,False,crm
TXN0002155,2026-05-10,CUST00475,P003,C002,Southeast,Emerging Affluent,17884.2,572.29,Funded,False,marcus_web
TXN0002156,2025-07-12,CUST00183,P004,C004,Southwest,Emerging Affluent,9530.31,76.24,Funded,False,campaign_platform
TXN0002157,2026-01-23,CUST00045,P004,C004,Midwest,Digital Native,31430.18,251.44,Funded,False,loan_origination
TXN0002158,2025-05-20,CUST00115,P002,C004,Midwest,Rate Shopper,21863.04,87.45,Funded,False,campaign_platform
TXN0002159,2025-12-16,CUST00323,P004,C003,Midwest,Rate Shopper,31691.96,253.54,Funded,True,marcus_web
TXN0002160,2026-09-02,CUST00058,P001,C005,Southwest,Borrower,20723.79,124.34,Funded,False,marcus_web
TXN0002161,2025-06-17,CUST00273,P002,C003,Northeast,Borrower,30291.28,121.17,Funded,False,loan_origination
TXN0002162,2025-10-29,CUST00464,P003,C002,West,Digital Native,15704.46,502.54,Funded,False,loan_origination
TXN0002163,2026-08-20,CUST00318,P005,C004,Midwest,Mass Affluent,2728.68,111.88,Application Started,False,campaign_platform
TXN0002164,2026-06-17,CUST00169,P005,C003,Southeast,Digital Native,3697.42,151.59,Funded,False,marcus_web
TXN0002165,2025-07-03,CUST00432,P005,C001,West,Borrower,3949.69,161.94,Funded,False,marcus_web
TXN0002166,2026-06-26,CUST00420,P002,C003,Southeast,Mass Affluent,34993.76,139.98,Funded,False,campaign_platform
TXN0002167,2025-01-15,CUST00461,P001,C004,West,Rate Shopper,27391.66,164.35,Funded,False,loan_origination
TXN0002168,2025-09-30,CUST00474,P003,C001,West,Emerging Affluent,10718.56,342.99,Approved,True,campaign_platform
TXN0002169,2026-02-05,CUST00390,P002,C005,Southeast,Mass Affluent,31418.66,125.67,Funded,True,marcus_web
TXN0002170,2025-12-16,CUST00108,P005,C005,Southwest,Emerging Affluent,3140.66,128.77,Approved,False,marcus_web
TXN0002171,2025-09-09,CUST00397,P001,C005,Southeast,Mass Affluent,3817.34,22.9,Application Started,True,loan_origination
TXN0002172,2026-09-25,CUST00296,P001,C001,Southeast,Digital Native,6303.87,37.82,Funded,False,crm
TXN0002173,2026-04-25,CUST00427,P001,C004,West,Rate Shopper,12636.84,75.82,Funded,False,campaign_platform
TXN0002174,2026-01-18,CUST00300,P002,C002,West,Borrower,22766.88,91.07,Funded,False,loan_origination
TXN0002175,2025-01-22,CUST00382,P005,C005,Southeast,Emerging Affluent,3235.74,132.67,Approved,False,loan_origination
TXN0002176,2025-01-21,CUST00100,P002,C004,Southwest,Mass Affluent,16439.82,65.76,Approved,True,crm
TXN0002177,2025-01-11,CUST00404,P005,C001,Midwest,Rate Shopper,3219.18,131.99,Funded,False,campaign_platform
TXN0002178,2025-12-24,CUST00158,P002,C003,Midwest,Emerging Affluent,45658.97,182.64,Funded,False,marcus_web
TXN0002179,2025-12-02,CUST00294,P001,C005,Midwest,Rate Shopper,23197.43,139.18,Application Started,False,marcus_web
TXN0002180,2025-05-19,CUST00146,P003,C001,West,Rate Shopper,6452.61,206.48,Funded,False,crm
TXN0002181,2026-06-28,CUST00206,P001,C003,West,Borrower,11850.89,71.11,Funded,False,marcus_web
TXN0002182,2026-09-06,CUST00112,P003,C005,Northeast,Rate Shopper,14618.62,467.8,Funded,True,loan_origination
TXN0002183,2025-01-08,CUST00124,P005,C001,West,Rate Shopper,2216.98,90.9,Abandoned,False,campaign_platform
TXN0002184,2026-04-07,CUST00047,P003,C003,West,Digital Native,9953.42,318.51,Funded,True,loan_origination
TXN0002185,2025-09-03,CUST00441,P004,C004,Midwest,Emerging Affluent,13404.84,107.24,Funded,False,marcus_web
TXN0002186,2025-09-10,CUST00052,P004,C003,Southeast,Rate Shopper,16932.63,135.46,Funded,False,marcus_web
TXN0002187,2025-09-03,CUST00338,P002,C005,Southwest,Borrower,21110.69,84.44,Funded,True,campaign_platform
TXN0002188,2025-01-05,CUST00393,P004,C004,West,Rate Shopper,22867.46,182.94,Funded,True,crm
TXN0002189,2025-09-19,CUST00267,P001,C004,West,Borrower,17531.43,105.19,Funded,True,marcus_web
TXN0002190,2025-07-29,CUST00320,P004,C003,Northeast,Borrower,36179.31,289.43,Funded,False,loan_origination
TXN0002191,2026-01-18,CUST00210,P003,C001,West,Emerging Affluent,15865.58,507.7,Funded,False,crm
TXN0002192,2025-09-28,CUST00252,P002,C001,Southwest,Borrower,26403.61,105.61,Funded,False,campaign_platform
TXN0002193,2025-09-27,CUST00069,P005,C001,Southwest,Mass Affluent,2077.55,85.18,Funded,False,crm
TXN0002194,2025-01-23,CUST00304,P003,C002,Northeast,Mass Affluent,8820.75,282.26,Funded,False,marcus_web
TXN0002195,2025-09-24,CUST00215,P004,C004,Northeast,Mass Affluent,16838.11,134.7,Funded,False,marcus_web
TXN0002196,2026-06-02,CUST00292,P002,C002,Midwest,Rate Shopper,9343.69,37.37,Funded,False,campaign_platform
TXN0002197,2025-12-26,CUST00392,P003,C003,West,Rate Shopper,20565.89,658.11,Application Started,False,campaign_platform
TXN0002198,2026-04-10,CUST00070,P004,C001,Southeast,Digital Native,29799.24,238.39,Funded,True,campaign_platform
TXN0002199,2025-05-03,CUST00413,P005,C005,Midwest,Digital Native,3655.53,149.88,Application Started,False,marcus_web
TXN0002200,2026-08-28,CUST00104,P003,C002,Southwest,Emerging Affluent,6209.6,198.71,Funded,False,marcus_web
TXN0002201,2026-07-16,CUST00260,P004,C002,Midwest,Emerging Affluent,11013.25,88.11,Funded,False,crm
TXN0002202,2026-05-02,CUST00110,P004,C003,Midwest,Digital Native,24103.47,192.83,Funded,False,marcus_web
TXN0002203,2025-01-13,CUST00120,P001,C005,Midwest,Rate Shopper,15789.93,94.74,Abandoned,True,campaign_platform
TXN0002204,2026-07-13,CUST00497,P001,C002,Southwest,Borrower,15853.2,95.12,Funded,True,loan_origination
TXN0002205,2025-09-26,CUST00404,P002,C001,Midwest,Rate Shopper,43684.76,174.74,Application Started,True,marcus_web
TXN0002206,2026-04-07,CUST00313,P001,C003,West,Mass Affluent,23049.26,138.3,Funded,True,loan_origination
TXN0002207,2026-05-22,CUST00034,P001,C001,Southeast,Digital Native,13531.12,81.19,Funded,False,crm
TXN0002208,2026-07-19,CUST00139,P003,C002,Southeast,Rate Shopper,5495.83,175.87,Funded,True,campaign_platform
TXN0002209,2025-04-12,CUST00366,P005,C003,West,Borrower,5638.1,231.16,Funded,True,campaign_platform
TXN0002210,2026-05-02,CUST00015,P005,C005,West,Mass Affluent,2487.53,101.99,Funded,False,loan_origination
TXN0002211,2025-07-29,CUST00444,P005,C004,Northeast,Mass Affluent,3640.32,149.25,Abandoned,False,crm
TXN0002212,2025-09-29,CUST00095,P003,C001,West,Mass Affluent,18981.19,607.4,Application Started,False,crm
TXN0002213,2025-04-21,CUST00089,P004,C001,Southeast,Emerging Affluent,11499.41,92.0,Funded,False,campaign_platform
TXN0002214,2025-02-21,CUST00051,P004,C002,Southeast,Rate Shopper,19751.75,158.01,Funded,True,campaign_platform
TXN0002215,2025-06-05,CUST00230,P002,C001,Northeast,Digital Native,27435.86,109.74,Funded,False,campaign_platform
TXN0002216,2025-03-13,CUST00458,P004,C002,Southeast,Rate Shopper,20074.99,160.6,Funded,True,marcus_web
TXN0002217,2026-05-03,CUST00006,P003,C004,West,Mass Affluent,13509.43,432.3,Funded,True,loan_origination
TXN0002218,2025-01-27,CUST00490,P005,C001,West,Mass Affluent,3030.62,124.26,Approved,True,campaign_platform
TXN0002219,2026-04-08,CUST00046,P002,C001,Northeast,Digital Native,28978.97,115.92,Funded,False,marcus_web
TXN0002220,2025-03-19,CUST00381,P005,C004,Southeast,Borrower,3637.41,149.13,Funded,False,crm
TXN0002221,2025-11-20,CUST00062,P001,C003,Southeast,Rate Shopper,24791.52,148.75,Funded,False,marcus_web
TXN0002222,2025-06-21,CUST00254,P001,C005,Northeast,Mass Affluent,10780.39,64.68,Funded,False,marcus_web
TXN0002223,2025-09-20,CUST00243,P001,C004,Southwest,Borrower,15765.15,94.59,Abandoned,True,crm
TXN0002224,2025-05-15,CUST00389,P003,C003,West,Mass Affluent,19366.43,619.73,Funded,True,campaign_platform
TXN0002225,2025-07-05,CUST00008,P002,C003,Southwest,Digital Native,29769.34,119.08,Approved,True,marcus_web
TXN0002226,2026-04-02,CUST00299,P003,C003,Midwest,Rate Shopper,21090.06,674.88,Approved,False,crm
TXN0002227,2025-08-02,CUST00193,P005,C001,West,Rate Shopper,2664.81,109.26,Funded,False,crm
TXN0002228,2026-02-23,CUST00473,P002,C004,Northeast,Emerging Affluent,18219.06,72.88,Funded,False,loan_origination
TXN0002229,2025-05-18,CUST00369,P005,C001,Southeast,Digital Native,3068.64,125.81,Funded,False,loan_origination
TXN0002230,2025-05-15,CUST00058,P004,C001,Southwest,Borrower,29024.84,232.2,Funded,False,marcus_web
TXN0002231,2025-04-04,CUST00164,P005,C005,Northeast,Emerging Affluent,3767.21,154.46,Application Started,False,loan_origination
TXN0002232,2026-02-28,CUST00376,P005,C005,West,Mass Affluent,4243.04,173.96,Funded,False,campaign_platform
TXN0002233,2026-01-24,CUST00065,P002,C004,Northeast,Rate Shopper,47636.15,190.54,Funded,True,campaign_platform
TXN0002234,2025-08-25,CUST00133,P001,C005,Midwest,Emerging Affluent,17924.56,107.55,Funded,False,marcus_web
TXN0002235,2025-02-03,CUST00290,P001,C005,Southwest,Mass Affluent,9254.46,55.53,Funded,True,loan_origination
TXN0002236,2026-08-08,CUST00023,P001,C004,Southeast,Borrower,18511.85,111.07,Approved,False,crm
TXN0002237,2025-07-22,CUST00202,P005,C002,Northeast,Digital Native,3889.98,159.49,Funded,True,campaign_platform
TXN0002238,2026-06-01,CUST00139,P004,C001,Southeast,Rate Shopper,1040.19,8.32,Funded,True,campaign_platform
TXN0002239,2025-07-11,CUST00164,P003,C004,Northeast,Emerging Affluent,20468.73,655.0,Funded,False,crm
TXN0002240,2025-01-15,CUST00381,P004,C002,Southeast,Borrower,34146.16,273.17,Funded,False,crm
TXN0002241,2025-03-04,CUST00390,P002,C001,Southeast,Mass Affluent,38818.17,155.27,Funded,False,campaign_platform
TXN0002242,2025-04-24,CUST00233,P002,C005,Northeast,Borrower,28539.87,114.16,Funded,True,marcus_web
TXN0002243,2026-02-20,CUST00063,P003,C001,Southwest,Rate Shopper,14828.34,474.51,Abandoned,False,campaign_platform
TXN0002244,2025-05-23,CUST00291,P002,C002,Southeast,Digital Native,25048.54,100.19,Funded,True,campaign_platform
TXN0002245,2026-08-15,CUST00380,P005,C005,Midwest,Digital Native,2932.46,120.23,Funded,False,loan_origination
TXN0002246,2026-07-15,CUST00154,P005,C001,Southwest,Digital Native,1381.19,56.63,Funded,False,campaign_platform
TXN0002247,2025-01-24,CUST00126,P001,C001,Northeast,Mass Affluent,28204.48,169.23,Abandoned,False,crm
TXN0002248,2025-04-10,CUST00128,P004,C001,Midwest,Mass Affluent,15281.46,122.25,Approved,True,campaign_platform
TXN0002249,2025-03-29,CUST00043,P001,C005,Southeast,Emerging Affluent,14136.03,84.82,Funded,False,loan_origination
TXN0002250,2026-08-11,CUST00169,P005,C002,Southeast,Digital Native,4700.19,192.71,Abandoned,False,marcus_web
TXN0002251,2025-03-12,CUST00097,P003,C001,Northeast,Emerging Affluent,11572.48,370.32,Funded,False,marcus_web
TXN0002252,2026-08-12,CUST00229,P003,C004,West,Borrower,17905.15,572.96,Funded,True,loan_origination
TXN0002253,2026-03-29,CUST00442,P004,C004,West,Mass Affluent,23525.7,188.21,Funded,True,marcus_web
TXN0002254,2025-04-04,CUST00415,P002,C005,West,Mass Affluent,29519.16,118.08,Funded,True,crm
TXN0002255,2026-04-03,CUST00335,P002,C005,Southwest,Digital Native,13741.99,54.97,Abandoned,True,campaign_platform
TXN0002256,2025-12-21,CUST00073,P001,C005,Southwest,Mass Affluent,11873.68,71.24,Funded,True,loan_origination
TXN0002257,2026-04-24,CUST00353,P003,C002,Midwest,Borrower,16086.16,514.76,Funded,True,loan_origination
TXN0002258,2026-04-11,CUST00082,P002,C003,West,Borrower,47660.96,190.64,Funded,False,crm
TXN0002259,2025-05-23,CUST00318,P001,C005,Midwest,Mass Affluent,12636.11,75.82,Funded,False,marcus_web
TXN0002260,2025-12-21,CUST00322,P002,C003,Southeast,Emerging Affluent,24292.62,97.17,Funded,False,campaign_platform
TXN0002261,2026-04-21,CUST00059,P001,C001,West,Rate Shopper,14442.42,86.65,Funded,False,marcus_web
TXN0002262,2025-09-06,CUST00044,P002,C005,Midwest,Emerging Affluent,23039.54,92.16,Funded,False,marcus_web
TXN0002263,2025-05-11,CUST00046,P002,C002,Northeast,Digital Native,824.97,3.3,Funded,True,marcus_web
TXN0002264,2026-06-30,CUST00065,P001,C003,Northeast,Rate Shopper,10081.61,60.49,Approved,True,campaign_platform
TXN0002265,2025-09-22,CUST00223,P003,C002,West,Emerging Affluent,11398.54,364.75,Abandoned,False,crm
TXN0002266,2026-03-06,CUST00458,P002,C004,Southeast,Rate Shopper,41053.04,164.21,Abandoned,False,loan_origination
TXN0002267,2026-09-29,CUST00197,P001,C001,Northeast,Emerging Affluent,21937.77,131.63,Funded,False,crm
TXN0002268,2025-06-02,CUST00494,P003,C004,Southeast,Emerging Affluent,16460.7,526.74,Funded,False,campaign_platform
TXN0002269,2026-07-02,CUST00043,P004,C004,Southeast,Emerging Affluent,30897.27,247.18,Approved,False,crm
TXN0002270,2026-02-08,CUST00423,P004,C002,West,Emerging Affluent,37964.06,303.71,Funded,True,campaign_platform
TXN0002271,2025-12-26,CUST00434,P004,C004,Southeast,Emerging Affluent,34249.13,273.99,Abandoned,False,loan_origination
TXN0002272,2026-02-23,CUST00040,P005,C004,Southeast,Rate Shopper,2387.2,97.88,Application Started,False,loan_origination
TXN0002273,2026-04-30,CUST00405,P005,C003,Midwest,Rate Shopper,2750.86,112.79,Funded,True,crm
TXN0002274,2026-02-27,CUST00186,P001,C001,Southwest,Rate Shopper,18530.12,111.18,Abandoned,True,loan_origination
TXN0002275,2025-11-05,CUST00257,P005,C004,Southeast,Rate Shopper,3772.18,154.66,Funded,True,crm
TXN0002276,2026-03-06,CUST00158,P001,C003,Midwest,Emerging Affluent,17460.23,104.76,Application Started,False,crm
TXN0002277,2025-03-30,CUST00486,P001,C002,Southeast,Rate Shopper,13371.38,80.23,Application Started,False,loan_origination
TXN0002278,2026-08-12,CUST00084,P003,C003,Southeast,Rate Shopper,20690.69,662.1,Approved,True,campaign_platform
TXN0002279,2025-04-01,CUST00338,P003,C003,Southwest,Borrower,14741.21,471.72,Approved,False,crm
TXN0002280,2026-06-28,CUST00280,P005,C001,Southeast,Borrower,2685.71,110.11,Funded,True,campaign_platform
TXN0002281,2025-12-12,CUST00120,P003,C002,Midwest,Rate Shopper,10544.99,337.44,Funded,False,crm
TXN0002282,2026-06-14,CUST00371,P001,C005,Southwest,Emerging Affluent,8030.78,48.18,Funded,False,marcus_web
TXN0002283,2025-01-19,CUST00208,P004,C003,Southwest,Borrower,19988.73,159.91,Funded,True,marcus_web
TXN0002284,2025-07-20,CUST00083,P003,C003,Midwest,Mass Affluent,16390.78,524.5,Funded,True,crm
TXN0002285,2026-02-16,CUST00127,P001,C001,Southwest,Rate Shopper,26220.69,157.32,Abandoned,False,crm
TXN0002286,2026-06-02,CUST00255,P002,C001,Southwest,Rate Shopper,31088.79,124.36,Funded,False,crm
TXN0002287,2025-04-18,CUST00084,P001,C002,Southeast,Rate Shopper,11399.09,68.39,Funded,False,marcus_web
TXN0002288,2025-02-03,CUST00042,P001,C003,Northeast,Digital Native,13533.74,81.2,Abandoned,True,campaign_platform
TXN0002289,2025-04-20,CUST00417,P001,C002,Southwest,Digital Native,18009.85,108.06,Funded,False,campaign_platform
TXN0002290,2025-06-09,CUST00024,P001,C004,Northeast,Rate Shopper,10621.0,63.73,Approved,False,marcus_web
TXN0002291,2025-04-11,CUST00370,P005,C003,Southwest,Rate Shopper,2401.39,98.46,Abandoned,False,loan_origination
TXN0002292,2025-05-04,CUST00445,P003,C001,Northeast,Digital Native,12455.94,398.59,Funded,False,loan_origination
TXN0002293,2025-06-19,CUST00115,P003,C005,Midwest,Rate Shopper,14204.7,454.55,Abandoned,False,campaign_platform
TXN0002294,2025-05-21,CUST00268,P001,C004,West,Emerging Affluent,16702.72,100.22,Approved,False,marcus_web
TXN0002295,2025-04-25,CUST00367,P002,C004,Southeast,Mass Affluent,31209.2,124.84,Funded,False,marcus_web
TXN0002296,2025-06-08,CUST00399,P005,C004,Northeast,Borrower,3022.14,123.91,Funded,True,campaign_platform
TXN0002297,2025-05-04,CUST00129,P004,C004,Midwest,Borrower,13346.71,106.77,Application Started,True,campaign_platform
TXN0002298,2025-07-06,CUST00287,P001,C001,Northeast,Borrower,16395.29,98.37,Approved,False,loan_origination
TXN0002299,2026-05-28,CUST00402,P003,C004,Midwest,Borrower,17534.89,561.12,Funded,False,crm
TXN0002300,2026-02-09,CUST00409,P002,C002,Northeast,Borrower,28132.5,112.53,Abandoned,True,marcus_web
TXN0002301,2026-01-29,CUST00201,P005,C001,Northeast,Digital Native,1679.01,68.84,Funded,False,loan_origination
TXN0002302,2026-02-03,CUST00204,P004,C001,West,Mass Affluent,14152.44,113.22,Approved,False,loan_origination
TXN0002303,2025-05-02,CUST00034,P004,C005,Southeast,Digital Native,22385.4,179.08,Application Started,False,crm
TXN0002304,2025-04-29,CUST00046,P003,C001,Northeast,Digital Native,24377.1,780.07,Application Started,False,crm
TXN0002305,2026-05-07,CUST00199,P001,C001,Southeast,Rate Shopper,21966.26,131.8,Funded,False,loan_origination
TXN0002306,2025-08-05,CUST00458,P002,C003,Southeast,Rate Shopper,24096.71,96.39,Approved,False,crm
TXN0002307,2026-07-09,CUST00296,P002,C003,Southeast,Digital Native,33868.4,135.47,Funded,True,marcus_web
TXN0002308,2025-03-18,CUST00379,P004,C005,West,Emerging Affluent,14811.16,118.49,Approved,False,crm
TXN0002309,2026-01-13,CUST00024,P002,C001,Northeast,Rate Shopper,34811.83,139.25,Approved,False,campaign_platform
TXN0002310,2025-09-08,CUST00358,P003,C004,Northeast,Rate Shopper,11896.11,380.68,Funded,False,loan_origination
TXN0002311,2025-04-03,CUST00120,P003,C005,Midwest,Rate Shopper,18251.62,584.05,Application Started,False,loan_origination
TXN0002312,2025-09-23,CUST00467,P004,C004,Midwest,Emerging Affluent,25789.0,206.31,Approved,True,campaign_platform
TXN0002313,2026-04-29,CUST00439,P001,C003,Midwest,Mass Affluent,18115.47,108.69,Approved,False,marcus_web
TXN0002314,2026-04-05,CUST00071,P005,C001,Northeast,Borrower,4215.13,172.82,Application Started,False,marcus_web
TXN0002315,2026-01-17,CUST00069,P002,C005,Southwest,Mass Affluent,28049.03,112.2,Funded,False,crm
TXN0002316,2026-04-18,CUST00193,P001,C005,West,Rate Shopper,10639.52,63.84,Funded,False,marcus_web
TXN0002317,2026-03-22,CUST00079,P003,C003,Southeast,Rate Shopper,15013.5,480.43,Funded,False,campaign_platform
TXN0002318,2026-01-02,CUST00240,P002,C001,Southeast,Rate Shopper,8853.58,35.41,Funded,True,campaign_platform
TXN0002319,2026-04-20,CUST00105,P001,C005,Midwest,Mass Affluent,22455.52,134.73,Funded,False,crm
TXN0002320,2025-04-11,CUST00247,P001,C002,Southwest,Borrower,22317.86,133.91,Funded,False,crm
TXN0002321,2026-03-29,CUST00272,P001,C002,Northeast,Mass Affluent,17293.89,103.76,Funded,False,campaign_platform
TXN0002322,2025-02-21,CUST00344,P002,C004,Midwest,Emerging Affluent,30520.89,122.08,Funded,True,loan_origination
TXN0002323,2026-02-17,CUST00395,P004,C005,Northeast,Borrower,38183.73,305.47,Funded,False,loan_origination
TXN0002324,2026-03-15,CUST00024,P004,C004,Northeast,Rate Shopper,20086.09,160.69,Funded,True,campaign_platform
TXN0002325,2026-05-05,CUST00350,P002,C002,Southeast,Rate Shopper,44644.3,178.58,Approved,False,crm
TXN0002326,2026-05-03,CUST00373,P005,C004,West,Emerging Affluent,2455.96,100.69,Funded,True,crm
TXN0002327,2026-06-01,CUST00112,P005,C004,Northeast,Rate Shopper,3987.01,163.47,Funded,False,marcus_web
TXN0002328,2026-06-20,CUST00409,P003,C005,Northeast,Borrower,8546.73,273.5,Abandoned,False,crm
TXN0002329,2026-01-15,CUST00091,P001,C003,Midwest,Borrower,18837.6,113.03,Funded,True,crm
TXN0002330,2026-03-05,CUST00243,P002,C005,Southwest,Borrower,19779.9,79.12,Approved,False,loan_origination
TXN0002331,2025-09-21,CUST00306,P004,C004,Southwest,Mass Affluent,23109.02,184.87,Funded,False,campaign_platform
TXN0002332,2026-05-28,CUST00231,P001,C004,West,Digital Native,12603.29,75.62,Funded,False,loan_origination
TXN0002333,2026-03-23,CUST00177,P003,C002,Southwest,Borrower,18483.88,591.48,Application Started,True,loan_origination
TXN0002334,2025-08-04,CUST00076,P002,C004,Southwest,Digital Native,16861.95,67.45,Application Started,False,crm
TXN0002335,2025-03-03,CUST00234,P002,C002,Midwest,Mass Affluent,25403.75,101.62,Funded,False,marcus_web
TXN0002336,2026-01-15,CUST00390,P001,C004,Southeast,Mass Affluent,14234.3,85.41,Funded,False,marcus_web
TXN0002337,2026-03-10,CUST00496,P004,C001,West,Emerging Affluent,28859.84,230.88,Funded,False,loan_origination
TXN0002338,2026-07-20,CUST00059,P003,C003,West,Rate Shopper,22077.69,706.49,Funded,False,marcus_web
TXN0002339,2026-03-12,CUST00192,P002,C001,West,Rate Shopper,28141.03,112.56,Funded,False,crm
TXN0002340,2026-08-06,CUST00016,P002,C004,Southwest,Mass Affluent,26671.25,106.69,Approved,True,loan_origination
TXN0002341,2026-05-23,CUST00095,P004,C003,West,Mass Affluent,23293.46,186.35,Funded,False,campaign_platform
TXN0002342,2025-03-24,CUST00238,P001,C002,Midwest,Borrower,16040.88,96.25,Funded,True,marcus_web
TXN0002343,2025-02-03,CUST00455,P003,C001,Southeast,Rate Shopper,13636.19,436.36,Funded,False,crm
TXN0002344,2026-08-15,CUST00130,P003,C004,Northeast,Emerging Affluent,17761.58,568.37,Funded,True,campaign_platform
TXN0002345,2026-03-31,CUST00082,P005,C003,West,Borrower,2439.17,100.01,Funded,False,marcus_web
TXN0002346,2025-09-24,CUST00380,P004,C003,Midwest,Digital Native,24332.89,194.66,Funded,False,loan_origination
TXN0002347,2026-09-12,CUST00056,P005,C002,Northeast,Mass Affluent,3396.13,139.24,Funded,False,crm
TXN0002348,2026-08-10,CUST00277,P001,C002,Southwest,Digital Native,24927.69,149.57,Funded,False,loan_origination
TXN0002349,2026-07-31,CUST00334,P001,C003,Southeast,Rate Shopper,18903.08,113.42,Application Started,False,campaign_platform
TXN0002350,2026-04-10,CUST00203,P003,C002,Northeast,Rate Shopper,12878.07,412.1,Application Started,False,loan_origination
TXN0002351,2026-05-16,CUST00183,P002,C005,Southwest,Emerging Affluent,25543.6,102.17,Funded,True,marcus_web
TXN0002352,2025-11-05,CUST00259,P005,C004,Southwest,Emerging Affluent,5054.0,207.21,Approved,False,campaign_platform
TXN0002353,2025-06-23,CUST00187,P004,C001,Northeast,Emerging Affluent,23061.14,184.49,Approved,True,crm
TXN0002354,2025-07-10,CUST00305,P001,C002,Midwest,Borrower,18249.84,109.5,Approved,False,loan_origination
TXN0002355,2025-02-03,CUST00452,P002,C005,West,Emerging Affluent,24823.4,99.29,Application Started,False,crm
TXN0002356,2025-07-17,CUST00461,P002,C003,West,Rate Shopper,38611.03,154.44,Funded,True,crm
TXN0002357,2025-02-11,CUST00126,P003,C001,Northeast,Mass Affluent,17288.49,553.23,Funded,False,marcus_web
TXN0002358,2025-12-12,CUST00059,P005,C002,West,Rate Shopper,4092.97,167.81,Funded,False,marcus_web
TXN0002359,2026-06-01,CUST00116,P004,C005,Midwest,Borrower,27411.38,219.29,Funded,False,crm
TXN0002360,2025-06-16,CUST00387,P002,C002,West,Emerging Affluent,11152.66,44.61,Funded,True,crm
TXN0002361,2025-01-08,CUST00304,P004,C002,Northeast,Mass Affluent,22678.12,181.42,Funded,False,crm
TXN0002362,2025-10-04,CUST00063,P002,C003,Southwest,Rate Shopper,24967.22,99.87,Funded,False,marcus_web
TXN0002363,2026-02-07,CUST00228,P003,C005,Midwest,Emerging Affluent,10509.27,336.3,Funded,True,marcus_web
TXN0002364,2026-05-24,CUST00061,P002,C002,Southeast,Mass Affluent,44763.99,179.06,Funded,True,campaign_platform
TXN0002365,2025-10-12,CUST00159,P005,C003,West,Rate Shopper,4505.57,184.73,Funded,False,loan_origination
TXN0002366,2025-07-28,CUST00329,P001,C005,Southeast,Mass Affluent,29580.57,177.48,Application Started,False,marcus_web
TXN0002367,2026-02-10,CUST00301,P002,C002,West,Emerging Affluent,13104.09,52.42,Funded,False,campaign_platform
TXN0002368,2026-04-30,CUST00066,P004,C003,Northeast,Digital Native,25969.14,207.75,Funded,False,campaign_platform
TXN0002369,2025-05-26,CUST00129,P004,C001,Midwest,Borrower,17115.08,136.92,Funded,False,crm
TXN0002370,2026-08-31,CUST00014,P001,C005,Southwest,Borrower,5370.79,32.22,Funded,False,loan_origination
TXN0002371,2025-03-04,CUST00162,P002,C003,Southwest,Rate Shopper,32346.02,129.38,Funded,False,loan_origination
TXN0002372,2025-04-07,CUST00182,P001,C003,West,Emerging Affluent,27178.44,163.07,Funded,False,crm
TXN0002373,2025-11-03,CUST00052,P005,C001,Southeast,Rate Shopper,3365.07,137.97,Funded,False,campaign_platform
TXN0002374,2026-04-23,CUST00327,P002,C003,Southwest,Mass Affluent,45078.82,180.32,Funded,True,loan_origination
TXN0002375,2025-04-06,CUST00441,P002,C002,Midwest,Emerging Affluent,20062.06,80.25,Approved,False,loan_origination
TXN0002376,2026-08-28,CUST00359,P005,C001,Midwest,Rate Shopper,3191.12,130.84,Funded,False,marcus_web
TXN0002377,2026-05-20,CUST00155,P005,C004,Midwest,Mass Affluent,4460.86,182.9,Funded,False,crm
TXN0002378,2026-08-27,CUST00451,P002,C002,Southwest,Emerging Affluent,29834.87,119.34,Funded,False,loan_origination
TXN0002379,2025-02-28,CUST00049,P003,C005,West,Emerging Affluent,17370.58,555.86,Funded,False,campaign_platform
TXN0002380,2025-12-08,CUST00141,P001,C005,Southwest,Mass Affluent,24106.59,144.64,Funded,False,loan_origination
TXN0002381,2025-07-16,CUST00377,P005,C005,Northeast,Mass Affluent,3870.29,158.68,Abandoned,False,campaign_platform
TXN0002382,2026-02-19,CUST00364,P004,C002,Southwest,Borrower,13560.29,108.48,Approved,True,loan_origination
TXN0002383,2026-08-22,CUST00204,P004,C002,West,Mass Affluent,23320.1,186.56,Abandoned,False,loan_origination
TXN0002384,2026-08-23,CUST00378,P003,C001,West,Emerging Affluent,9764.35,312.46,Funded,False,crm
TXN0002385,2025-04-19,CUST00094,P003,C001,Southwest,Digital Native,9870.04,315.84,Approved,False,campaign_platform
TXN0002386,2025-06-26,CUST00087,P003,C004,Southwest,Borrower,13517.38,432.56,Funded,True,loan_origination
TXN0002387,2025-04-03,CUST00451,P002,C001,Southwest,Emerging Affluent,30417.24,121.67,Funded,False,marcus_web
TXN0002388,2025-06-29,CUST00148,P005,C005,Southeast,Borrower,2650.45,108.67,Funded,False,campaign_platform
TXN0002389,2025-02-10,CUST00202,P002,C004,Northeast,Digital Native,33329.1,133.32,Funded,False,loan_origination
TXN0002390,2026-01-05,CUST00424,P001,C005,Southwest,Digital Native,22748.48,136.49,Funded,True,campaign_platform
TXN0002391,2025-01-20,CUST00429,P003,C001,Southwest,Mass Affluent,13065.03,418.08,Funded,False,crm
TXN0002392,2026-07-06,CUST00126,P003,C002,Northeast,Mass Affluent,7641.05,244.51,Funded,True,loan_origination
TXN0002393,2025-03-30,CUST00429,P004,C001,Southwest,Mass Affluent,27187.59,217.5,Application Started,False,campaign_platform
TXN0002394,2025-05-28,CUST00495,P001,C005,Southwest,Digital Native,16610.22,99.66,Funded,False,loan_origination
TXN0002395,2025-04-24,CUST00205,P003,C004,Midwest,Borrower,21974.47,703.18,Application Started,True,campaign_platform
TXN0002396,2025-10-16,CUST00446,P002,C004,Southwest,Rate Shopper,19738.95,78.96,Funded,False,loan_origination
TXN0002397,2025-11-30,CUST00006,P001,C005,West,Mass Affluent,18529.33,111.18,Funded,True,campaign_platform
TXN0002398,2025-04-24,CUST00338,P002,C002,Southwest,Borrower,32778.93,131.12,Funded,False,crm
TXN0002399,2025-01-13,CUST00403,P004,C001,West,Borrower,13488.71,107.91,Funded,False,campaign_platform
TXN0002400,2025-04-12,CUST00154,P002,C002,Southwest,Digital Native,13891.92,55.57,Funded,True,loan_origination
TXN0002401,2025-07-02,CUST00060,P002,C004,Midwest,Digital Native,13501.93,54.01,Funded,False,campaign_platform
TXN0002402,2025-08-02,CUST00458,P001,C004,Southeast,Rate Shopper,20075.54,120.45,Approved,False,crm
TXN0002403,2026-03-15,CUST00320,P001,C003,Northeast,Borrower,20578.56,123.47,Application Started,True,campaign_platform
TXN0002404,2026-09-27,CUST00011,P001,C004,Southeast,Borrower,11347.5,68.09,Funded,True,loan_origination
TXN0002405,2025-06-22,CUST00358,P002,C001,Northeast,Rate Shopper,25467.18,101.87,Funded,False,marcus_web
TXN0002406,2025-08-13,CUST00394,P004,C002,Northeast,Rate Shopper,27270.67,218.17,Funded,False,loan_origination
TXN0002407,2026-02-03,CUST00408,P002,C005,West,Mass Affluent,17742.52,70.97,Approved,True,loan_origination
TXN0002408,2026-01-14,CUST00448,P003,C005,Southeast,Rate Shopper,12060.58,385.94,Approved,False,crm
TXN0002409,2025-02-12,CUST00215,P005,C005,Northeast,Mass Affluent,2957.57,121.26,Funded,False,loan_origination
TXN0002410,2026-09-02,CUST00033,P001,C001,West,Borrower,24941.18,149.65,Funded,False,loan_origination
TXN0002411,2025-10-02,CUST00321,P003,C004,Midwest,Borrower,16811.41,537.97,Funded,False,marcus_web
TXN0002412,2025-08-14,CUST00428,P001,C005,Midwest,Mass Affluent,23577.66,141.47,Funded,True,campaign_platform
TXN0002413,2026-02-25,CUST00026,P003,C004,Southeast,Rate Shopper,14155.8,452.99,Funded,False,loan_origination
TXN0002414,2025-02-22,CUST00142,P002,C004,Southwest,Digital Native,19147.13,76.59,Funded,False,campaign_platform
TXN0002415,2025-09-20,CUST00432,P003,C004,West,Borrower,22339.99,714.88,Funded,False,crm
TXN0002416,2026-01-12,CUST00207,P005,C001,Northeast,Mass Affluent,1876.92,76.95,Funded,False,marcus_web
TXN0002417,2026-09-16,CUST00266,P003,C005,Midwest,Digital Native,3699.49,118.38,Funded,False,crm
TXN0002418,2026-06-14,CUST00296,P001,C001,Southeast,Digital Native,11561.45,69.37,Funded,True,campaign_platform
TXN0002419,2025-01-21,CUST00333,P005,C004,Southeast,Emerging Affluent,2995.26,122.81,Funded,False,marcus_web
TXN0002420,2025-09-11,CUST00173,P001,C002,Southeast,Digital Native,22478.98,134.87,Funded,False,crm
TXN0002421,2026-05-10,CUST00109,P001,C004,Northeast,Borrower,12264.62,73.59,Funded,False,marcus_web
TXN0002422,2025-07-07,CUST00281,P002,C002,Northeast,Mass Affluent,15964.63,63.86,Funded,False,campaign_platform
TXN0002423,2025-03-25,CUST00467,P005,C003,Midwest,Emerging Affluent,1751.79,71.82,Funded,False,campaign_platform
TXN0002424,2025-12-04,CUST00169,P002,C005,Southeast,Digital Native,16321.28,65.29,Funded,False,marcus_web
TXN0002425,2026-08-10,CUST00199,P004,C002,Southeast,Rate Shopper,16355.93,130.85,Approved,False,campaign_platform
TXN0002426,2025-11-27,CUST00205,P001,C003,Midwest,Borrower,20742.37,124.45,Application Started,False,loan_origination
TXN0002427,2025-05-01,CUST00293,P002,C002,Southeast,Rate Shopper,25876.43,103.51,Funded,False,marcus_web
TXN0002428,2025-01-31,CUST00280,P004,C004,Southeast,Borrower,19483.46,155.87,Funded,True,marcus_web
TXN0002429,2025-06-16,CUST00391,P001,C004,West,Digital Native,3770.1,22.62,Application Started,True,crm
TXN0002430,2025-07-01,CUST00484,P005,C005,West,Mass Affluent,1852.81,75.97,Approved,False,marcus_web
TXN0002431,2025-06-13,CUST00345,P005,C005,West,Borrower,1763.7,72.31,Funded,False,crm
TXN0002432,2025-04-03,CUST00396,P002,C004,Northeast,Digital Native,27721.32,110.89,Funded,False,marcus_web
TXN0002433,2026-09-18,CUST00274,P004,C003,West,Borrower,21388.36,171.11,Funded,True,crm
TXN0002434,2025-12-01,CUST00498,P001,C002,Midwest,Rate Shopper,24402.59,146.42,Funded,False,marcus_web
TXN0002435,2026-08-03,CUST00058,P003,C003,Southwest,Borrower,10438.39,334.03,Funded,False,crm
TXN0002436,2026-07-06,CUST00033,P005,C003,West,Borrower,2453.76,100.6,Funded,True,loan_origination
TXN0002437,2025-10-06,CUST00311,P005,C002,West,Rate Shopper,3478.97,142.64,Approved,True,crm
TXN0002438,2025-03-19,CUST00416,P001,C002,West,Digital Native,31816.03,190.9,Funded,False,campaign_platform
TXN0002439,2026-01-31,CUST00242,P005,C001,Midwest,Mass Affluent,1350.13,55.36,Funded,True,marcus_web
TXN0002440,2025-02-23,CUST00176,P005,C005,Southeast,Rate Shopper,1127.66,46.23,Funded,False,loan_origination
TXN0002441,2026-06-08,CUST00452,P005,C002,West,Emerging Affluent,3250.68,133.28,Abandoned,False,marcus_web
TXN0002442,2025-06-09,CUST00244,P001,C005,West,Rate Shopper,18188.96,109.13,Funded,False,campaign_platform
TXN0002443,2025-02-01,CUST00451,P001,C002,Southwest,Emerging Affluent,10182.06,61.09,Funded,False,marcus_web
TXN0002444,2025-06-03,CUST00233,P002,C004,Northeast,Borrower,26026.83,104.11,Funded,False,campaign_platform
TXN0002445,2025-11-03,CUST00282,P002,C003,Midwest,Rate Shopper,31608.49,126.43,Abandoned,False,marcus_web
TXN0002446,2026-06-04,CUST00235,P002,C005,Southwest,Rate Shopper,19979.18,79.92,Funded,False,crm
TXN0002447,2025-04-01,CUST00329,P004,C003,Southeast,Mass Affluent,30540.85,244.33,Funded,False,marcus_web
TXN0002448,2025-04-23,CUST00369,P005,C004,Southeast,Digital Native,3835.56,157.26,Funded,False,campaign_platform
TXN0002449,2025-02-03,CUST00068,P001,C005,Northeast,Mass Affluent,6144.42,36.87,Funded,True,marcus_web
TXN0002450,2025-07-19,CUST00326,P002,C004,Midwest,Digital Native,23563.18,94.25,Funded,False,loan_origination
TXN0002451,2026-09-02,CUST00138,P002,C003,Midwest,Rate Shopper,16917.88,67.67,Funded,False,campaign_platform
TXN0002452,2025-07-02,CUST00461,P001,C001,West,Rate Shopper,24194.81,145.17,Funded,False,crm
TXN0002453,2025-08-09,CUST00153,P002,C003,Northeast,Rate Shopper,25468.79,101.88,Funded,False,crm
TXN0002454,2025-01-10,CUST00235,P003,C002,Southwest,Rate Shopper,15037.78,481.21,Funded,False,campaign_platform
TXN0002455,2026-09-17,CUST00208,P001,C002,Southwest,Borrower,10381.26,62.29,Funded,False,loan_origination
TXN0002456,2025-05-17,CUST00125,P004,C003,Midwest,Borrower,31112.38,248.9,Application Started,False,loan_origination
TXN0002457,2025-08-16,CUST00022,P003,C003,Northeast,Emerging Affluent,12799.44,409.58,Funded,True,campaign_platform
TXN0002458,2025-01-17,CUST00405,P003,C003,Midwest,Rate Shopper,9439.76,302.07,Abandoned,False,loan_origination
TXN0002459,2025-05-31,CUST00431,P005,C005,Northeast,Mass Affluent,4873.87,199.83,Funded,False,crm
TXN0002460,2026-02-14,CUST00266,P003,C003,Midwest,Digital Native,21520.67,688.66,Funded,False,crm
TXN0002461,2026-01-26,CUST00119,P004,C001,West,Digital Native,14946.06,119.57,Approved,False,campaign_platform
TXN0002462,2025-05-13,CUST00146,P005,C001,West,Rate Shopper,3914.08,160.48,Funded,False,campaign_platform
TXN0002463,2025-02-21,CUST00496,P002,C002,West,Emerging Affluent,32781.15,131.12,Funded,True,campaign_platform
TXN0002464,2025-01-12,CUST00289,P005,C002,Midwest,Rate Shopper,2983.62,122.33,Funded,False,campaign_platform
TXN0002465,2026-02-22,CUST00486,P005,C005,Southeast,Rate Shopper,4248.46,174.19,Funded,False,crm
TXN0002466,2025-09-11,CUST00302,P005,C005,Northeast,Emerging Affluent,5320.6,218.14,Funded,False,campaign_platform
TXN0002467,2026-06-12,CUST00443,P004,C005,Northeast,Mass Affluent,13223.14,105.79,Funded,False,campaign_platform
TXN0002468,2025-09-10,CUST00007,P003,C001,Northeast,Mass Affluent,15831.59,506.61,Funded,True,loan_origination
TXN0002469,2025-04-08,CUST00459,P005,C002,Southwest,Emerging Affluent,2488.6,102.03,Approved,False,marcus_web
TXN0002470,2025-01-11,CUST00080,P002,C004,Midwest,Digital Native,38358.91,153.44,Funded,False,loan_origination
TXN0002471,2026-02-13,CUST00153,P001,C004,Northeast,Rate Shopper,23271.1,139.63,Approved,True,loan_origination
TXN0002472,2025-10-19,CUST00380,P002,C001,Midwest,Digital Native,37433.96,149.74,Approved,False,crm
TXN0002473,2025-07-29,CUST00154,P001,C001,Southwest,Digital Native,9804.18,58.83,Funded,False,campaign_platform
TXN0002474,2026-09-20,CUST00068,P001,C005,Northeast,Mass Affluent,17142.77,102.86,Funded,False,campaign_platform
TXN0002475,2025-10-31,CUST00153,P002,C002,Northeast,Rate Shopper,34093.87,136.38,Abandoned,False,marcus_web
TXN0002476,2025-12-11,CUST00266,P002,C002,Midwest,Digital Native,22409.48,89.64,Application Started,True,campaign_platform
TXN0002477,2025-04-15,CUST00219,P004,C005,Midwest,Emerging Affluent,17696.12,141.57,Application Started,False,marcus_web
TXN0002478,2026-07-01,CUST00333,P003,C004,Southeast,Emerging Affluent,11755.06,376.16,Funded,True,campaign_platform
TXN0002479,2025-01-03,CUST00338,P003,C002,Southwest,Borrower,9568.46,306.19,Funded,False,loan_origination
TXN0002480,2025-01-07,CUST00246,P002,C003,West,Rate Shopper,30075.19,120.3,Funded,False,loan_origination
TXN0002481,2025-06-17,CUST00252,P003,C001,Southwest,Borrower,9070.22,290.25,Funded,False,loan_origination
TXN0002482,2025-01-14,CUST00436,P004,C001,West,Borrower,40097.72,320.78,Funded,False,crm
TXN0002483,2026-05-24,CUST00329,P002,C001,Southeast,Mass Affluent,35750.11,143.0,Funded,True,crm
TXN0002484,2025-12-08,CUST00495,P001,C002,Southwest,Digital Native,17654.31,105.93,Application Started,False,marcus_web
TXN0002485,2026-05-11,CUST00303,P002,C005,Midwest,Rate Shopper,30652.02,122.61,Funded,False,loan_origination
TXN0002486,2026-04-05,CUST00437,P003,C003,Southwest,Rate Shopper,19778.06,632.9,Funded,False,loan_origination
TXN0002487,2026-03-31,CUST00253,P004,C001,Midwest,Emerging Affluent,21987.58,175.9,Application Started,False,loan_origination
TXN0002488,2026-02-28,CUST00034,P001,C004,Southeast,Digital Native,10208.66,61.25,Funded,False,marcus_web
TXN0002489,2026-07-25,CUST00403,P004,C001,West,Borrower,34644.11,277.15,Funded,False,crm
TXN0002490,2025-12-22,CUST00443,P005,C005,Northeast,Mass Affluent,776.98,31.86,Funded,False,crm
TXN0002491,2026-09-12,CUST00498,P003,C001,Midwest,Rate Shopper,17037.16,545.19,Funded,True,loan_origination
TXN0002492,2025-11-25,CUST00279,P001,C001,Northeast,Emerging Affluent,10587.07,63.52,Application Started,False,loan_origination
TXN0002493,2026-01-10,CUST00368,P005,C004,Southwest,Rate Shopper,3211.72,131.68,Abandoned,True,campaign_platform
TXN0002494,2025-02-21,CUST00421,P004,C001,West,Borrower,33409.39,267.28,Funded,False,marcus_web
TXN0002495,2025-11-16,CUST00368,P003,C003,Southwest,Rate Shopper,17523.32,560.75,Funded,False,crm
TXN0002496,2025-01-25,CUST00092,P001,C005,Midwest,Emerging Affluent,21403.41,128.42,Funded,False,campaign_platform
TXN0002497,2025-09-02,CUST00394,P002,C001,Northeast,Rate Shopper,6078.4,24.31,Funded,False,loan_origination
TXN0002498,2026-07-01,CUST00322,P001,C004,Southeast,Emerging Affluent,16792.74,100.76,Funded,True,loan_origination
TXN0002499,2025-04-03,CUST00081,P005,C003,Midwest,Mass Affluent,4280.66,175.51,Funded,False,crm
TXN0002500,2025-12-17,CUST00444,P002,C002,Northeast,Mass Affluent,25309.64,101.24,Approved,True,marcus_web
